date,ticker,name,rank,foreign_net_buy,close,kospi_close,news_count,logged_at
2023-01-02,005380,현대차,1,39666160000,157000,2225.67,,2026-08-18T22:39:37+09:00
2023-01-02,000270,기아,2,22735219100,61500,2225.67,,2026-08-18T22:39:37+09:00
2023-01-02,051910,LG화학,3,11831905000,604000,2225.67,,2026-08-18T22:39:37+09:00
2023-01-02,035420,NAVER,4,11603439000,179500,2225.67,,2026-08-18T22:39:37+09:00
2023-01-02,000660,SK하이닉스,5,7982737100,75700,2225.67,,2026-08-18T22:39:37+09:00
2023-01-02,017670,SK텔레콤,6,7415665250,47250,2225.67,,2026-08-18T22:39:37+09:00
2023-01-02,005935,삼성전자우,7,6472034100,50800,2225.67,,2026-08-18T22:39:37+09:00
2023-01-02,033780,KT&G,8,5155682300,89000,2225.67,,2026-08-18T22:39:37+09:00
2023-01-02,010060,OCI,9,4579150700,78100,2225.67,,2026-08-18T22:39:37+09:00
2023-01-02,096770,SK이노베이션,10,4255760000,155000,2225.67,,2026-08-18T22:39:37+09:00
2023-01-02,377300,카카오페이,11,3847616200,53700,2225.67,,2026-08-18T22:39:37+09:00
2023-01-02,175330,JB금융지주,12,3770501720,7870,2225.67,,2026-08-18T22:39:37+09:00
2023-01-02,086790,하나금융지주,13,3525331200,40800,2225.67,,2026-08-18T22:39:37+09:00
2023-01-02,008770,호텔신라,14,3404178100,81500,2225.67,,2026-08-18T22:39:37+09:00
2023-01-02,028670,팬오션,15,3065201120,5500,2225.67,,2026-08-18T22:39:37+09:00
2023-01-02,302440,SK바이오사이언스,16,3062312900,73500,2225.67,,2026-08-18T22:39:37+09:00
2023-01-02,014680,한솔케미칼,17,3018149000,186000,2225.67,,2026-08-18T22:39:37+09:00
2023-01-02,128940,한미약품,18,3002236500,279500,2225.67,,2026-08-18T22:39:37+09:00
2023-01-02,006400,삼성SDI,19,2825053000,602000,2225.67,,2026-08-18T22:39:37+09:00
2023-01-02,005300,롯데칠성,20,2504796500,169500,2225.67,,2026-08-18T22:39:37+09:00
2023-01-03,017390,서울가스,1,33655155500,434500,2218.68,,2026-08-18T22:39:38+09:00
2023-01-03,005930,삼성전자,2,16898341300,55400,2218.68,,2026-08-18T22:39:38+09:00
2023-01-03,006400,삼성SDI,3,16662335000,605000,2218.68,,2026-08-18T22:39:38+09:00
2023-01-03,010130,고려아연,4,14582426000,526000,2218.68,,2026-08-18T22:39:38+09:00
2023-01-03,009150,삼성전기,5,13092287500,139500,2218.68,,2026-08-18T22:39:38+09:00
2023-01-03,035720,카카오,6,12919606200,53300,2218.68,,2026-08-18T22:39:38+09:00
2023-01-03,000270,기아,7,9861680200,62400,2218.68,,2026-08-18T22:39:38+09:00
2023-01-03,036570,엔씨소프트,8,9479593500,454000,2218.68,,2026-08-18T22:39:38+09:00
2023-01-03,105560,KB금융,9,8764441250,49050,2218.68,,2026-08-18T22:39:38+09:00
2023-01-03,011790,SKC,10,8384023400,87900,2218.68,,2026-08-18T22:39:38+09:00
2023-01-03,352820,하이브,11,7524444500,176500,2218.68,,2026-08-18T22:39:38+09:00
2023-01-03,097950,CJ제일제당,12,7325492000,369000,2218.68,,2026-08-18T22:39:38+09:00
2023-01-03,086790,하나금융지주,13,7035827400,41700,2218.68,,2026-08-18T22:39:38+09:00
2023-01-03,005380,현대차,14,6487682000,159000,2218.68,,2026-08-18T22:39:38+09:00
2023-01-03,055550,신한지주,15,6359976450,35000,2218.68,,2026-08-18T22:39:38+09:00
2023-01-03,259960,크래프톤,16,6020743000,166500,2218.68,,2026-08-18T22:39:38+09:00
2023-01-03,271560,오리온,17,5847712000,122500,2218.68,,2026-08-18T22:39:38+09:00
2023-01-03,033780,KT&G,18,5698616400,88900,2218.68,,2026-08-18T22:39:38+09:00
2023-01-03,035420,NAVER,19,5528879000,178500,2218.68,,2026-08-18T22:39:38+09:00
2023-01-03,010060,OCI,20,4792421600,79900,2218.68,,2026-08-18T22:39:38+09:00
2023-01-04,005930,삼성전자,1,176638461800,57800,2255.98,,2026-08-18T22:39:39+09:00
2023-01-04,000660,SK하이닉스,2,59327111200,81000,2255.98,,2026-08-18T22:39:39+09:00
2023-01-04,035720,카카오,3,17539116500,55700,2255.98,,2026-08-18T22:39:39+09:00
2023-01-04,086790,하나금융지주,4,13542824500,43800,2255.98,,2026-08-18T22:39:39+09:00
2023-01-04,035420,NAVER,5,13030380500,182500,2255.98,,2026-08-18T22:39:39+09:00
2023-01-04,006400,삼성SDI,6,11776668000,603000,2255.98,,2026-08-18T22:39:39+09:00
2023-01-04,066570,LG전자,7,11652034100,89700,2255.98,,2026-08-18T22:39:39+09:00
2023-01-04,316140,우리금융지주,8,10857266150,11900,2255.98,,2026-08-18T22:39:39+09:00
2023-01-04,271560,오리온,9,10469209000,118000,2255.98,,2026-08-18T22:39:39+09:00
2023-01-04,005380,현대차,10,10417374000,160500,2255.98,,2026-08-18T22:39:39+09:00
2023-01-04,009540,한국조선해양,11,8333890400,74400,2255.98,,2026-08-18T22:39:39+09:00
2023-01-04,055550,신한지주,12,7675997850,36400,2255.98,,2026-08-18T22:39:39+09:00
2023-01-04,323410,카카오뱅크,13,7315378900,25400,2255.98,,2026-08-18T22:39:39+09:00
2023-01-04,108320,LX세미콘,14,6034162500,75800,2255.98,,2026-08-18T22:39:39+09:00
2023-01-04,051910,LG화학,15,5746704000,601000,2255.98,,2026-08-18T22:39:39+09:00
2023-01-04,402340,SK스퀘어,16,5356878500,33450,2255.98,,2026-08-18T22:39:39+09:00
2023-01-04,010130,고려아연,17,4948806000,522000,2255.98,,2026-08-18T22:39:39+09:00
2023-01-04,007700,F&F홀딩스,18,4820347650,33700,2255.98,,2026-08-18T22:39:39+09:00
2023-01-04,005490,POSCO홀딩스,19,4596580500,274500,2255.98,,2026-08-18T22:39:39+09:00
2023-01-04,034220,LG디스플레이,20,4489020300,13000,2255.98,,2026-08-18T22:39:39+09:00
2023-01-05,005930,삼성전자,1,205082429700,58200,2264.65,,2026-08-18T22:39:39+09:00
2023-01-05,000660,SK하이닉스,2,38252581200,81400,2264.65,,2026-08-18T22:39:39+09:00
2023-01-05,323410,카카오뱅크,3,35377395400,27300,2264.65,,2026-08-18T22:39:39+09:00
2023-01-05,086790,하나금융지주,4,33857538000,46950,2264.65,,2026-08-18T22:39:39+09:00
2023-01-05,055550,신한지주,5,33801297800,39450,2264.65,,2026-08-18T22:39:39+09:00
2023-01-05,105560,KB금융,6,30158130900,53900,2264.65,,2026-08-18T22:39:39+09:00
2023-01-05,009150,삼성전기,7,28492853000,145000,2264.65,,2026-08-18T22:39:39+09:00
2023-01-05,005935,삼성전자우,8,21984058100,53600,2264.65,,2026-08-18T22:39:39+09:00
2023-01-05,010130,고려아연,9,14694636000,518000,2264.65,,2026-08-18T22:39:39+09:00
2023-01-05,207940,삼성바이오로직스,10,13270357000,808000,2264.65,,2026-08-18T22:39:39+09:00
2023-01-05,008770,호텔신라,11,12015186000,85000,2264.65,,2026-08-18T22:39:39+09:00
2023-01-05,090430,아모레퍼시픽,12,10479026500,137500,2264.65,,2026-08-18T22:39:39+09:00
2023-01-05,316140,우리금융지주,13,9957221500,12400,2264.65,,2026-08-18T22:39:39+09:00
2023-01-05,005490,POSCO홀딩스,14,9705905500,278500,2264.65,,2026-08-18T22:39:39+09:00
2023-01-05,259960,크래프톤,15,8243512500,165500,2264.65,,2026-08-18T22:39:39+09:00
2023-01-05,035420,NAVER,16,7818071500,186000,2264.65,,2026-08-18T22:39:39+09:00
2023-01-05,051900,LG생활건강,17,7700639000,730000,2264.65,,2026-08-18T22:39:39+09:00
2023-01-05,035720,카카오,18,7143411900,57700,2264.65,,2026-08-18T22:39:39+09:00
2023-01-05,352820,하이브,19,7009114500,172000,2264.65,,2026-08-18T22:39:39+09:00
2023-01-05,066570,LG전자,20,6829941000,89900,2264.65,,2026-08-18T22:39:39+09:00
2023-01-06,005930,삼성전자,1,136024007500,59000,2289.97,,2026-08-18T22:39:40+09:00
2023-01-06,105560,KB금융,2,45851036700,56700,2289.97,,2026-08-18T22:39:40+09:00
2023-01-06,086790,하나금융지주,3,22193886150,48800,2289.97,,2026-08-18T22:39:40+09:00
2023-01-06,055550,신한지주,4,17896989550,40600,2289.97,,2026-08-18T22:39:40+09:00
2023-01-06,051910,LG화학,5,16273761000,594000,2289.97,,2026-08-18T22:39:40+09:00
2023-01-06,373220,LG에너지솔루션,6,12576564500,444000,2289.97,,2026-08-18T22:39:40+09:00
2023-01-06,005490,POSCO홀딩스,7,12288620000,286000,2289.97,,2026-08-18T22:39:40+09:00
2023-01-06,034020,두산에너빌리티,8,10712561600,15500,2289.97,,2026-08-18T22:39:40+09:00
2023-01-06,005380,현대차,9,8897447500,159500,2289.97,,2026-08-18T22:39:40+09:00
2023-01-06,003670,포스코케미칼,10,8287938000,188500,2289.97,,2026-08-18T22:39:40+09:00
2023-01-06,064350,현대로템,11,5644998200,26100,2289.97,,2026-08-18T22:39:40+09:00
2023-01-06,033780,KT&G,12,5580604900,89500,2289.97,,2026-08-18T22:39:40+09:00
2023-01-06,024110,기업은행,13,5535316040,10200,2289.97,,2026-08-18T22:39:40+09:00
2023-01-06,097950,CJ제일제당,14,5265982500,340000,2289.97,,2026-08-18T22:39:40+09:00
2023-01-06,004690,삼천리,15,4988816500,426000,2289.97,,2026-08-18T22:39:40+09:00
2023-01-06,032830,삼성생명,16,4787018800,72400,2289.97,,2026-08-18T22:39:40+09:00
2023-01-06,000810,삼성화재,17,4523017000,204000,2289.97,,2026-08-18T22:39:40+09:00
2023-01-06,011070,LG이노텍,18,4514371500,272000,2289.97,,2026-08-18T22:39:40+09:00
2023-01-06,012450,한화에어로스페이스,19,4309554900,67000,2289.97,,2026-08-18T22:39:40+09:00
2023-01-06,138040,메리츠금융지주,20,4285482650,37600,2289.97,,2026-08-18T22:39:40+09:00
2023-01-09,005930,삼성전자,1,184434931000,60700,2350.19,,2026-08-18T22:39:41+09:00
2023-01-09,000660,SK하이닉스,2,76723239600,86000,2350.19,,2026-08-18T22:39:41+09:00
2023-01-09,035420,NAVER,3,67794256500,196500,2350.19,,2026-08-18T22:39:41+09:00
2023-01-09,000270,기아,4,39598049900,64100,2350.19,,2026-08-18T22:39:41+09:00
2023-01-09,055550,신한지주,5,17031630700,40350,2350.19,,2026-08-18T22:39:41+09:00
2023-01-09,051900,LG생활건강,6,17009783000,766000,2350.19,,2026-08-18T22:39:41+09:00
2023-01-09,323410,카카오뱅크,7,16889458000,28500,2350.19,,2026-08-18T22:39:41+09:00
2023-01-09,005380,현대차,8,13918677000,164000,2350.19,,2026-08-18T22:39:41+09:00
2023-01-09,035720,카카오,9,13384383500,61100,2350.19,,2026-08-18T22:39:41+09:00
2023-01-09,090430,아모레퍼시픽,10,12988576000,145000,2350.19,,2026-08-18T22:39:41+09:00
2023-01-09,034020,두산에너빌리티,11,12075940500,16250,2350.19,,2026-08-18T22:39:41+09:00
2023-01-09,373220,LG에너지솔루션,12,12059198000,464000,2350.19,,2026-08-18T22:39:41+09:00
2023-01-09,352820,하이브,13,9823171500,173500,2350.19,,2026-08-18T22:39:41+09:00
2023-01-09,105560,KB금융,14,9612370200,57200,2350.19,,2026-08-18T22:39:41+09:00
2023-01-09,036570,엔씨소프트,15,9115472500,441000,2350.19,,2026-08-18T22:39:41+09:00
2023-01-09,096770,SK이노베이션,16,8709836500,152500,2350.19,,2026-08-18T22:39:41+09:00
2023-01-09,066570,LG전자,17,8276116600,95100,2350.19,,2026-08-18T22:39:41+09:00
2023-01-09,259960,크래프톤,18,7607984500,171500,2350.19,,2026-08-18T22:39:41+09:00
2023-01-09,383220,F&F,19,7406494000,131500,2350.19,,2026-08-18T22:39:41+09:00
2023-01-09,010950,S-Oil,20,7255458500,79300,2350.19,,2026-08-18T22:39:41+09:00
2023-01-10,000660,SK하이닉스,1,62657930500,86500,2351.31,,2026-08-18T22:39:41+09:00
2023-01-10,005930,삼성전자,2,37414327600,60400,2351.31,,2026-08-18T22:39:41+09:00
2023-01-10,009150,삼성전기,3,15747158500,146500,2351.31,,2026-08-18T22:39:41+09:00
2023-01-10,032830,삼성생명,4,10881782900,71100,2351.31,,2026-08-18T22:39:41+09:00
2023-01-10,005935,삼성전자우,5,9546757900,55000,2351.31,,2026-08-18T22:39:41+09:00
2023-01-10,005490,POSCO홀딩스,6,9263601000,291000,2351.31,,2026-08-18T22:39:41+09:00
2023-01-10,010950,S-Oil,7,7176630100,81600,2351.31,,2026-08-18T22:39:41+09:00
2023-01-10,011070,LG이노텍,8,6421764000,275500,2351.31,,2026-08-18T22:39:41+09:00
2023-01-10,024110,기업은행,9,6344727800,10150,2351.31,,2026-08-18T22:39:41+09:00
2023-01-10,175330,JB금융지주,10,5463115920,8980,2351.31,,2026-08-18T22:39:41+09:00
2023-01-10,108320,LX세미콘,11,4574649900,78800,2351.31,,2026-08-18T22:39:41+09:00
2023-01-10,377300,카카오페이,12,4404753600,67200,2351.31,,2026-08-18T22:39:41+09:00
2023-01-10,036570,엔씨소프트,13,4020502500,454000,2351.31,,2026-08-18T22:39:41+09:00
2023-01-10,316140,우리금융지주,14,3938377650,12700,2351.31,,2026-08-18T22:39:41+09:00
2023-01-10,373220,LG에너지솔루션,15,3914359500,473500,2351.31,,2026-08-18T22:39:41+09:00
2023-01-10,000150,두산,16,3553089600,89600,2351.31,,2026-08-18T22:39:41+09:00
2023-01-10,008770,호텔신라,17,3281395300,83600,2351.31,,2026-08-18T22:39:41+09:00
2023-01-10,030000,제일기획,18,3212724350,22600,2351.31,,2026-08-18T22:39:41+09:00
2023-01-10,004020,현대제철,19,2992639300,33350,2351.31,,2026-08-18T22:39:41+09:00
2023-01-10,138930,BNK금융지주,20,2459938400,6880,2351.31,,2026-08-18T22:39:41+09:00
2023-01-11,000660,SK하이닉스,1,73234144000,87300,2359.53,,2026-08-18T22:39:42+09:00
2023-01-11,096770,SK이노베이션,2,25844448500,153500,2359.53,,2026-08-18T22:39:42+09:00
2023-01-11,012450,한화에어로스페이스,3,22796312400,73600,2359.53,,2026-08-18T22:39:42+09:00
2023-01-11,361610,SK아이이테크놀로지,4,13255163600,61700,2359.53,,2026-08-18T22:39:42+09:00
2023-01-11,003670,포스코케미칼,5,13045246000,194500,2359.53,,2026-08-18T22:39:42+09:00
2023-01-11,005490,POSCO홀딩스,6,12656458000,292000,2359.53,,2026-08-18T22:39:42+09:00
2023-01-11,006400,삼성SDI,7,9566580000,624000,2359.53,,2026-08-18T22:39:42+09:00
2023-01-11,005930,삼성전자,8,7448726400,60500,2359.53,,2026-08-18T22:39:42+09:00
2023-01-11,001570,금양,9,6504832150,25350,2359.53,,2026-08-18T22:39:42+09:00
2023-01-11,051900,LG생활건강,10,5968925000,768000,2359.53,,2026-08-18T22:39:42+09:00
2023-01-11,010060,OCI,11,4524723500,83900,2359.53,,2026-08-18T22:39:42+09:00
2023-01-11,032830,삼성생명,12,4020216000,71000,2359.53,,2026-08-18T22:39:42+09:00
2023-01-11,024110,기업은행,13,3868430300,10100,2359.53,,2026-08-18T22:39:42+09:00
2023-01-11,298050,효성첨단소재,14,3365573500,379000,2359.53,,2026-08-18T22:39:42+09:00
2023-01-11,006110,삼아알미늄,15,3296249300,41150,2359.53,,2026-08-18T22:39:42+09:00
2023-01-11,012330,현대모비스,16,3198421000,217500,2359.53,,2026-08-18T22:39:42+09:00
2023-01-11,009150,삼성전기,17,3154644500,145000,2359.53,,2026-08-18T22:39:42+09:00
2023-01-11,006360,GS건설,18,3108282900,23200,2359.53,,2026-08-18T22:39:42+09:00
2023-01-11,000720,현대건설,19,2937912900,37350,2359.53,,2026-08-18T22:39:42+09:00
2023-01-11,090430,아모레퍼시픽,20,2796280000,144000,2359.53,,2026-08-18T22:39:42+09:00
2023-01-12,005930,삼성전자,1,104595453900,60500,2365.1,,2026-08-18T22:39:43+09:00
2023-01-12,000660,SK하이닉스,2,91054599500,86800,2365.1,,2026-08-18T22:39:43+09:00
2023-01-12,005380,현대차,3,39095941500,166500,2365.1,,2026-08-18T22:39:43+09:00
2023-01-12,006400,삼성SDI,4,29089066000,629000,2365.1,,2026-08-18T22:39:43+09:00
2023-01-12,005490,POSCO홀딩스,5,22763706000,291000,2365.1,,2026-08-18T22:39:43+09:00
2023-01-12,051910,LG화학,6,19150599000,637000,2365.1,,2026-08-18T22:39:43+09:00
2023-01-12,361610,SK아이이테크놀로지,7,14713412900,64700,2365.1,,2026-08-18T22:39:43+09:00
2023-01-12,036570,엔씨소프트,8,12144223000,449000,2365.1,,2026-08-18T22:39:43+09:00
2023-01-12,112610,씨에스윈드,9,11236992800,73400,2365.1,,2026-08-18T22:39:43+09:00
2023-01-12,012450,한화에어로스페이스,10,10157132900,78700,2365.1,,2026-08-18T22:39:43+09:00
2023-01-12,068270,셀트리온,11,8989055000,168000,2365.1,,2026-08-18T22:39:43+09:00
2023-01-12,105560,KB금융,12,8412821700,56500,2365.1,,2026-08-18T22:39:43+09:00
2023-01-12,035720,카카오,13,8350932000,61500,2365.1,,2026-08-18T22:39:43+09:00
2023-01-12,034020,두산에너빌리티,14,8200897650,16900,2365.1,,2026-08-18T22:39:43+09:00
2023-01-12,086790,하나금융지주,15,7538828750,48100,2365.1,,2026-08-18T22:39:43+09:00
2023-01-12,138040,메리츠금융지주,16,7411651400,42200,2365.1,,2026-08-18T22:39:43+09:00
2023-01-12,028260,삼성물산,17,6987574500,117000,2365.1,,2026-08-18T22:39:43+09:00
2023-01-12,034730,SK,18,6973630500,190500,2365.1,,2026-08-18T22:39:43+09:00
2023-01-12,009150,삼성전기,19,6957309500,144500,2365.1,,2026-08-18T22:39:43+09:00
2023-01-12,032830,삼성생명,20,6903661900,70700,2365.1,,2026-08-18T22:39:43+09:00
2023-01-13,005930,삼성전자,1,84832599200,60800,2386.09,,2026-08-18T22:39:43+09:00
2023-01-13,005490,POSCO홀딩스,2,62944052500,305000,2386.09,,2026-08-18T22:39:43+09:00
2023-01-13,005380,현대차,3,30062865000,169000,2386.09,,2026-08-18T22:39:43+09:00
2023-01-13,000660,SK하이닉스,4,22318506200,85700,2386.09,,2026-08-18T22:39:43+09:00
2023-01-13,047810,한국항공우주,5,21361653550,49700,2386.09,,2026-08-18T22:39:43+09:00
2023-01-13,011200,HMM,6,20097432150,21350,2386.09,,2026-08-18T22:39:43+09:00
2023-01-13,009830,한화솔루션,7,19853327350,47850,2386.09,,2026-08-18T22:39:43+09:00
2023-01-13,377300,카카오페이,8,19049715700,70600,2386.09,,2026-08-18T22:39:43+09:00
2023-01-13,012450,한화에어로스페이스,9,15798774000,80200,2386.09,,2026-08-18T22:39:43+09:00
2023-01-13,008770,호텔신라,10,15642580600,82500,2386.09,,2026-08-18T22:39:43+09:00
2023-01-13,086790,하나금융지주,11,14567500550,49500,2386.09,,2026-08-18T22:39:43+09:00
2023-01-13,000270,기아,12,14455249400,65300,2386.09,,2026-08-18T22:39:43+09:00
2023-01-13,051910,LG화학,13,11666696000,644000,2386.09,,2026-08-18T22:39:43+09:00
2023-01-13,316140,우리금융지주,14,10869250200,12750,2386.09,,2026-08-18T22:39:43+09:00
2023-01-13,373220,LG에너지솔루션,15,10640692000,478000,2386.09,,2026-08-18T22:39:43+09:00
2023-01-13,003490,대한항공,16,9993431500,24400,2386.09,,2026-08-18T22:39:43+09:00
2023-01-13,032830,삼성생명,17,9716356400,71800,2386.09,,2026-08-18T22:39:43+09:00
2023-01-13,064350,현대로템,18,8617726000,28400,2386.09,,2026-08-18T22:39:43+09:00
2023-01-13,051900,LG생활건강,19,8237331000,744000,2386.09,,2026-08-18T22:39:43+09:00
2023-01-13,004020,현대제철,20,7752862750,34500,2386.09,,2026-08-18T22:39:43+09:00
2023-01-16,055550,신한지주,1,75748482150,43800,2399.86,,2026-08-18T22:39:44+09:00
2023-01-16,005930,삼성전자,2,66743865100,61100,2399.86,,2026-08-18T22:39:44+09:00
2023-01-16,086790,하나금융지주,3,42881859700,52600,2399.86,,2026-08-18T22:39:44+09:00
2023-01-16,105560,KB금융,4,28449756600,60000,2399.86,,2026-08-18T22:39:44+09:00
2023-01-16,012450,한화에어로스페이스,5,23702488800,80800,2399.86,,2026-08-18T22:39:44+09:00
2023-01-16,323410,카카오뱅크,6,23051404000,29450,2399.86,,2026-08-18T22:39:44+09:00
2023-01-16,373220,LG에너지솔루션,7,18724363000,480500,2399.86,,2026-08-18T22:39:44+09:00
2023-01-16,009150,삼성전기,8,13124118000,149000,2399.86,,2026-08-18T22:39:44+09:00
2023-01-16,000270,기아,9,9961310600,64600,2399.86,,2026-08-18T22:39:44+09:00
2023-01-16,011070,LG이노텍,10,9675603000,278000,2399.86,,2026-08-18T22:39:44+09:00
2023-01-16,005490,POSCO홀딩스,11,9368462500,311000,2399.86,,2026-08-18T22:39:44+09:00
2023-01-16,051900,LG생활건강,12,7126596000,755000,2399.86,,2026-08-18T22:39:44+09:00
2023-01-16,009830,한화솔루션,13,7013831650,47000,2399.86,,2026-08-18T22:39:44+09:00
2023-01-16,017670,SK텔레콤,14,6637730800,46600,2399.86,,2026-08-18T22:39:44+09:00
2023-01-16,316140,우리금융지주,15,6477541050,13300,2399.86,,2026-08-18T22:39:44+09:00
2023-01-16,259960,크래프톤,16,6337956500,175500,2399.86,,2026-08-18T22:39:44+09:00
2023-01-16,000660,SK하이닉스,17,5581239800,85800,2399.86,,2026-08-18T22:39:44+09:00
2023-01-16,138930,BNK금융지주,18,5543016170,7240,2399.86,,2026-08-18T22:39:44+09:00
2023-01-16,088980,맥쿼리인프라,19,5323036200,11750,2399.86,,2026-08-18T22:39:44+09:00
2023-01-16,035720,카카오,20,4834472400,64500,2399.86,,2026-08-18T22:39:44+09:00
2023-01-17,005930,삼성전자,1,68725331800,61000,2379.39,,2026-08-18T22:39:45+09:00
2023-01-17,000270,기아,2,27533705200,65000,2379.39,,2026-08-18T22:39:45+09:00
2023-01-17,086790,하나금융지주,3,20968145400,52200,2379.39,,2026-08-18T22:39:45+09:00
2023-01-17,055550,신한지주,4,16900093350,43300,2379.39,,2026-08-18T22:39:45+09:00
2023-01-17,051910,LG화학,5,16075548000,619000,2379.39,,2026-08-18T22:39:45+09:00
2023-01-17,006400,삼성SDI,6,14608081000,616000,2379.39,,2026-08-18T22:39:45+09:00
2023-01-17,028260,삼성물산,7,14225385500,119000,2379.39,,2026-08-18T22:39:45+09:00
2023-01-17,012450,한화에어로스페이스,8,13129296200,80900,2379.39,,2026-08-18T22:39:45+09:00
2023-01-17,000660,SK하이닉스,9,11959242300,86000,2379.39,,2026-08-18T22:39:45+09:00
2023-01-17,011070,LG이노텍,10,11241080000,280000,2379.39,,2026-08-18T22:39:45+09:00
2023-01-17,105560,KB금융,11,10674431900,59100,2379.39,,2026-08-18T22:39:45+09:00
2023-01-17,005380,현대차,12,9420021500,166000,2379.39,,2026-08-18T22:39:45+09:00
2023-01-17,138040,메리츠금융지주,13,8443436150,45950,2379.39,,2026-08-18T22:39:45+09:00
2023-01-17,051900,LG생활건강,14,7302807000,757000,2379.39,,2026-08-18T22:39:45+09:00
2023-01-17,017670,SK텔레콤,15,6735153950,46850,2379.39,,2026-08-18T22:39:45+09:00
2023-01-17,000720,현대건설,16,5641420150,36700,2379.39,,2026-08-18T22:39:45+09:00
2023-01-17,011200,HMM,17,5542601750,21550,2379.39,,2026-08-18T22:39:45+09:00
2023-01-17,010060,OCI,18,5070442300,89800,2379.39,,2026-08-18T22:39:45+09:00
2023-01-17,032640,LG유플러스,19,4973904050,11250,2379.39,,2026-08-18T22:39:45+09:00
2023-01-17,175330,JB금융지주,20,4950476270,10150,2379.39,,2026-08-18T22:39:45+09:00
2023-01-18,051900,LG생활건강,1,18003187000,757000,2368.32,,2026-08-18T22:39:45+09:00
2023-01-18,005930,삼성전자,2,15662532400,60400,2368.32,,2026-08-18T22:39:45+09:00
2023-01-18,086790,하나금융지주,3,13549928700,51100,2368.32,,2026-08-18T22:39:45+09:00
2023-01-18,373220,LG에너지솔루션,4,9847977500,458000,2368.32,,2026-08-18T22:39:45+09:00
2023-01-18,035420,NAVER,5,9245037000,195500,2368.32,,2026-08-18T22:39:45+09:00
2023-01-18,377300,카카오페이,6,8894313400,65100,2368.32,,2026-08-18T22:39:45+09:00
2023-01-18,383220,F&F,7,8418664000,141000,2368.32,,2026-08-18T22:39:45+09:00
2023-01-18,017670,SK텔레콤,8,7906266550,47250,2368.32,,2026-08-18T22:39:45+09:00
2023-01-18,259960,크래프톤,9,7554575500,171000,2368.32,,2026-08-18T22:39:45+09:00
2023-01-18,009150,삼성전기,10,7325680000,152000,2368.32,,2026-08-18T22:39:45+09:00
2023-01-18,008770,호텔신라,11,7229578000,82600,2368.32,,2026-08-18T22:39:45+09:00
2023-01-18,000270,기아,12,5641510500,64700,2368.32,,2026-08-18T22:39:45+09:00
2023-01-18,105560,KB금융,13,5162343700,58500,2368.32,,2026-08-18T22:39:45+09:00
2023-01-18,000660,SK하이닉스,14,5143745500,85100,2368.32,,2026-08-18T22:39:45+09:00
2023-01-18,035720,카카오,15,5123048400,61600,2368.32,,2026-08-18T22:39:45+09:00
2023-01-18,032830,삼성생명,16,5119268200,71700,2368.32,,2026-08-18T22:39:45+09:00
2023-01-18,145720,덴티움,17,4314238100,100000,2368.32,,2026-08-18T22:39:45+09:00
2023-01-18,068270,셀트리온,18,4227871000,164000,2368.32,,2026-08-18T22:39:45+09:00
2023-01-18,005935,삼성전자우,19,4190000000,54800,2368.32,,2026-08-18T22:39:45+09:00
2023-01-18,030200,KT,20,4188614350,34900,2368.32,,2026-08-18T22:39:45+09:00
2023-01-19,005930,삼성전자,1,292320997200,61500,2380.34,,2026-08-18T22:39:46+09:00
2023-01-19,051910,LG화학,2,28181066000,621000,2380.34,,2026-08-18T22:39:46+09:00
2023-01-19,051900,LG생활건강,3,25713822000,766000,2380.34,,2026-08-18T22:39:46+09:00
2023-01-19,373220,LG에너지솔루션,4,21497090500,456000,2380.34,,2026-08-18T22:39:46+09:00
2023-01-19,005935,삼성전자우,5,17087611900,55500,2380.34,,2026-08-18T22:39:46+09:00
2023-01-19,000660,SK하이닉스,6,17059180200,85500,2380.34,,2026-08-18T22:39:46+09:00
2023-01-19,010950,S-Oil,7,14682886200,88000,2380.34,,2026-08-18T22:39:46+09:00
2023-01-19,035420,NAVER,8,13650282500,196000,2380.34,,2026-08-18T22:39:46+09:00
2023-01-19,055550,신한지주,9,11297082700,42450,2380.34,,2026-08-18T22:39:46+09:00
2023-01-19,005490,POSCO홀딩스,10,10417922000,300500,2380.34,,2026-08-18T22:39:46+09:00
2023-01-19,145720,덴티움,11,9777090500,108500,2380.34,,2026-08-18T22:39:46+09:00
2023-01-19,207940,삼성바이오로직스,12,8575833000,801000,2380.34,,2026-08-18T22:39:46+09:00
2023-01-19,138040,메리츠금융지주,13,8407889950,48200,2380.34,,2026-08-18T22:39:46+09:00
2023-01-19,010060,OCI,14,8271664400,88600,2380.34,,2026-08-18T22:39:46+09:00
2023-01-19,068270,셀트리온,15,8069660000,164000,2380.34,,2026-08-18T22:39:46+09:00
2023-01-19,006400,삼성SDI,16,8048502000,610000,2380.34,,2026-08-18T22:39:46+09:00
2023-01-19,012450,한화에어로스페이스,17,7614951500,75500,2380.34,,2026-08-18T22:39:46+09:00
2023-01-19,012330,현대모비스,18,7044558500,208000,2380.34,,2026-08-18T22:39:46+09:00
2023-01-19,033780,KT&G,19,6303338900,94100,2380.34,,2026-08-18T22:39:46+09:00
2023-01-19,010130,고려아연,20,6130005000,555000,2380.34,,2026-08-18T22:39:46+09:00
2023-01-20,005930,삼성전자,1,95253027500,61800,2395.26,,2026-08-18T22:39:46+09:00
2023-01-20,000660,SK하이닉스,2,62546668200,87600,2395.26,,2026-08-18T22:39:46+09:00
2023-01-20,005935,삼성전자우,3,13028687300,55900,2395.26,,2026-08-18T22:39:46+09:00
2023-01-20,055550,신한지주,4,12388134650,43300,2395.26,,2026-08-18T22:39:46+09:00
2023-01-20,009830,한화솔루션,5,12250090650,45500,2395.26,,2026-08-18T22:39:46+09:00
2023-01-20,006400,삼성SDI,6,12069446000,619000,2395.26,,2026-08-18T22:39:46+09:00
2023-01-20,373220,LG에너지솔루션,7,8480574500,469500,2395.26,,2026-08-18T22:39:46+09:00
2023-01-20,175330,JB금융지주,8,7507743900,10800,2395.26,,2026-08-18T22:39:46+09:00
2023-01-20,051910,LG화학,9,5397779000,625000,2395.26,,2026-08-18T22:39:46+09:00
2023-01-20,006220,제주은행,10,4837439800,12900,2395.26,,2026-08-18T22:39:46+09:00
2023-01-20,081660,휠라홀딩스,11,4529758850,36200,2395.26,,2026-08-18T22:39:46+09:00
2023-01-20,138040,메리츠금융지주,12,4423602850,47000,2395.26,,2026-08-18T22:39:46+09:00
2023-01-20,000720,현대건설,13,4416292550,38600,2395.26,,2026-08-18T22:39:46+09:00
2023-01-20,010060,OCI,14,4247807200,89200,2395.26,,2026-08-18T22:39:46+09:00
2023-01-20,028260,삼성물산,15,4149630500,119500,2395.26,,2026-08-18T22:39:46+09:00
2023-01-20,053690,한미글로벌,16,3886516450,31800,2395.26,,2026-08-18T22:39:46+09:00
2023-01-20,010140,삼성중공업,17,3856729630,5130,2395.26,,2026-08-18T22:39:46+09:00
2023-01-20,267270,현대건설기계,18,3851190200,55700,2395.26,,2026-08-18T22:39:46+09:00
2023-01-20,096770,SK이노베이션,19,3845516500,156500,2395.26,,2026-08-18T22:39:46+09:00
2023-01-20,000810,삼성화재,20,3761508500,206000,2395.26,,2026-08-18T22:39:46+09:00
2023-01-25,005930,삼성전자,1,473522250100,63400,2428.57,,2026-08-18T22:39:48+09:00
2023-01-25,000660,SK하이닉스,2,120309309300,91400,2428.57,,2026-08-18T22:39:48+09:00
2023-01-25,006400,삼성SDI,3,45585908000,649000,2428.57,,2026-08-18T22:39:48+09:00
2023-01-25,051910,LG화학,4,38617814000,652000,2428.57,,2026-08-18T22:39:48+09:00
2023-01-25,035420,NAVER,5,29033316100,202000,2428.57,,2026-08-18T22:39:48+09:00
2023-01-25,055550,신한지주,6,17328265350,44050,2428.57,,2026-08-18T22:39:48+09:00
2023-01-25,096770,SK이노베이션,7,16685866400,161500,2428.57,,2026-08-18T22:39:48+09:00
2023-01-25,373220,LG에너지솔루션,8,15586231000,484000,2428.57,,2026-08-18T22:39:48+09:00
2023-01-25,009150,삼성전기,9,14140106500,150800,2428.57,,2026-08-18T22:39:48+09:00
2023-01-25,105560,KB금융,10,13846146100,58500,2428.57,,2026-08-18T22:39:48+09:00
2023-01-25,138040,메리츠금융지주,11,13285872300,45950,2428.57,,2026-08-18T22:39:48+09:00
2023-01-25,086790,하나금융지주,12,8512907300,52400,2428.57,,2026-08-18T22:39:48+09:00
2023-01-25,271560,오리온,13,8091159200,124500,2428.57,,2026-08-18T22:39:48+09:00
2023-01-25,068270,셀트리온,14,7917975200,164500,2428.57,,2026-08-18T22:39:48+09:00
2023-01-25,052690,한전기술,15,7520611200,64000,2428.57,,2026-08-18T22:39:48+09:00
2023-01-25,011200,HMM,16,6854447900,22150,2428.57,,2026-08-18T22:39:48+09:00
2023-01-25,175330,JB금융지주,17,6836759130,10810,2428.57,,2026-08-18T22:39:48+09:00
2023-01-25,145720,덴티움,18,6542578500,113900,2428.57,,2026-08-18T22:39:48+09:00
2023-01-25,267270,현대건설기계,19,5785993700,53500,2428.57,,2026-08-18T22:39:48+09:00
2023-01-25,036570,엔씨소프트,20,5745804500,467500,2428.57,,2026-08-18T22:39:48+09:00
2023-01-26,005930,삼성전자,1,228656743100,63900,2468.65,,2026-08-18T22:39:48+09:00
2023-01-26,005380,현대차,2,46440206900,174900,2468.65,,2026-08-18T22:39:48+09:00
2023-01-26,003670,포스코케미칼,3,43089653500,208500,2468.65,,2026-08-18T22:39:48+09:00
2023-01-26,000660,SK하이닉스,4,40681813300,92300,2468.65,,2026-08-18T22:39:48+09:00
2023-01-26,005490,POSCO홀딩스,5,39338739500,314000,2468.65,,2026-08-18T22:39:48+09:00
2023-01-26,005935,삼성전자우,6,36604395900,57600,2468.65,,2026-08-18T22:39:48+09:00
2023-01-26,373220,LG에너지솔루션,7,32216258000,517000,2468.65,,2026-08-18T22:39:48+09:00
2023-01-26,051910,LG화학,8,30052602000,685000,2468.65,,2026-08-18T22:39:48+09:00
2023-01-26,316140,우리금융지주,9,27309022860,13370,2468.65,,2026-08-18T22:39:48+09:00
2023-01-26,055550,신한지주,10,26495090300,44900,2468.65,,2026-08-18T22:39:48+09:00
2023-01-26,000270,기아,11,21653076800,69300,2468.65,,2026-08-18T22:39:48+09:00
2023-01-26,066570,LG전자,12,16451832000,97900,2468.65,,2026-08-18T22:39:48+09:00
2023-01-26,009150,삼성전기,13,14684741000,147000,2468.65,,2026-08-18T22:39:48+09:00
2023-01-26,138040,메리츠금융지주,14,12414372750,45250,2468.65,,2026-08-18T22:39:48+09:00
2023-01-26,086790,하나금융지주,15,11463176400,53100,2468.65,,2026-08-18T22:39:48+09:00
2023-01-26,259960,크래프톤,16,9994871500,182200,2468.65,,2026-08-18T22:39:48+09:00
2023-01-26,096770,SK이노베이션,17,9506163300,164400,2468.65,,2026-08-18T22:39:48+09:00
2023-01-26,010060,OCI,18,9359033200,91200,2468.65,,2026-08-18T22:39:48+09:00
2023-01-26,012330,현대모비스,19,9146408500,219500,2468.65,,2026-08-18T22:39:48+09:00
2023-01-26,033780,KT&G,20,9142164300,96400,2468.65,,2026-08-18T22:39:48+09:00
2023-01-27,005930,삼성전자,1,376965934600,64600,2484.02,,2026-08-18T22:39:49+09:00
2023-01-27,005380,현대차,2,31816535600,173900,2484.02,,2026-08-18T22:39:49+09:00
2023-01-27,051900,LG생활건강,3,31667483000,759000,2484.02,,2026-08-18T22:39:49+09:00
2023-01-27,138040,메리츠금융지주,4,30582283900,43550,2484.02,,2026-08-18T22:39:49+09:00
2023-01-27,009150,삼성전기,5,29880399200,149900,2484.02,,2026-08-18T22:39:49+09:00
2023-01-27,035420,NAVER,6,28039046500,211500,2484.02,,2026-08-18T22:39:49+09:00
2023-01-27,017670,SK텔레콤,7,22308601050,47850,2484.02,,2026-08-18T22:39:49+09:00
2023-01-27,055550,신한지주,8,22232508650,44750,2484.02,,2026-08-18T22:39:49+09:00
2023-01-27,005935,삼성전자우,9,21241971700,58200,2484.02,,2026-08-18T22:39:49+09:00
2023-01-27,034730,SK,10,20706166800,205500,2484.02,,2026-08-18T22:39:49+09:00
2023-01-27,011070,LG이노텍,11,20115256000,284000,2484.02,,2026-08-18T22:39:49+09:00
2023-01-27,006400,삼성SDI,12,19249169000,687000,2484.02,,2026-08-18T22:39:49+09:00
2023-01-27,000270,기아,13,15796441700,68700,2484.02,,2026-08-18T22:39:49+09:00
2023-01-27,316140,우리금융지주,14,13428998070,13480,2484.02,,2026-08-18T22:39:49+09:00
2023-01-27,086790,하나금융지주,15,12517646800,51800,2484.02,,2026-08-18T22:39:49+09:00
2023-01-27,010950,S-Oil,16,11647868700,91100,2484.02,,2026-08-18T22:39:49+09:00
2023-01-27,010140,삼성중공업,17,11508536490,5260,2484.02,,2026-08-18T22:39:49+09:00
2023-01-27,207940,삼성바이오로직스,18,11203523000,809000,2484.02,,2026-08-18T22:39:49+09:00
2023-01-27,323410,카카오뱅크,19,11070504050,28900,2484.02,,2026-08-18T22:39:49+09:00
2023-01-27,051910,LG화학,20,10989486000,685000,2484.02,,2026-08-18T22:39:49+09:00
2023-01-30,005930,삼성전자,1,102174558900,63300,2450.47,,2026-08-18T22:39:49+09:00
2023-01-30,000660,SK하이닉스,2,38430996500,90700,2450.47,,2026-08-18T22:39:49+09:00
2023-01-30,006400,삼성SDI,3,29655573000,687000,2450.47,,2026-08-18T22:39:49+09:00
2023-01-30,373220,LG에너지솔루션,4,29074643500,510000,2450.47,,2026-08-18T22:39:49+09:00
2023-01-30,105560,KB금융,5,21097874000,57300,2450.47,,2026-08-18T22:39:49+09:00
2023-01-30,051910,LG화학,6,20993445000,683000,2450.47,,2026-08-18T22:39:49+09:00
2023-01-30,207940,삼성바이오로직스,7,11253402000,803000,2450.47,,2026-08-18T22:39:49+09:00
2023-01-30,033780,KT&G,8,10845134600,94200,2450.47,,2026-08-18T22:39:49+09:00
2023-01-30,086790,하나금융지주,9,9866904600,51200,2450.47,,2026-08-18T22:39:49+09:00
2023-01-30,007660,이수페타시스,10,9362851180,7630,2450.47,,2026-08-18T22:39:49+09:00
2023-01-30,316140,우리금융지주,11,7259270950,13440,2450.47,,2026-08-18T22:39:49+09:00
2023-01-30,012330,현대모비스,12,7257428000,206500,2450.47,,2026-08-18T22:39:49+09:00
2023-01-30,051900,LG생활건강,13,6425532000,748000,2450.47,,2026-08-18T22:39:49+09:00
2023-01-30,047810,한국항공우주,14,5745085450,47700,2450.47,,2026-08-18T22:39:49+09:00
2023-01-30,010130,고려아연,15,4768954000,564000,2450.47,,2026-08-18T22:39:49+09:00
2023-01-30,001570,금양,16,4410010000,26200,2450.47,,2026-08-18T22:39:49+09:00
2023-01-30,009830,한화솔루션,17,4077698450,45700,2450.47,,2026-08-18T22:39:49+09:00
2023-01-30,271560,오리온,18,3588119600,123700,2450.47,,2026-08-18T22:39:49+09:00
2023-01-30,028260,삼성물산,19,3505060000,118600,2450.47,,2026-08-18T22:39:49+09:00
2023-01-30,032830,삼성생명,20,3286326000,70900,2450.47,,2026-08-18T22:39:49+09:00
2023-01-31,003670,포스코케미칼,1,57045836000,224000,2425.08,,2026-08-18T22:39:50+09:00
2023-01-31,010140,삼성중공업,2,48536257010,5790,2425.08,,2026-08-18T22:39:50+09:00
2023-01-31,012450,한화에어로스페이스,3,14002777600,80400,2425.08,,2026-08-18T22:39:50+09:00
2023-01-31,028050,삼성엔지니어링,4,13792062300,25850,2425.08,,2026-08-18T22:39:50+09:00
2023-01-31,047810,한국항공우주,5,8645652550,48100,2425.08,,2026-08-18T22:39:50+09:00
2023-01-31,175330,JB금융지주,6,6223874280,10140,2425.08,,2026-08-18T22:39:50+09:00
2023-01-31,009830,한화솔루션,7,5358753200,45350,2425.08,,2026-08-18T22:39:50+09:00
2023-01-31,330590,롯데리츠,8,5251330190,4080,2425.08,,2026-08-18T22:39:50+09:00
2023-01-31,064350,현대로템,9,5079750550,27600,2425.08,,2026-08-18T22:39:50+09:00
2023-01-31,002790,아모레G,10,5010354600,41050,2425.08,,2026-08-18T22:39:50+09:00
2023-01-31,090430,아모레퍼시픽,11,4985637300,145500,2425.08,,2026-08-18T22:39:50+09:00
2023-01-31,001570,금양,12,4876834250,26400,2425.08,,2026-08-18T22:39:50+09:00
2023-01-31,112610,씨에스윈드,13,4788987500,64000,2425.08,,2026-08-18T22:39:50+09:00
2023-01-31,000810,삼성화재,14,3959598000,203000,2425.08,,2026-08-18T22:39:50+09:00
2023-01-31,267270,현대건설기계,15,3953990000,58900,2425.08,,2026-08-18T22:39:50+09:00
2023-01-31,096770,SK이노베이션,16,3786623900,162100,2425.08,,2026-08-18T22:39:50+09:00
2023-01-31,139130,DGB금융지주,17,3492808780,7950,2425.08,,2026-08-18T22:39:50+09:00
2023-01-31,034020,두산에너빌리티,18,3471857430,16700,2425.08,,2026-08-18T22:39:50+09:00
2023-01-31,000210,DL,19,3369641900,61000,2425.08,,2026-08-18T22:39:50+09:00
2023-01-31,081660,휠라홀딩스,20,3178110250,38700,2425.08,,2026-08-18T22:39:50+09:00
2023-02-01,000660,SK하이닉스,1,71350231600,91400,2449.8,,2026-08-18T22:39:51+09:00
2023-02-01,006400,삼성SDI,2,66637881000,720000,2449.8,,2026-08-18T22:39:51+09:00
2023-02-01,068270,셀트리온,3,37277897800,169800,2449.8,,2026-08-18T22:39:51+09:00
2023-02-01,064350,현대로템,4,23653244750,28150,2449.8,,2026-08-18T22:39:51+09:00
2023-02-01,000270,기아,5,20561724000,69500,2449.8,,2026-08-18T22:39:51+09:00
2023-02-01,035720,카카오,6,16372754800,62200,2449.8,,2026-08-18T22:39:51+09:00
2023-02-01,003670,포스코케미칼,7,14337020000,223500,2449.8,,2026-08-18T22:39:51+09:00
2023-02-01,105560,KB금융,8,12410723800,57400,2449.8,,2026-08-18T22:39:51+09:00
2023-02-01,012330,현대모비스,9,9052232500,208000,2449.8,,2026-08-18T22:39:51+09:00
2023-02-01,010140,삼성중공업,10,7161924720,5870,2449.8,,2026-08-18T22:39:51+09:00
2023-02-01,005935,삼성전자우,11,7103804100,56100,2449.8,,2026-08-18T22:39:51+09:00
2023-02-01,028050,삼성엔지니어링,12,7005956350,26450,2449.8,,2026-08-18T22:39:51+09:00
2023-02-01,000810,삼성화재,13,6031694500,208000,2449.8,,2026-08-18T22:39:51+09:00
2023-02-01,005380,현대차,14,5954852700,170000,2449.8,,2026-08-18T22:39:51+09:00
2023-02-01,005490,POSCO홀딩스,15,5656304000,303500,2449.8,,2026-08-18T22:39:51+09:00
2023-02-01,010130,고려아연,16,5651093000,550000,2449.8,,2026-08-18T22:39:51+09:00
2023-02-01,302440,SK바이오사이언스,17,5649491900,77000,2449.8,,2026-08-18T22:39:51+09:00
2023-02-01,005930,삼성전자,18,5524396900,61800,2449.8,,2026-08-18T22:39:51+09:00
2023-02-01,011200,HMM,19,4853983500,22500,2449.8,,2026-08-18T22:39:51+09:00
2023-02-01,036570,엔씨소프트,20,4624664000,458500,2449.8,,2026-08-18T22:39:51+09:00
2023-02-02,005930,삼성전자,1,325146222800,63500,2468.88,,2026-08-18T22:39:51+09:00
2023-02-02,000660,SK하이닉스,2,116798690900,93400,2468.88,,2026-08-18T22:39:51+09:00
2023-02-02,373220,LG에너지솔루션,3,32180253000,533000,2468.88,,2026-08-18T22:39:51+09:00
2023-02-02,090430,아모레퍼시픽,4,30686147900,151000,2468.88,,2026-08-18T22:39:51+09:00
2023-02-02,035720,카카오,5,24107282100,64500,2468.88,,2026-08-18T22:39:51+09:00
2023-02-02,009150,삼성전기,6,20667923800,149300,2468.88,,2026-08-18T22:39:51+09:00
2023-02-02,010060,OCI,7,19048374900,93300,2468.88,,2026-08-18T22:39:51+09:00
2023-02-02,006400,삼성SDI,8,15419900000,716000,2468.88,,2026-08-18T22:39:51+09:00
2023-02-02,207940,삼성바이오로직스,9,15164351000,812000,2468.88,,2026-08-18T22:39:51+09:00
2023-02-02,105560,KB금융,10,15077587400,56400,2468.88,,2026-08-18T22:39:51+09:00
2023-02-02,361610,SK아이이테크놀로지,11,13358650500,73400,2468.88,,2026-08-18T22:39:51+09:00
2023-02-02,000270,기아,12,12431039700,69700,2468.88,,2026-08-18T22:39:51+09:00
2023-02-02,302440,SK바이오사이언스,13,10161702900,79200,2468.88,,2026-08-18T22:39:51+09:00
2023-02-02,006110,삼아알미늄,14,8935493450,41050,2468.88,,2026-08-18T22:39:51+09:00
2023-02-02,000990,DB하이텍,15,8284267200,46650,2468.88,,2026-08-18T22:39:51+09:00
2023-02-02,055550,신한지주,16,7936525700,41250,2468.88,,2026-08-18T22:39:51+09:00
2023-02-02,033780,KT&G,17,7837886500,92000,2468.88,,2026-08-18T22:39:51+09:00
2023-02-02,003670,포스코케미칼,18,7303555000,224000,2468.88,,2026-08-18T22:39:51+09:00
2023-02-02,267270,현대건설기계,19,7162504900,56400,2468.88,,2026-08-18T22:39:51+09:00
2023-02-02,064350,현대로템,20,6673926850,28250,2468.88,,2026-08-18T22:39:51+09:00
2023-02-03,005930,삼성전자,1,242388786300,63800,2480.4,,2026-08-18T22:39:52+09:00
2023-02-03,005380,현대차,2,37732925000,172800,2480.4,,2026-08-18T22:39:52+09:00
2023-02-03,373220,LG에너지솔루션,3,22189780000,535000,2480.4,,2026-08-18T22:39:52+09:00
2023-02-03,000660,SK하이닉스,4,21957245600,92200,2480.4,,2026-08-18T22:39:52+09:00
2023-02-03,000270,기아,5,21053280200,71200,2480.4,,2026-08-18T22:39:52+09:00
2023-02-03,377300,카카오페이,6,19732223700,65700,2480.4,,2026-08-18T22:39:52+09:00
2023-02-03,323410,카카오뱅크,7,18488435050,28850,2480.4,,2026-08-18T22:39:52+09:00
2023-02-03,030200,KT,8,18264694000,34300,2480.4,,2026-08-18T22:39:52+09:00
2023-02-03,006400,삼성SDI,9,15582857000,714000,2480.4,,2026-08-18T22:39:52+09:00
2023-02-03,352820,하이브,10,15342676600,195600,2480.4,,2026-08-18T22:39:52+09:00
2023-02-03,012330,현대모비스,11,14767877000,208500,2480.4,,2026-08-18T22:39:52+09:00
2023-02-03,064350,현대로템,12,14141675400,28350,2480.4,,2026-08-18T22:39:52+09:00
2023-02-03,035720,카카오,13,13242302100,67200,2480.4,,2026-08-18T22:39:52+09:00
2023-02-03,047810,한국항공우주,14,11948228350,48450,2480.4,,2026-08-18T22:39:52+09:00
2023-02-03,012450,한화에어로스페이스,15,11763772800,81400,2480.4,,2026-08-18T22:39:52+09:00
2023-02-03,161390,한국타이어앤테크놀로지,16,11525193450,36650,2480.4,,2026-08-18T22:39:52+09:00
2023-02-03,032830,삼성생명,17,11071583400,67200,2480.4,,2026-08-18T22:39:52+09:00
2023-02-03,010130,고려아연,18,10330066000,537000,2480.4,,2026-08-18T22:39:52+09:00
2023-02-03,009150,삼성전기,19,9503350300,148900,2480.4,,2026-08-18T22:39:52+09:00
2023-02-03,003670,포스코케미칼,20,9188008500,227500,2480.4,,2026-08-18T22:39:52+09:00
2023-02-06,006400,삼성SDI,1,31303536000,701000,2438.19,,2026-08-18T22:39:53+09:00
2023-02-06,012450,한화에어로스페이스,2,10859415500,83400,2438.19,,2026-08-18T22:39:53+09:00
2023-02-06,030200,KT,3,10414202150,34300,2438.19,,2026-08-18T22:39:53+09:00
2023-02-06,005380,현대차,4,8123125300,170700,2438.19,,2026-08-18T22:39:53+09:00
2023-02-06,032830,삼성생명,5,7739204300,66900,2438.19,,2026-08-18T22:39:53+09:00
2023-02-06,108320,LX세미콘,6,7402154300,87000,2438.19,,2026-08-18T22:39:53+09:00
2023-02-06,009830,한화솔루션,7,6933231400,46750,2438.19,,2026-08-18T22:39:53+09:00
2023-02-06,008730,율촌화학,8,6878711250,44250,2438.19,,2026-08-18T22:39:53+09:00
2023-02-06,011170,롯데케미칼,9,6138727900,175500,2438.19,,2026-08-18T22:39:53+09:00
2023-02-06,086790,하나금융지주,10,5742743750,47850,2438.19,,2026-08-18T22:39:53+09:00
2023-02-06,001570,금양,11,5577256950,26750,2438.19,,2026-08-18T22:39:53+09:00
2023-02-06,010950,S-Oil,12,5140089500,85800,2438.19,,2026-08-18T22:39:53+09:00
2023-02-06,036570,엔씨소프트,13,4966465000,461000,2438.19,,2026-08-18T22:39:53+09:00
2023-02-06,055550,신한지주,14,4866191350,40950,2438.19,,2026-08-18T22:39:53+09:00
2023-02-06,373220,LG에너지솔루션,15,4555095000,525000,2438.19,,2026-08-18T22:39:53+09:00
2023-02-06,089590,제주항공,16,4510429590,16890,2438.19,,2026-08-18T22:39:53+09:00
2023-02-06,267270,현대건설기계,17,3731423800,56800,2438.19,,2026-08-18T22:39:53+09:00
2023-02-06,003550,LG,18,3685663800,80200,2438.19,,2026-08-18T22:39:53+09:00
2023-02-06,033780,KT&G,19,3661233900,91600,2438.19,,2026-08-18T22:39:53+09:00
2023-02-06,014680,한솔케미칼,20,3517667500,207000,2438.19,,2026-08-18T22:39:53+09:00
2023-02-07,000660,SK하이닉스,1,45432999600,90800,2451.71,,2026-08-18T22:39:54+09:00
2023-02-07,005930,삼성전자,2,35032400800,61900,2451.71,,2026-08-18T22:39:54+09:00
2023-02-07,051910,LG화학,3,31208975000,681000,2451.71,,2026-08-18T22:39:54+09:00
2023-02-07,003670,포스코케미칼,4,23379157500,228000,2451.71,,2026-08-18T22:39:54+09:00
2023-02-07,373220,LG에너지솔루션,5,14603502000,542000,2451.71,,2026-08-18T22:39:54+09:00
2023-02-07,006400,삼성SDI,6,14423483000,711000,2451.71,,2026-08-18T22:39:54+09:00
2023-02-07,006110,삼아알미늄,7,12055997400,43800,2451.71,,2026-08-18T22:39:54+09:00
2023-02-07,005070,코스모신소재,8,10226818100,67900,2451.71,,2026-08-18T22:39:54+09:00
2023-02-07,323410,카카오뱅크,9,7138524450,28700,2451.71,,2026-08-18T22:39:54+09:00
2023-02-07,033780,KT&G,10,6290654500,90900,2451.71,,2026-08-18T22:39:54+09:00
2023-02-07,383220,F&F,11,5405716600,150200,2451.71,,2026-08-18T22:39:54+09:00
2023-02-07,009830,한화솔루션,12,5034495150,47150,2451.71,,2026-08-18T22:39:54+09:00
2023-02-07,009150,삼성전기,13,5000742200,145800,2451.71,,2026-08-18T22:39:54+09:00
2023-02-07,095570,AJ네트웍스,14,4937873980,6290,2451.71,,2026-08-18T22:39:54+09:00
2023-02-07,011170,롯데케미칼,15,4926066400,175000,2451.71,,2026-08-18T22:39:54+09:00
2023-02-07,271560,오리온,16,4554108000,122100,2451.71,,2026-08-18T22:39:54+09:00
2023-02-07,036570,엔씨소프트,17,4376984500,467000,2451.71,,2026-08-18T22:39:54+09:00
2023-02-07,000990,DB하이텍,18,4163390900,46450,2451.71,,2026-08-18T22:39:54+09:00
2023-02-07,004360,세방,19,4002039450,51800,2451.71,,2026-08-18T22:39:54+09:00
2023-02-07,055550,신한지주,20,3982783200,40800,2451.71,,2026-08-18T22:39:54+09:00
2023-02-08,005930,삼성전자,1,188207478900,63100,2483.64,,2026-08-18T22:39:54+09:00
2023-02-08,000660,SK하이닉스,2,182860475200,94900,2483.64,,2026-08-18T22:39:54+09:00
2023-02-08,006400,삼성SDI,3,67722380000,730000,2483.64,,2026-08-18T22:39:54+09:00
2023-02-08,005935,삼성전자우,4,33858649800,57000,2483.64,,2026-08-18T22:39:54+09:00
2023-02-08,066570,LG전자,5,31123813900,107600,2483.64,,2026-08-18T22:39:54+09:00
2023-02-08,011070,LG이노텍,6,21785235500,292000,2483.64,,2026-08-18T22:39:54+09:00
2023-02-08,047810,한국항공우주,7,21494639050,48600,2483.64,,2026-08-18T22:39:54+09:00
2023-02-08,259960,크래프톤,8,20629714900,192000,2483.64,,2026-08-18T22:39:54+09:00
2023-02-08,007070,GS리테일,9,18493811800,30600,2483.64,,2026-08-18T22:39:54+09:00
2023-02-08,373220,LG에너지솔루션,10,15353956000,546000,2483.64,,2026-08-18T22:39:54+09:00
2023-02-08,009150,삼성전기,11,13008901400,148600,2483.64,,2026-08-18T22:39:54+09:00
2023-02-08,005380,현대차,12,10963623500,172700,2483.64,,2026-08-18T22:39:54+09:00
2023-02-08,030200,KT,13,8402266700,33750,2483.64,,2026-08-18T22:39:54+09:00
2023-02-08,034020,두산에너빌리티,14,8278986660,16090,2483.64,,2026-08-18T22:39:54+09:00
2023-02-08,316140,우리금융지주,15,7811924890,12800,2483.64,,2026-08-18T22:39:54+09:00
2023-02-08,012330,현대모비스,16,7808660500,207500,2483.64,,2026-08-18T22:39:54+09:00
2023-02-08,042670,현대두산인프라코어,17,7730213990,7560,2483.64,,2026-08-18T22:39:54+09:00
2023-02-08,018260,삼성에스디에스,18,7484992800,132100,2483.64,,2026-08-18T22:39:54+09:00
2023-02-08,007660,이수페타시스,19,7027683580,8560,2483.64,,2026-08-18T22:39:54+09:00
2023-02-08,001450,현대해상,20,5821507250,31700,2483.64,,2026-08-18T22:39:54+09:00
2023-02-09,005930,삼성전자,1,97728378200,63000,2481.52,,2026-08-18T22:39:55+09:00
2023-02-09,003670,포스코케미칼,2,69009134500,242500,2481.52,,2026-08-18T22:39:55+09:00
2023-02-09,006400,삼성SDI,3,51201383000,738000,2481.52,,2026-08-18T22:39:55+09:00
2023-02-09,096770,SK이노베이션,4,31876468900,168800,2481.52,,2026-08-18T22:39:55+09:00
2023-02-09,051910,LG화학,5,23112077000,680000,2481.52,,2026-08-18T22:39:55+09:00
2023-02-09,336260,두산퓨얼셀,6,22384412600,35850,2481.52,,2026-08-18T22:39:55+09:00
2023-02-09,005380,현대차,7,20485014400,172600,2481.52,,2026-08-18T22:39:55+09:00
2023-02-09,373220,LG에너지솔루션,8,20139796000,550000,2481.52,,2026-08-18T22:39:55+09:00
2023-02-09,051900,LG생활건강,9,13514147000,702000,2481.52,,2026-08-18T22:39:55+09:00
2023-02-09,030200,KT,10,12009333300,33950,2481.52,,2026-08-18T22:39:55+09:00
2023-02-09,009830,한화솔루션,11,11499373350,47750,2481.52,,2026-08-18T22:39:55+09:00
2023-02-09,012330,현대모비스,12,9700093500,206500,2481.52,,2026-08-18T22:39:55+09:00
2023-02-09,011170,롯데케미칼,13,9027234000,174200,2481.52,,2026-08-18T22:39:55+09:00
2023-02-09,105560,KB금융,14,7411495100,54200,2481.52,,2026-08-18T22:39:55+09:00
2023-02-09,012450,한화에어로스페이스,15,7222696200,84600,2481.52,,2026-08-18T22:39:55+09:00
2023-02-09,010950,S-Oil,16,6895683800,84700,2481.52,,2026-08-18T22:39:55+09:00
2023-02-09,086790,하나금융지주,17,6866508550,47850,2481.52,,2026-08-18T22:39:55+09:00
2023-02-09,112610,씨에스윈드,18,6655357100,71300,2481.52,,2026-08-18T22:39:55+09:00
2023-02-09,000270,기아,19,5563826000,71700,2481.52,,2026-08-18T22:39:55+09:00
2023-02-09,032350,롯데관광개발,20,5374322840,14790,2481.52,,2026-08-18T22:39:55+09:00
2023-02-10,005930,삼성전자,1,110433441500,62800,2469.73,,2026-08-18T22:39:56+09:00
2023-02-10,000660,SK하이닉스,2,42042582300,93500,2469.73,,2026-08-18T22:39:56+09:00
2023-02-10,006400,삼성SDI,3,31111200000,735000,2469.73,,2026-08-18T22:39:56+09:00
2023-02-10,105560,KB금융,4,16148162700,55700,2469.73,,2026-08-18T22:39:56+09:00
2023-02-10,012450,한화에어로스페이스,5,14188337000,87900,2469.73,,2026-08-18T22:39:56+09:00
2023-02-10,047810,한국항공우주,6,13386885350,49350,2469.73,,2026-08-18T22:39:56+09:00
2023-02-10,005380,현대차,7,13056497100,173400,2469.73,,2026-08-18T22:39:56+09:00
2023-02-10,000270,기아,8,10029881500,72400,2469.73,,2026-08-18T22:39:56+09:00
2023-02-10,035420,NAVER,9,9330201500,230000,2469.73,,2026-08-18T22:39:56+09:00
2023-02-10,088980,맥쿼리인프라,10,8716842100,12420,2469.73,,2026-08-18T22:39:56+09:00
2023-02-10,012330,현대모비스,11,8516785000,208000,2469.73,,2026-08-18T22:39:56+09:00
2023-02-10,373220,LG에너지솔루션,12,8173327000,542000,2469.73,,2026-08-18T22:39:56+09:00
2023-02-10,316140,우리금융지주,13,8011965300,12650,2469.73,,2026-08-18T22:39:56+09:00
2023-02-10,010620,현대미포조선,14,7572211600,73800,2469.73,,2026-08-18T22:39:56+09:00
2023-02-10,011170,롯데케미칼,15,7537305000,174200,2469.73,,2026-08-18T22:39:56+09:00
2023-02-10,010950,S-Oil,16,7436037600,86100,2469.73,,2026-08-18T22:39:56+09:00
2023-02-10,271560,오리온,17,6901921300,121000,2469.73,,2026-08-18T22:39:56+09:00
2023-02-10,064350,현대로템,18,6876762200,26900,2469.73,,2026-08-18T22:39:56+09:00
2023-02-10,055550,신한지주,19,6517122150,41100,2469.73,,2026-08-18T22:39:56+09:00
2023-02-10,112610,씨에스윈드,20,6494763000,72200,2469.73,,2026-08-18T22:39:56+09:00
2023-02-13,005930,삼성전자,1,142077270600,62900,2452.7,,2026-08-18T22:39:57+09:00
2023-02-13,006400,삼성SDI,2,43379634000,723000,2452.7,,2026-08-18T22:39:57+09:00
2023-02-13,000270,기아,3,27328860900,73200,2452.7,,2026-08-18T22:39:57+09:00
2023-02-13,042670,현대두산인프라코어,4,12405218200,8210,2452.7,,2026-08-18T22:39:57+09:00
2023-02-13,316140,우리금융지주,5,11529626690,12950,2452.7,,2026-08-18T22:39:57+09:00
2023-02-13,005490,POSCO홀딩스,6,10023670000,304500,2452.7,,2026-08-18T22:39:57+09:00
2023-02-13,012450,한화에어로스페이스,7,9745696600,87500,2452.7,,2026-08-18T22:39:57+09:00
2023-02-13,010950,S-Oil,8,9704552900,87100,2452.7,,2026-08-18T22:39:57+09:00
2023-02-13,011170,롯데케미칼,9,8858707000,180700,2452.7,,2026-08-18T22:39:57+09:00
2023-02-13,051910,LG화학,10,8225081000,670000,2452.7,,2026-08-18T22:39:57+09:00
2023-02-13,051600,한전KPS,11,8043562100,35000,2452.7,,2026-08-18T22:39:57+09:00
2023-02-13,028050,삼성엔지니어링,12,7948682250,27100,2452.7,,2026-08-18T22:39:57+09:00
2023-02-13,005380,현대차,13,6077215800,171600,2452.7,,2026-08-18T22:39:57+09:00
2023-02-13,012330,현대모비스,14,5251674500,207500,2452.7,,2026-08-18T22:39:57+09:00
2023-02-13,064350,현대로템,15,4432363850,26600,2452.7,,2026-08-18T22:39:57+09:00
2023-02-13,005010,휴스틸,16,4180055500,6460,2452.7,,2026-08-18T22:39:57+09:00
2023-02-13,068270,셀트리온,17,3982413400,161100,2452.7,,2026-08-18T22:39:57+09:00
2023-02-13,024110,기업은행,18,3959471220,10500,2452.7,,2026-08-18T22:39:57+09:00
2023-02-13,003230,삼양식품,19,3957995500,129000,2452.7,,2026-08-18T22:39:57+09:00
2023-02-13,088980,맥쿼리인프라,20,3900685470,12450,2452.7,,2026-08-18T22:39:57+09:00
2023-02-14,006400,삼성SDI,1,27197886000,739000,2465.64,,2026-08-18T22:39:57+09:00
2023-02-14,012330,현대모비스,2,27059673000,213000,2465.64,,2026-08-18T22:39:57+09:00
2023-02-14,005380,현대차,3,26730343300,173700,2465.64,,2026-08-18T22:39:57+09:00
2023-02-14,066570,LG전자,4,26247164500,113300,2465.64,,2026-08-18T22:39:57+09:00
2023-02-14,005930,삼성전자,5,25769494300,63200,2465.64,,2026-08-18T22:39:57+09:00
2023-02-14,000660,SK하이닉스,6,19980907400,93400,2465.64,,2026-08-18T22:39:57+09:00
2023-02-14,139480,이마트,7,13413878600,110000,2465.64,,2026-08-18T22:39:57+09:00
2023-02-14,352820,하이브,8,12486845500,202000,2465.64,,2026-08-18T22:39:57+09:00
2023-02-14,034020,두산에너빌리티,9,9928795430,15960,2465.64,,2026-08-18T22:39:57+09:00
2023-02-14,012450,한화에어로스페이스,10,9384790200,89000,2465.64,,2026-08-18T22:39:57+09:00
2023-02-14,034730,SK,11,7632746700,198000,2465.64,,2026-08-18T22:39:57+09:00
2023-02-14,018260,삼성에스디에스,12,6791994000,128400,2465.64,,2026-08-18T22:39:57+09:00
2023-02-14,271560,오리온,13,6057992900,124000,2465.64,,2026-08-18T22:39:57+09:00
2023-02-14,001570,금양,14,5953320650,29800,2465.64,,2026-08-18T22:39:57+09:00
2023-02-14,082740,HSD엔진,15,5737379160,8800,2465.64,,2026-08-18T22:39:57+09:00
2023-02-14,011200,HMM,16,5214665000,22150,2465.64,,2026-08-18T22:39:57+09:00
2023-02-14,064350,현대로템,17,4603249500,26400,2465.64,,2026-08-18T22:39:57+09:00
2023-02-14,088980,맥쿼리인프라,18,4317668890,12550,2465.64,,2026-08-18T22:39:57+09:00
2023-02-14,005387,현대차2우B,19,4024342100,93000,2465.64,,2026-08-18T22:39:57+09:00
2023-02-14,090430,아모레퍼시픽,20,4008775700,151900,2465.64,,2026-08-18T22:39:57+09:00
2023-02-15,005930,삼성전자,1,23203572100,62200,2427.9,,2026-08-18T22:39:58+09:00
2023-02-15,009830,한화솔루션,2,22366721150,44700,2427.9,,2026-08-18T22:39:58+09:00
2023-02-15,139480,이마트,3,21124763300,115500,2427.9,,2026-08-18T22:39:58+09:00
2023-02-15,373220,LG에너지솔루션,4,15609858000,527000,2427.9,,2026-08-18T22:39:58+09:00
2023-02-15,005380,현대차,5,12592547400,172700,2427.9,,2026-08-18T22:39:58+09:00
2023-02-15,012450,한화에어로스페이스,6,12401029500,87100,2427.9,,2026-08-18T22:39:58+09:00
2023-02-15,030200,KT,7,9786779950,33200,2427.9,,2026-08-18T22:39:58+09:00
2023-02-15,012330,현대모비스,8,9498940000,211500,2427.9,,2026-08-18T22:39:58+09:00
2023-02-15,006400,삼성SDI,9,9422072000,726000,2427.9,,2026-08-18T22:39:58+09:00
2023-02-15,175330,JB금융지주,10,7795805970,9220,2427.9,,2026-08-18T22:39:58+09:00
2023-02-15,004020,현대제철,11,6926625750,34550,2427.9,,2026-08-18T22:39:58+09:00
2023-02-15,035720,카카오,12,6220604400,63600,2427.9,,2026-08-18T22:39:58+09:00
2023-02-15,066570,LG전자,13,5963269800,112800,2427.9,,2026-08-18T22:39:58+09:00
2023-02-15,000270,기아,14,5507558000,72600,2427.9,,2026-08-18T22:39:58+09:00
2023-02-15,005420,코스모화학,15,5387599000,26200,2427.9,,2026-08-18T22:39:58+09:00
2023-02-15,051910,LG화학,16,5178214000,674000,2427.9,,2026-08-18T22:39:58+09:00
2023-02-15,028050,삼성엔지니어링,17,4450219550,26750,2427.9,,2026-08-18T22:39:58+09:00
2023-02-15,251270,넷마블,18,4059355100,56600,2427.9,,2026-08-18T22:39:58+09:00
2023-02-15,010130,고려아연,19,4014362000,551000,2427.9,,2026-08-18T22:39:58+09:00
2023-02-15,272210,한화시스템,20,3815811540,13210,2427.9,,2026-08-18T22:39:58+09:00
2023-02-16,005930,삼성전자,1,102104178700,63700,2475.48,,2026-08-18T22:39:58+09:00
2023-02-16,005380,현대차,2,61962811100,179300,2475.48,,2026-08-18T22:39:58+09:00
2023-02-16,000270,기아,3,55972196600,76500,2475.48,,2026-08-18T22:39:58+09:00
2023-02-16,373220,LG에너지솔루션,4,46401960000,549000,2475.48,,2026-08-18T22:39:58+09:00
2023-02-16,004020,현대제철,5,46212244200,34850,2475.48,,2026-08-18T22:39:58+09:00
2023-02-16,096770,SK이노베이션,6,28663017500,160000,2475.48,,2026-08-18T22:39:58+09:00
2023-02-16,009150,삼성전기,7,26226899100,151400,2475.48,,2026-08-18T22:39:58+09:00
2023-02-16,011070,LG이노텍,8,24150704000,290000,2475.48,,2026-08-18T22:39:58+09:00
2023-02-16,005420,코스모화학,9,21001766750,34000,2475.48,,2026-08-18T22:39:58+09:00
2023-02-16,361610,SK아이이테크놀로지,10,20097014200,66100,2475.48,,2026-08-18T22:39:58+09:00
2023-02-16,000990,DB하이텍,11,18729132250,51400,2475.48,,2026-08-18T22:39:58+09:00
2023-02-16,001570,금양,12,11495032850,31900,2475.48,,2026-08-18T22:39:58+09:00
2023-02-16,005070,코스모신소재,13,11467397800,76700,2475.48,,2026-08-18T22:39:58+09:00
2023-02-16,377300,카카오페이,14,11136076200,59700,2475.48,,2026-08-18T22:39:58+09:00
2023-02-16,207940,삼성바이오로직스,15,9398983000,809000,2475.48,,2026-08-18T22:39:58+09:00
2023-02-16,259960,크래프톤,16,7804019100,178200,2475.48,,2026-08-18T22:39:58+09:00
2023-02-16,012450,한화에어로스페이스,17,7582064500,87700,2475.48,,2026-08-18T22:39:58+09:00
2023-02-16,251270,넷마블,18,7474425500,61400,2475.48,,2026-08-18T22:39:58+09:00
2023-02-16,003670,포스코케미칼,19,7124822500,233000,2475.48,,2026-08-18T22:39:58+09:00
2023-02-16,006220,제주은행,20,6126267500,20350,2475.48,,2026-08-18T22:39:58+09:00
2023-02-17,005930,삼성전자,1,50807792600,62600,2451.21,,2026-08-18T22:39:59+09:00
2023-02-17,000660,SK하이닉스,2,34704208500,92000,2451.21,,2026-08-18T22:39:59+09:00
2023-02-17,086790,하나금융지주,3,23549962850,46200,2451.21,,2026-08-18T22:39:59+09:00
2023-02-17,005380,현대차,4,21026854300,179000,2451.21,,2026-08-18T22:39:59+09:00
2023-02-17,316140,우리금융지주,5,14878705930,12400,2451.21,,2026-08-18T22:39:59+09:00
2023-02-17,042670,현대두산인프라코어,6,14482809210,9300,2451.21,,2026-08-18T22:39:59+09:00
2023-02-17,028050,삼성엔지니어링,7,13668771400,28150,2451.21,,2026-08-18T22:39:59+09:00
2023-02-17,011170,롯데케미칼,8,12057028300,181000,2451.21,,2026-08-18T22:39:59+09:00
2023-02-17,352820,하이브,9,9913342900,182000,2451.21,,2026-08-18T22:39:59+09:00
2023-02-17,066570,LG전자,10,9839014600,113900,2451.21,,2026-08-18T22:39:59+09:00
2023-02-17,005420,코스모화학,11,9517336200,35550,2451.21,,2026-08-18T22:39:59+09:00
2023-02-17,012450,한화에어로스페이스,12,8824058800,88200,2451.21,,2026-08-18T22:39:59+09:00
2023-02-17,034020,두산에너빌리티,13,8179943520,15470,2451.21,,2026-08-18T22:39:59+09:00
2023-02-17,010950,S-Oil,14,6631325200,84600,2451.21,,2026-08-18T22:39:59+09:00
2023-02-17,000810,삼성화재,15,6612849500,206500,2451.21,,2026-08-18T22:39:59+09:00
2023-02-17,000720,현대건설,16,6293560700,37400,2451.21,,2026-08-18T22:39:59+09:00
2023-02-17,267270,현대건설기계,17,5711593000,56100,2451.21,,2026-08-18T22:39:59+09:00
2023-02-17,329180,현대중공업,18,5667786700,107300,2451.21,,2026-08-18T22:39:59+09:00
2023-02-17,006650,대한유화,19,5394032400,169000,2451.21,,2026-08-18T22:39:59+09:00
2023-02-17,011200,HMM,20,5295399350,22150,2451.21,,2026-08-18T22:39:59+09:00
2023-02-20,377300,카카오페이,1,15331297200,61900,2455.12,,2026-08-18T22:40:00+09:00
2023-02-20,003670,포스코케미칼,2,13837220500,217000,2455.12,,2026-08-18T22:40:00+09:00
2023-02-20,006220,제주은행,3,11145219400,23750,2455.12,,2026-08-18T22:40:00+09:00
2023-02-20,323410,카카오뱅크,4,8630793300,26200,2455.12,,2026-08-18T22:40:00+09:00
2023-02-20,036570,엔씨소프트,5,8198964500,433500,2455.12,,2026-08-18T22:40:00+09:00
2023-02-20,011780,금호석유,6,7785560800,154400,2455.12,,2026-08-18T22:40:00+09:00
2023-02-20,035720,카카오,7,6784864800,64200,2455.12,,2026-08-18T22:40:00+09:00
2023-02-20,034220,LG디스플레이,8,6697120690,16070,2455.12,,2026-08-18T22:40:00+09:00
2023-02-20,207940,삼성바이오로직스,9,6455199000,805000,2455.12,,2026-08-18T22:40:00+09:00
2023-02-20,011790,SKC,10,6252373700,97300,2455.12,,2026-08-18T22:40:00+09:00
2023-02-20,034020,두산에너빌리티,11,4786471720,15720,2455.12,,2026-08-18T22:40:00+09:00
2023-02-20,012450,한화에어로스페이스,12,4726468900,87400,2455.12,,2026-08-18T22:40:00+09:00
2023-02-20,008930,한미사이언스,13,4533185250,32650,2455.12,,2026-08-18T22:40:00+09:00
2023-02-20,090430,아모레퍼시픽,14,4522184300,149900,2455.12,,2026-08-18T22:40:00+09:00
2023-02-20,282330,BGF리테일,15,3974056900,183300,2455.12,,2026-08-18T22:40:00+09:00
2023-02-20,329180,현대중공업,16,3607766000,108000,2455.12,,2026-08-18T22:40:00+09:00
2023-02-20,030200,KT,17,3347717050,32850,2455.12,,2026-08-18T22:40:00+09:00
2023-02-20,302440,SK바이오사이언스,18,3298931200,73500,2455.12,,2026-08-18T22:40:00+09:00
2023-02-20,009150,삼성전기,19,3273571300,152700,2455.12,,2026-08-18T22:40:00+09:00
2023-02-20,016710,대성홀딩스,20,3171037000,120300,2455.12,,2026-08-18T22:40:00+09:00
2023-02-21,329180,현대중공업,1,17301252000,112200,2458.96,,2026-08-18T22:40:01+09:00
2023-02-21,066570,LG전자,2,15030132400,114000,2458.96,,2026-08-18T22:40:01+09:00
2023-02-21,034020,두산에너빌리티,3,14197976830,16200,2458.96,,2026-08-18T22:40:01+09:00
2023-02-21,003670,포스코케미칼,4,13786282000,223000,2458.96,,2026-08-18T22:40:01+09:00
2023-02-21,010620,현대미포조선,5,13087230200,77000,2458.96,,2026-08-18T22:40:01+09:00
2023-02-21,012450,한화에어로스페이스,6,12404746000,87800,2458.96,,2026-08-18T22:40:01+09:00
2023-02-21,006360,GS건설,7,12403798400,24300,2458.96,,2026-08-18T22:40:01+09:00
2023-02-21,086790,하나금융지주,8,11519932850,46350,2458.96,,2026-08-18T22:40:01+09:00
2023-02-21,009830,한화솔루션,9,10632992600,43150,2458.96,,2026-08-18T22:40:01+09:00
2023-02-21,012330,현대모비스,10,9112071000,215000,2458.96,,2026-08-18T22:40:01+09:00
2023-02-21,001570,금양,11,9019786100,34700,2458.96,,2026-08-18T22:40:01+09:00
2023-02-21,005380,현대차,12,8322166700,178200,2458.96,,2026-08-18T22:40:01+09:00
2023-02-21,034730,SK,13,6807392300,187900,2458.96,,2026-08-18T22:40:01+09:00
2023-02-21,096770,SK이노베이션,14,6731931700,162000,2458.96,,2026-08-18T22:40:01+09:00
2023-02-21,011200,HMM,15,6650447050,22000,2458.96,,2026-08-18T22:40:01+09:00
2023-02-21,004360,세방,16,6629170150,42950,2458.96,,2026-08-18T22:40:01+09:00
2023-02-21,088980,맥쿼리인프라,17,6421222520,12440,2458.96,,2026-08-18T22:40:01+09:00
2023-02-21,377300,카카오페이,18,6089177700,62200,2458.96,,2026-08-18T22:40:01+09:00
2023-02-21,161000,애경케미칼,19,6030018110,8760,2458.96,,2026-08-18T22:40:01+09:00
2023-02-21,138040,메리츠금융지주,20,5934208250,43400,2458.96,,2026-08-18T22:40:01+09:00
2023-02-22,035420,NAVER,1,29397795000,211500,,,2026-08-18T22:40:01+09:00
2023-02-22,016380,KG스틸,2,17022074240,9070,,,2026-08-18T22:40:01+09:00
2023-02-22,066570,LG전자,3,10889242600,111100,,,2026-08-18T22:40:01+09:00
2023-02-22,012330,현대모비스,4,9582284000,214000,,,2026-08-18T22:40:01+09:00
2023-02-22,035720,카카오,5,9302392400,62200,,,2026-08-18T22:40:01+09:00
2023-02-22,034020,두산에너빌리티,6,7965872450,16230,,,2026-08-18T22:40:01+09:00
2023-02-22,377300,카카오페이,7,6948494600,61600,,,2026-08-18T22:40:01+09:00
2023-02-22,028050,삼성엔지니어링,8,5913851450,27250,,,2026-08-18T22:40:01+09:00
2023-02-22,017670,SK텔레콤,9,5798662450,45100,,,2026-08-18T22:40:01+09:00
2023-02-22,000810,삼성화재,10,5671237000,207500,,,2026-08-18T22:40:01+09:00
2023-02-22,006400,삼성SDI,11,5543604000,684000,,,2026-08-18T22:40:01+09:00
2023-02-22,032640,LG유플러스,12,5212991490,10960,,,2026-08-18T22:40:01+09:00
2023-02-22,086790,하나금융지주,13,4341293450,45000,,,2026-08-18T22:40:01+09:00
2023-02-22,011200,HMM,14,4298319800,21950,,,2026-08-18T22:40:01+09:00
2023-02-22,005380,현대차,15,4294195800,174200,,,2026-08-18T22:40:01+09:00
2023-02-22,016710,대성홀딩스,16,4279844400,124900,,,2026-08-18T22:40:01+09:00
2023-02-22,329180,현대중공업,17,4187985300,112800,,,2026-08-18T22:40:01+09:00
2023-02-22,028260,삼성물산,18,4052706300,113200,,,2026-08-18T22:40:01+09:00
2023-02-22,383220,F&F,19,3869063500,142400,,,2026-08-18T22:40:01+09:00
2023-02-22,000660,SK하이닉스,20,3754056300,89100,,,2026-08-18T22:40:01+09:00
2023-02-23,000660,SK하이닉스,1,61937733600,92700,2439.09,,2026-09-09T21:45:40+09:00
2023-02-23,005930,삼성전자,2,43547747400,62000,2439.09,,2026-09-09T21:45:40+09:00
2023-02-23,005380,현대차,3,21575267100,176200,2439.09,,2026-09-09T21:45:40+09:00
2023-02-23,012330,현대모비스,4,11447569000,217500,2439.09,,2026-09-09T21:45:40+09:00
2023-02-23,012450,한화에어로스페이스,5,11097408300,89000,2439.09,,2026-09-09T21:45:40+09:00
2023-02-23,003670,포스코케미칼,6,9832715000,217500,2439.09,,2026-09-09T21:45:40+09:00
2023-02-23,066570,LG전자,7,9317846400,114700,2439.09,,2026-09-09T21:45:40+09:00
2023-02-23,011200,HMM,8,7720879350,22800,2439.09,,2026-09-09T21:45:40+09:00
2023-02-23,000810,삼성화재,9,6354797500,212500,2439.09,,2026-09-09T21:45:40+09:00
2023-02-23,000990,DB하이텍,10,5897196000,47050,2439.09,,2026-09-09T21:45:40+09:00
2023-02-23,001450,현대해상,11,5775099650,33850,2439.09,,2026-09-09T21:45:40+09:00
2023-02-23,145720,덴티움,12,5231272600,118100,2439.09,,2026-09-09T21:45:40+09:00
2023-02-23,034020,두산에너빌리티,13,4655770730,16330,2439.09,,2026-09-09T21:45:40+09:00
2023-02-23,259960,크래프톤,14,4589621300,174200,2439.09,,2026-09-09T21:45:40+09:00
2023-02-23,088350,한화생명,15,4403855810,2810,2439.09,,2026-09-09T21:45:40+09:00
2023-02-23,004690,삼천리,16,4208411000,488500,2439.09,,2026-09-09T21:45:40+09:00
2023-02-23,086790,하나금융지주,17,4088562850,45200,2439.09,,2026-09-09T21:45:40+09:00
2023-02-23,034730,SK,18,4024482900,182500,2439.09,,2026-09-09T21:45:40+09:00
2023-02-23,090430,아모레퍼시픽,19,3979638100,146100,2439.09,,2026-09-09T21:45:40+09:00
2023-02-23,272210,한화시스템,20,3689684200,13730,2439.09,,2026-09-09T21:45:40+09:00
2023-02-24,012450,한화에어로스페이스,1,11073273900,92200,2423.61,,2026-09-09T21:45:44+09:00
2023-02-24,009830,한화솔루션,2,10209386600,41600,2423.61,,2026-09-09T21:45:44+09:00
2023-02-24,011200,HMM,3,9304822400,23050,2423.61,,2026-09-09T21:45:44+09:00
2023-02-24,007660,이수페타시스,4,9211539120,9420,2423.61,,2026-09-09T21:45:44+09:00
2023-02-24,079550,LIG넥스원,5,6479563500,77300,2423.61,,2026-09-09T21:45:44+09:00
2023-02-24,316140,우리금융지주,6,6206339830,12310,2423.61,,2026-09-09T21:45:44+09:00
2023-02-24,097950,CJ제일제당,7,5841705500,327500,2423.61,,2026-09-09T21:45:44+09:00
2023-02-24,010140,삼성중공업,8,5768817310,5770,2423.61,,2026-09-09T21:45:44+09:00
2023-02-24,004690,삼천리,9,5748711500,494500,2423.61,,2026-09-09T21:45:44+09:00
2023-02-24,032640,LG유플러스,10,4567251500,10910,2423.61,,2026-09-09T21:45:44+09:00
2023-02-24,042660,대우조선해양,11,4407804800,25950,2423.61,,2026-09-09T21:45:44+09:00
2023-02-24,002790,아모레G,12,3729890900,41050,2423.61,,2026-09-09T21:45:44+09:00
2023-02-24,068270,셀트리온,13,3240360900,149300,2423.61,,2026-09-09T21:45:44+09:00
2023-02-24,003490,대한항공,14,3136399350,23050,2423.61,,2026-09-09T21:45:44+09:00
2023-02-24,086790,하나금융지주,15,3130366650,45300,2423.61,,2026-09-09T21:45:44+09:00
2023-02-24,138040,메리츠금융지주,16,2896650400,43600,2423.61,,2026-09-09T21:45:44+09:00
2023-02-24,241560,두산밥캣,17,2704802400,38500,2423.61,,2026-09-09T21:45:44+09:00
2023-02-24,042670,현대두산인프라코어,18,2616248230,8880,2423.61,,2026-09-09T21:45:44+09:00
2023-02-24,005420,코스모화학,19,2606153500,37000,2423.61,,2026-09-09T21:45:44+09:00
2023-02-24,089590,제주항공,20,2525637600,15680,2423.61,,2026-09-09T21:45:44+09:00
2023-02-27,035420,NAVER,1,14657226500,208000,2402.64,,2026-09-09T21:45:53+09:00
2023-02-27,003670,포스코케미칼,2,11276638500,220000,2402.64,,2026-09-09T21:45:53+09:00
2023-02-27,000150,두산,3,9354382900,100000,2402.64,,2026-09-09T21:45:53+09:00
2023-02-27,323410,카카오뱅크,4,8214137700,25450,2402.64,,2026-09-09T21:45:53+09:00
2023-02-27,352820,하이브,5,5771987000,182400,2402.64,,2026-09-09T21:45:53+09:00
2023-02-27,086790,하나금융지주,6,5035021600,45500,2402.64,,2026-09-09T21:45:53+09:00
2023-02-27,033780,KT&G,7,4853096000,89700,2402.64,,2026-09-09T21:45:53+09:00
2023-02-27,002790,아모레G,8,4363253350,40150,2402.64,,2026-09-09T21:45:53+09:00
2023-02-27,307950,현대오토에버,9,3114428500,113400,2402.64,,2026-09-09T21:45:53+09:00
2023-02-27,024110,기업은행,10,3082110370,10220,2402.64,,2026-09-09T21:45:53+09:00
2023-02-27,034020,두산에너빌리티,11,3079456170,16260,2402.64,,2026-09-09T21:45:53+09:00
2023-02-27,020150,일진머티리얼즈,12,3020736100,61600,2402.64,,2026-09-09T21:45:53+09:00
2023-02-27,006400,삼성SDI,13,2678084000,678000,2402.64,,2026-09-09T21:45:53+09:00
2023-02-27,042670,현대두산인프라코어,14,2652210910,8660,2402.64,,2026-09-09T21:45:53+09:00
2023-02-27,000810,삼성화재,15,2597976500,216500,2402.64,,2026-09-09T21:45:53+09:00
2023-02-27,096770,SK이노베이션,16,2448479200,151900,2402.64,,2026-09-09T21:45:53+09:00
2023-02-27,377300,카카오페이,17,2434683900,60900,2402.64,,2026-09-09T21:45:53+09:00
2023-02-27,006260,LS,18,2358324300,67300,2402.64,,2026-09-09T21:45:53+09:00
2023-02-27,032830,삼성생명,19,2351522800,67300,2402.64,,2026-09-09T21:45:53+09:00
2023-02-27,021240,코웨이,20,2237776500,53300,2402.64,,2026-09-09T21:45:53+09:00
2023-02-28,005380,현대차,1,26370062300,176300,2412.85,,2026-09-09T21:45:57+09:00
2023-02-28,323410,카카오뱅크,2,15770911350,26650,2412.85,,2026-09-09T21:45:57+09:00
2023-02-28,377300,카카오페이,3,15346320700,62700,2412.85,,2026-09-09T21:45:57+09:00
2023-02-28,011790,SKC,4,9081823800,98000,2412.85,,2026-09-09T21:45:57+09:00
2023-02-28,352820,하이브,5,9036044600,185100,2412.85,,2026-09-09T21:45:57+09:00
2023-02-28,012450,한화에어로스페이스,6,8150841900,90000,2412.85,,2026-09-09T21:45:57+09:00
2023-02-28,030200,KT,7,7742483300,30450,2412.85,,2026-09-09T21:45:57+09:00
2023-02-28,051910,LG화학,8,7675769000,680000,2412.85,,2026-09-09T21:45:57+09:00
2023-02-28,024110,기업은행,9,7236623460,10380,2412.85,,2026-09-09T21:45:57+09:00
2023-02-28,005070,코스모신소재,10,7196903800,77500,2412.85,,2026-09-09T21:45:57+09:00
2023-02-28,138040,메리츠금융지주,11,6701715350,45000,2412.85,,2026-09-09T21:45:57+09:00
2023-02-28,004690,삼천리,12,6509782500,513000,2412.85,,2026-09-09T21:45:57+09:00
2023-02-28,032640,LG유플러스,13,6433022250,11070,2412.85,,2026-09-09T21:45:57+09:00
2023-02-28,039130,하나투어,14,6392081800,64500,2412.85,,2026-09-09T21:45:57+09:00
2023-02-28,373220,LG에너지솔루션,15,6136427000,523000,2412.85,,2026-09-09T21:45:57+09:00
2023-02-28,001040,CJ,16,5982657300,86900,2412.85,,2026-09-09T21:45:57+09:00
2023-02-28,009900,명신산업,17,5686973180,20200,2412.85,,2026-09-09T21:45:57+09:00
2023-02-28,020150,일진머티리얼즈,18,5305246600,63600,2412.85,,2026-09-09T21:45:57+09:00
2023-02-28,006400,삼성SDI,19,4887882000,696000,2412.85,,2026-09-09T21:45:57+09:00
2023-02-28,005420,코스모화학,20,4402125600,41750,2412.85,,2026-09-09T21:45:57+09:00
2023-03-02,005930,삼성전자,1,155738706800,60800,2427.85,,2026-09-09T21:46:04+09:00
2023-03-02,017390,서울가스,2,50849151000,487500,2427.85,,2026-09-09T21:46:04+09:00
2023-03-02,373220,LG에너지솔루션,3,46893571000,535000,2427.85,,2026-09-09T21:46:04+09:00
2023-03-02,006400,삼성SDI,4,36682911000,710000,2427.85,,2026-09-09T21:46:04+09:00
2023-03-02,001570,금양,5,35814560350,42900,2427.85,,2026-09-09T21:46:04+09:00
2023-03-02,000270,기아,6,27119951200,77800,2427.85,,2026-09-09T21:46:04+09:00
2023-03-02,012330,현대모비스,7,20336005000,217000,2427.85,,2026-09-09T21:46:04+09:00
2023-03-02,034020,두산에너빌리티,8,19722869010,16580,2427.85,,2026-09-09T21:46:04+09:00
2023-03-02,005380,현대차,9,15624498500,178500,2427.85,,2026-09-09T21:46:04+09:00
2023-03-02,010060,OCI,10,13969791300,97200,2427.85,,2026-09-09T21:46:04+09:00
2023-03-02,096770,SK이노베이션,11,13663484300,160500,2427.85,,2026-09-09T21:46:04+09:00
2023-03-02,012450,한화에어로스페이스,12,11774939000,90900,2427.85,,2026-09-09T21:46:04+09:00
2023-03-02,112610,씨에스윈드,13,10194498500,69900,2427.85,,2026-09-09T21:46:04+09:00
2023-03-02,090430,아모레퍼시픽,14,9613207300,144600,2427.85,,2026-09-09T21:46:04+09:00
2023-03-02,005420,코스모화학,15,9529842650,46300,2427.85,,2026-09-09T21:46:04+09:00
2023-03-02,004020,현대제철,16,9269558750,37250,2427.85,,2026-09-09T21:46:04+09:00
2023-03-02,003490,대한항공,17,9222454350,23500,2427.85,,2026-09-09T21:46:04+09:00
2023-03-02,028260,삼성물산,18,9143891300,110900,2427.85,,2026-09-09T21:46:04+09:00
2023-03-02,028050,삼성엔지니어링,19,9125390350,27050,2427.85,,2026-09-09T21:46:04+09:00
2023-03-02,192820,코스맥스,20,8770283000,85800,2427.85,,2026-09-09T21:46:04+09:00
2023-03-03,051910,LG화학,1,33974925000,703000,2432.07,,2026-09-09T21:46:10+09:00
2023-03-03,005070,코스모신소재,2,33134805700,89700,2432.07,,2026-09-09T21:46:10+09:00
2023-03-03,006400,삼성SDI,3,27750134000,731000,2432.07,,2026-09-09T21:46:10+09:00
2023-03-03,003670,포스코케미칼,4,24739619000,229000,2432.07,,2026-09-09T21:46:10+09:00
2023-03-03,012450,한화에어로스페이스,5,16542691400,93700,2432.07,,2026-09-09T21:46:10+09:00
2023-03-03,302440,SK바이오사이언스,6,12268282800,71600,2432.07,,2026-09-09T21:46:10+09:00
2023-03-03,207940,삼성바이오로직스,7,9816853000,788000,2432.07,,2026-09-09T21:46:10+09:00
2023-03-03,361610,SK아이이테크놀로지,8,8997308100,68800,2432.07,,2026-09-09T21:46:10+09:00
2023-03-03,034730,SK,9,8983283000,181800,2432.07,,2026-09-09T21:46:10+09:00
2023-03-03,298050,효성첨단소재,10,8896814000,442000,2432.07,,2026-09-09T21:46:10+09:00
2023-03-03,096770,SK이노베이션,11,8511031800,160800,2432.07,,2026-09-09T21:46:10+09:00
2023-03-03,001450,현대해상,12,8089799300,33650,2432.07,,2026-09-09T21:46:10+09:00
2023-03-03,204320,HL만도,13,7193321150,51400,2432.07,,2026-09-09T21:46:10+09:00
2023-03-03,012330,현대모비스,14,6687278000,216500,2432.07,,2026-09-09T21:46:10+09:00
2023-03-03,004020,현대제철,15,6607823250,38100,2432.07,,2026-09-09T21:46:10+09:00
2023-03-03,005935,삼성전자우,16,6511072600,53700,2432.07,,2026-09-09T21:46:10+09:00
2023-03-03,020150,일진머티리얼즈,17,6428360500,71300,2432.07,,2026-09-09T21:46:10+09:00
2023-03-03,108320,LX세미콘,18,5529526800,90900,2432.07,,2026-09-09T21:46:10+09:00
2023-03-03,005950,이수화학,19,5051035200,28150,2432.07,,2026-09-09T21:46:10+09:00
2023-03-03,034020,두산에너빌리티,20,4612396170,16720,2432.07,,2026-09-09T21:46:10+09:00
2023-03-06,006400,삼성SDI,1,188905786000,781000,2462.62,,2026-09-09T21:51:12+09:00
2023-03-06,005930,삼성전자,2,79120891000,61500,2462.62,,2026-09-09T21:51:12+09:00
2023-03-06,035720,카카오,3,43790176700,63600,2462.62,,2026-09-09T21:51:12+09:00
2023-03-06,051910,LG화학,4,33980064000,726000,2462.62,,2026-09-09T21:51:12+09:00
2023-03-06,000660,SK하이닉스,5,28606089100,89700,2462.62,,2026-09-09T21:51:12+09:00
2023-03-06,096770,SK이노베이션,6,27319944500,168000,2462.62,,2026-09-09T21:51:12+09:00
2023-03-06,005935,삼성전자우,7,23261853200,54700,2462.62,,2026-09-09T21:51:12+09:00
2023-03-06,011070,LG이노텍,8,21276425500,281500,2462.62,,2026-09-09T21:51:12+09:00
2023-03-06,036570,엔씨소프트,9,19714274500,434500,2462.62,,2026-09-09T21:51:12+09:00
2023-03-06,035420,NAVER,10,15515575000,214500,2462.62,,2026-09-09T21:51:12+09:00
2023-03-06,207940,삼성바이오로직스,11,14884303000,801000,2462.62,,2026-09-09T21:51:12+09:00
2023-03-06,009150,삼성전기,12,14517266800,152900,2462.62,,2026-09-09T21:51:12+09:00
2023-03-06,377300,카카오페이,13,12647938800,63000,2462.62,,2026-09-09T21:51:12+09:00
2023-03-06,005380,현대차,14,10972759500,177500,2462.62,,2026-09-09T21:51:12+09:00
2023-03-06,034020,두산에너빌리티,15,8838623220,16890,2462.62,,2026-09-09T21:51:12+09:00
2023-03-06,195870,해성디에스,16,7970200900,48300,2462.62,,2026-09-09T21:51:12+09:00
2023-03-06,005950,이수화학,17,6315898600,36550,2462.62,,2026-09-09T21:51:12+09:00
2023-03-06,352820,하이브,18,5968374600,191800,2462.62,,2026-09-09T21:51:12+09:00
2023-03-06,323410,카카오뱅크,19,5261292900,26600,2462.62,,2026-09-09T21:51:12+09:00
2023-03-06,024110,기업은행,20,4543041580,10230,2462.62,,2026-09-09T21:51:12+09:00
2023-03-07,006400,삼성SDI,1,132476803000,793000,2463.35,,2026-09-09T21:51:16+09:00
2023-03-07,003670,포스코케미칼,2,130924333000,260500,2463.35,,2026-09-09T21:51:16+09:00
2023-03-07,373220,LG에너지솔루션,3,91295473000,566000,2463.35,,2026-09-09T21:51:16+09:00
2023-03-07,051910,LG화학,4,59427293000,740000,2463.35,,2026-09-09T21:51:16+09:00
2023-03-07,001570,금양,5,37228453950,53100,2463.35,,2026-09-09T21:51:16+09:00
2023-03-07,096770,SK이노베이션,6,33814600600,176800,2463.35,,2026-09-09T21:51:16+09:00
2023-03-07,000660,SK하이닉스,7,19767301200,88900,2463.35,,2026-09-09T21:51:16+09:00
2023-03-07,017670,SK텔레콤,8,12081294000,47450,2463.35,,2026-09-09T21:51:16+09:00
2023-03-07,112610,씨에스윈드,9,9210947300,76300,2463.35,,2026-09-09T21:51:16+09:00
2023-03-07,005935,삼성전자우,10,8694784600,54100,2463.35,,2026-09-09T21:51:16+09:00
2023-03-07,012450,한화에어로스페이스,11,7740282800,97300,2463.35,,2026-09-09T21:51:16+09:00
2023-03-07,336260,두산퓨얼셀,12,6224451900,36750,2463.35,,2026-09-09T21:51:16+09:00
2023-03-07,051900,LG생활건강,13,5526692000,672000,2463.35,,2026-09-09T21:51:16+09:00
2023-03-07,090430,아모레퍼시픽,14,4728984700,141500,2463.35,,2026-09-09T21:51:16+09:00
2023-03-07,316140,우리금융지주,15,4670450890,11780,2463.35,,2026-09-09T21:51:16+09:00
2023-03-07,034020,두산에너빌리티,16,4531417290,16840,2463.35,,2026-09-09T21:51:16+09:00
2023-03-07,361610,SK아이이테크놀로지,17,4280211500,69400,2463.35,,2026-09-09T21:51:16+09:00
2023-03-07,336370,솔루스첨단소재,18,3897736350,44350,2463.35,,2026-09-09T21:51:16+09:00
2023-03-07,009540,한국조선해양,19,3878304300,79700,2463.35,,2026-09-09T21:51:16+09:00
2023-03-07,028050,삼성엔지니어링,20,3672207250,27100,2463.35,,2026-09-09T21:51:16+09:00
2023-03-08,241560,두산밥캣,1,120071203800,41600,2431.91,,2026-09-09T21:51:21+09:00
2023-03-08,005930,삼성전자,2,93502977900,60300,2431.91,,2026-09-09T21:51:21+09:00
2023-03-08,009540,한국조선해양,3,90176914086,77900,2431.91,,2026-09-09T21:51:21+09:00
2023-03-08,000990,DB하이텍,4,42502632000,53000,2431.91,,2026-09-09T21:51:21+09:00
2023-03-08,005380,현대차,5,24630547800,174900,2431.91,,2026-09-09T21:51:21+09:00
2023-03-08,066570,LG전자,6,20342779100,117500,2431.91,,2026-09-09T21:51:21+09:00
2023-03-08,005935,삼성전자우,7,19083020400,54100,2431.91,,2026-09-09T21:51:21+09:00
2023-03-08,086790,하나금융지주,8,14021452800,43500,2431.91,,2026-09-09T21:51:21+09:00
2023-03-08,036570,엔씨소프트,9,12601080000,410500,2431.91,,2026-09-09T21:51:21+09:00
2023-03-08,028260,삼성물산,10,10524929700,111000,2431.91,,2026-09-09T21:51:21+09:00
2023-03-08,005420,코스모화학,11,10354122950,52300,2431.91,,2026-09-09T21:51:21+09:00
2023-03-08,028050,삼성엔지니어링,12,7653520550,27100,2431.91,,2026-09-09T21:51:21+09:00
2023-03-08,017670,SK텔레콤,13,6837269300,46700,2431.91,,2026-09-09T21:51:21+09:00
2023-03-08,004020,현대제철,14,5812515150,34800,2431.91,,2026-09-09T21:51:21+09:00
2023-03-08,012330,현대모비스,15,5277304500,215500,2431.91,,2026-09-09T21:51:21+09:00
2023-03-08,000270,기아,16,4276877100,78900,2431.91,,2026-09-09T21:51:21+09:00
2023-03-08,001450,현대해상,17,4252960100,33950,2431.91,,2026-09-09T21:51:21+09:00
2023-03-08,005830,DB손해보험,18,3950446800,73600,2431.91,,2026-09-09T21:51:21+09:00
2023-03-08,271560,오리온,19,3806706800,129000,2431.91,,2026-09-09T21:51:21+09:00
2023-03-08,042660,대우조선해양,20,3603825000,22300,2431.91,,2026-09-09T21:51:21+09:00
2023-03-09,096770,SK이노베이션,1,36098848900,164900,2419.09,,2026-09-09T21:51:26+09:00
2023-03-09,028050,삼성엔지니어링,2,11826652600,28650,2419.09,,2026-09-09T21:51:26+09:00
2023-03-09,051910,LG화학,3,11723824000,710000,2419.09,,2026-09-09T21:51:26+09:00
2023-03-09,064350,현대로템,4,7950554800,25400,2419.09,,2026-09-09T21:51:26+09:00
2023-03-09,034020,두산에너빌리티,5,7796521560,18140,2419.09,,2026-09-09T21:51:26+09:00
2023-03-09,000990,DB하이텍,6,7559677050,50200,2419.09,,2026-09-09T21:51:26+09:00
2023-03-09,138040,메리츠금융지주,7,7025411500,43150,2419.09,,2026-09-09T21:51:26+09:00
2023-03-09,047050,포스코인터내셔널,8,7002991100,22100,2419.09,,2026-09-09T21:51:26+09:00
2023-03-09,005380,현대차,9,6873873500,176300,2419.09,,2026-09-09T21:51:26+09:00
2023-03-09,352820,하이브,10,4998855800,176500,2419.09,,2026-09-09T21:51:26+09:00
2023-03-09,112610,씨에스윈드,11,4533785700,74300,2419.09,,2026-09-09T21:51:26+09:00
2023-03-09,036570,엔씨소프트,12,4288990000,405000,2419.09,,2026-09-09T21:51:26+09:00
2023-03-09,267270,현대건설기계,13,3367167300,54600,2419.09,,2026-09-09T21:51:26+09:00
2023-03-09,002790,아모레G,14,2908475700,39150,2419.09,,2026-09-09T21:51:26+09:00
2023-03-09,014580,태경비케이,15,2716098360,7150,2419.09,,2026-09-09T21:51:26+09:00
2023-03-09,001040,CJ,16,2624453800,94200,2419.09,,2026-09-09T21:51:26+09:00
2023-03-09,010690,화신,17,2486069320,11540,2419.09,,2026-09-09T21:51:26+09:00
2023-03-09,004170,신세계,18,2373907000,207500,2419.09,,2026-09-09T21:51:26+09:00
2023-03-09,004360,세방,19,2215847650,44500,2419.09,,2026-09-09T21:51:26+09:00
2023-03-09,002380,KCC,20,2054639000,240500,2419.09,,2026-09-09T21:51:26+09:00
2023-03-10,006400,삼성SDI,1,15011257000,737000,2394.59,,2026-09-09T21:51:30+09:00
2023-03-10,005380,현대차,2,13463376500,175000,2394.59,,2026-09-09T21:51:30+09:00
2023-03-10,373220,LG에너지솔루션,3,11878671000,551000,2394.59,,2026-09-09T21:51:30+09:00
2023-03-10,352820,하이브,4,9563850800,183700,2394.59,,2026-09-09T21:51:30+09:00
2023-03-10,032830,삼성생명,5,8984577500,66600,2394.59,,2026-09-09T21:51:30+09:00
2023-03-10,005490,POSCO홀딩스,6,8663863000,320500,2394.59,,2026-09-09T21:51:30+09:00
2023-03-10,028050,삼성엔지니어링,7,8267001450,28750,2394.59,,2026-09-09T21:51:30+09:00
2023-03-10,034730,SK,8,7658856800,172300,2394.59,,2026-09-09T21:51:30+09:00
2023-03-10,005070,코스모신소재,9,7527528000,94300,2394.59,,2026-09-09T21:51:30+09:00
2023-03-10,086790,하나금융지주,10,7138878100,42250,2394.59,,2026-09-09T21:51:30+09:00
2023-03-10,003670,포스코케미칼,11,6878233500,247000,2394.59,,2026-09-09T21:51:30+09:00
2023-03-10,035420,NAVER,12,6559194700,199800,2394.59,,2026-09-09T21:51:30+09:00
2023-03-10,005420,코스모화학,13,6369404150,44200,2394.59,,2026-09-09T21:51:30+09:00
2023-03-10,000810,삼성화재,14,4976836500,214000,2394.59,,2026-09-09T21:51:30+09:00
2023-03-10,241560,두산밥캣,15,3676658650,39550,2394.59,,2026-09-09T21:51:30+09:00
2023-03-10,012450,한화에어로스페이스,16,3347152000,95600,2394.59,,2026-09-09T21:51:30+09:00
2023-03-10,112610,씨에스윈드,17,3327015700,73000,2394.59,,2026-09-09T21:51:30+09:00
2023-03-10,298020,효성티앤씨,18,2982244500,421500,2394.59,,2026-09-09T21:51:30+09:00
2023-03-10,002790,아모레G,19,2382810850,37600,2394.59,,2026-09-09T21:51:30+09:00
2023-03-10,011200,HMM,20,2347640100,20650,2394.59,,2026-09-09T21:51:30+09:00
2023-03-13,005930,삼성전자,1,25743858200,60000,2410.6,,2026-09-09T21:51:37+09:00
2023-03-13,005387,현대차2우B,2,13176697600,95800,2410.6,,2026-09-09T21:51:37+09:00
2023-03-13,352820,하이브,3,12323779400,189600,2410.6,,2026-09-09T21:51:37+09:00
2023-03-13,373220,LG에너지솔루션,4,10338317000,563000,2410.6,,2026-09-09T21:51:37+09:00
2023-03-13,000270,기아,5,10123623400,78800,2410.6,,2026-09-09T21:51:37+09:00
2023-03-13,012450,한화에어로스페이스,6,9792207600,95600,2410.6,,2026-09-09T21:51:37+09:00
2023-03-13,323410,카카오뱅크,7,9437213100,24400,2410.6,,2026-09-09T21:51:37+09:00
2023-03-13,161390,한국타이어앤테크놀로지,8,9302582850,34500,2410.6,,2026-09-09T21:51:37+09:00
2023-03-13,064350,현대로템,9,8684301800,24550,2410.6,,2026-09-09T21:51:37+09:00
2023-03-13,377300,카카오페이,10,6917983400,60700,2410.6,,2026-09-09T21:51:37+09:00
2023-03-13,051910,LG화학,11,6473015000,718000,2410.6,,2026-09-09T21:51:37+09:00
2023-03-13,005380,현대차,12,6455066200,176000,2410.6,,2026-09-09T21:51:37+09:00
2023-03-13,000810,삼성화재,13,6414492500,218000,2410.6,,2026-09-09T21:51:37+09:00
2023-03-13,005940,NH투자증권,14,6247725080,9510,2410.6,,2026-09-09T21:51:37+09:00
2023-03-13,066570,LG전자,15,5879836400,117500,2410.6,,2026-09-09T21:51:37+09:00
2023-03-13,005070,코스모신소재,16,5784605600,94500,2410.6,,2026-09-09T21:51:37+09:00
2023-03-13,071050,한국금융지주,17,5302275700,60200,2410.6,,2026-09-09T21:51:37+09:00
2023-03-13,028260,삼성물산,18,4628036300,108900,2410.6,,2026-09-09T21:51:37+09:00
2023-03-13,010780,아이에스동서,19,4124037500,42400,2410.6,,2026-09-09T21:51:37+09:00
2023-03-13,241560,두산밥캣,20,4090678900,39550,2410.6,,2026-09-09T21:51:37+09:00
2023-03-14,377300,카카오페이,1,16416743700,61800,2348.97,,2026-09-09T21:51:42+09:00
2023-03-14,003670,포스코케미칼,2,15393699000,239000,2348.97,,2026-09-09T21:51:42+09:00
2023-03-14,017670,SK텔레콤,3,12582316550,46950,2348.97,,2026-09-09T21:51:42+09:00
2023-03-14,005387,현대차2우B,4,8095345400,95700,2348.97,,2026-09-09T21:51:42+09:00
2023-03-14,064350,현대로템,5,7747123950,24050,2348.97,,2026-09-09T21:51:42+09:00
2023-03-14,323410,카카오뱅크,6,5269027000,24300,2348.97,,2026-09-09T21:51:42+09:00
2023-03-14,000150,두산,7,4882540100,99300,2348.97,,2026-09-09T21:51:42+09:00
2023-03-14,012450,한화에어로스페이스,8,4829520200,95000,2348.97,,2026-09-09T21:51:42+09:00
2023-03-14,028260,삼성물산,9,4320325800,107000,2348.97,,2026-09-09T21:51:42+09:00
2023-03-14,032830,삼성생명,10,4289891500,66000,2348.97,,2026-09-09T21:51:42+09:00
2023-03-14,175330,JB금융지주,11,3894575670,8890,2348.97,,2026-09-09T21:51:42+09:00
2023-03-14,005420,코스모화학,12,3806871350,41500,2348.97,,2026-09-09T21:51:42+09:00
2023-03-14,006220,제주은행,13,3582444400,17130,2348.97,,2026-09-09T21:51:42+09:00
2023-03-14,007660,이수페타시스,14,3419547080,8010,2348.97,,2026-09-09T21:51:42+09:00
2023-03-14,010120,LS ELECTRIC,15,3155939000,52700,2348.97,,2026-09-09T21:51:42+09:00
2023-03-14,051600,한전KPS,16,2745382200,35500,2348.97,,2026-09-09T21:51:42+09:00
2023-03-14,052690,한전기술,17,2700566500,67100,2348.97,,2026-09-09T21:51:42+09:00
2023-03-14,042700,한미반도체,18,2146931900,14320,2348.97,,2026-09-09T21:51:42+09:00
2023-03-14,002790,아모레G,19,2050670750,36200,2348.97,,2026-09-09T21:51:42+09:00
2023-03-14,145720,덴티움,20,1938396300,113200,2348.97,,2026-09-09T21:51:42+09:00
2023-03-15,005930,삼성전자,1,56995816400,59800,2379.72,,2026-09-09T21:51:46+09:00
2023-03-15,066570,LG전자,2,28772307900,117400,2379.72,,2026-09-09T21:51:46+09:00
2023-03-15,000270,기아,3,20712227900,79600,2379.72,,2026-09-09T21:51:46+09:00
2023-03-15,006110,삼아알미늄,4,20218917050,54000,2379.72,,2026-09-09T21:51:46+09:00
2023-03-15,001570,금양,5,16711201050,49650,2379.72,,2026-09-09T21:51:46+09:00
2023-03-15,064350,현대로템,6,16303819950,25250,2379.72,,2026-09-09T21:51:46+09:00
2023-03-15,028050,삼성엔지니어링,7,15160378100,30200,2379.72,,2026-09-09T21:51:46+09:00
2023-03-15,012450,한화에어로스페이스,8,15141835000,99300,2379.72,,2026-09-09T21:51:46+09:00
2023-03-15,051910,LG화학,9,12756481000,721000,2379.72,,2026-09-09T21:51:46+09:00
2023-03-15,034020,두산에너빌리티,10,8956300730,17690,2379.72,,2026-09-09T21:51:46+09:00
2023-03-15,010120,LS ELECTRIC,11,5822422400,56100,2379.72,,2026-09-09T21:51:46+09:00
2023-03-15,005380,현대차,12,5769382700,174300,2379.72,,2026-09-09T21:51:46+09:00
2023-03-15,402340,SK스퀘어,13,5049491700,35650,2379.72,,2026-09-09T21:51:46+09:00
2023-03-15,271560,오리온,14,4986475000,132100,2379.72,,2026-09-09T21:51:46+09:00
2023-03-15,161390,한국타이어앤테크놀로지,15,4222921150,34800,2379.72,,2026-09-09T21:51:46+09:00
2023-03-15,336260,두산퓨얼셀,16,4167286450,35200,2379.72,,2026-09-09T21:51:46+09:00
2023-03-15,005387,현대차2우B,17,3886554600,95800,2379.72,,2026-09-09T21:51:46+09:00
2023-03-15,016710,대성홀딩스,18,3811549100,132700,2379.72,,2026-09-09T21:51:46+09:00
2023-03-15,047810,한국항공우주,19,3688542200,42600,2379.72,,2026-09-09T21:51:46+09:00
2023-03-15,017670,SK텔레콤,20,3639675550,47600,2379.72,,2026-09-09T21:51:46+09:00
2023-03-16,003670,포스코케미칼,1,59141819000,269500,2377.91,,2026-09-09T21:51:50+09:00
2023-03-16,005930,삼성전자,2,24666853400,59900,2377.91,,2026-09-09T21:51:50+09:00
2023-03-16,051900,LG생활건강,3,21023456000,559000,2377.91,,2026-09-09T21:51:50+09:00
2023-03-16,035720,카카오,4,18872055400,59900,2377.91,,2026-09-09T21:51:50+09:00
2023-03-16,006400,삼성SDI,5,17649541000,739000,2377.91,,2026-09-09T21:51:50+09:00
2023-03-16,035420,NAVER,6,16315508700,197100,2377.91,,2026-09-09T21:51:50+09:00
2023-03-16,028050,삼성엔지니어링,7,13899572400,29500,2377.91,,2026-09-09T21:51:50+09:00
2023-03-16,068270,셀트리온,8,13860767000,151600,2377.91,,2026-09-09T21:51:50+09:00
2023-03-16,352820,하이브,9,13809093600,176500,2377.91,,2026-09-09T21:51:50+09:00
2023-03-16,051910,LG화학,10,9459145000,730000,2377.91,,2026-09-09T21:51:50+09:00
2023-03-16,373220,LG에너지솔루션,11,8602860000,576000,2377.91,,2026-09-09T21:51:50+09:00
2023-03-16,207940,삼성바이오로직스,12,8218274000,790000,2377.91,,2026-09-09T21:51:50+09:00
2023-03-16,096770,SK이노베이션,13,7846492400,163500,2377.91,,2026-09-09T21:51:50+09:00
2023-03-16,028260,삼성물산,14,7513165200,107100,2377.91,,2026-09-09T21:51:50+09:00
2023-03-16,036570,엔씨소프트,15,6893239000,372500,2377.91,,2026-09-09T21:51:50+09:00
2023-03-16,064350,현대로템,16,4369063650,25600,2377.91,,2026-09-09T21:51:50+09:00
2023-03-16,090430,아모레퍼시픽,17,4130936400,124200,2377.91,,2026-09-09T21:51:50+09:00
2023-03-16,005380,현대차,18,3806094700,174000,2377.91,,2026-09-09T21:51:50+09:00
2023-03-16,028670,팬오션,19,3768306120,5730,2377.91,,2026-09-09T21:51:50+09:00
2023-03-16,017670,SK텔레콤,20,3668841150,47200,2377.91,,2026-09-09T21:51:50+09:00
2023-03-17,005930,삼성전자,1,197191720500,61300,2395.69,,2026-09-09T21:51:55+09:00
2023-03-17,005380,현대차,2,23345617600,176600,2395.69,,2026-09-09T21:51:55+09:00
2023-03-17,207940,삼성바이오로직스,3,23257773000,808000,2395.69,,2026-09-09T21:51:55+09:00
2023-03-17,005387,현대차2우B,4,22657914000,95400,2395.69,,2026-09-09T21:51:55+09:00
2023-03-17,051900,LG생활건강,5,16413419000,567000,2395.69,,2026-09-09T21:51:55+09:00
2023-03-17,009150,삼성전기,6,15704592200,153000,2395.69,,2026-09-09T21:51:55+09:00
2023-03-17,000270,기아,7,15664051600,80200,2395.69,,2026-09-09T21:51:55+09:00
2023-03-17,033780,KT&G,8,15226215900,91800,2395.69,,2026-09-09T21:51:55+09:00
2023-03-17,259960,크래프톤,9,13952698000,164400,2395.69,,2026-09-09T21:51:55+09:00
2023-03-17,066570,LG전자,10,13363651600,117900,2395.69,,2026-09-09T21:51:55+09:00
2023-03-17,028050,삼성엔지니어링,11,11915967350,29900,2395.69,,2026-09-09T21:51:55+09:00
2023-03-17,302440,SK바이오사이언스,12,10387411100,69700,2395.69,,2026-09-09T21:51:55+09:00
2023-03-17,352820,하이브,13,10254366000,179400,2395.69,,2026-09-09T21:51:55+09:00
2023-03-17,068270,셀트리온,14,9541268200,156500,2395.69,,2026-09-09T21:51:55+09:00
2023-03-17,012330,현대모비스,15,7769846500,217500,2395.69,,2026-09-09T21:51:55+09:00
2023-03-17,323410,카카오뱅크,16,6951170100,24700,2395.69,,2026-09-09T21:51:55+09:00
2023-03-17,032830,삼성생명,17,6562363900,64100,2395.69,,2026-09-09T21:51:55+09:00
2023-03-17,028260,삼성물산,18,5857868700,109600,2395.69,,2026-09-09T21:51:55+09:00
2023-03-17,007660,이수페타시스,19,5602686710,9100,2395.69,,2026-09-09T21:51:55+09:00
2023-03-17,316140,우리금융지주,20,5406226330,11090,2395.69,,2026-09-09T21:51:55+09:00
2023-03-20,035420,NAVER,1,22451978300,201500,2379.2,,2026-09-09T21:52:04+09:00
2023-03-20,005070,코스모신소재,2,17685341000,106100,2379.2,,2026-09-09T21:52:04+09:00
2023-03-20,012450,한화에어로스페이스,3,12471035800,95700,2379.2,,2026-09-09T21:52:04+09:00
2023-03-20,352820,하이브,4,12464999400,184000,2379.2,,2026-09-09T21:52:04+09:00
2023-03-20,001570,금양,5,11456801200,48750,2379.2,,2026-09-09T21:52:04+09:00
2023-03-20,028050,삼성엔지니어링,6,10631604550,30250,2379.2,,2026-09-09T21:52:04+09:00
2023-03-20,017670,SK텔레콤,7,9047047100,47650,2379.2,,2026-09-09T21:52:04+09:00
2023-03-20,112610,씨에스윈드,8,7123889600,70000,2379.2,,2026-09-09T21:52:04+09:00
2023-03-20,006400,삼성SDI,9,6479766000,715000,2379.2,,2026-09-09T21:52:04+09:00
2023-03-20,005830,DB손해보험,10,6031036700,70700,2379.2,,2026-09-09T21:52:04+09:00
2023-03-20,373220,LG에너지솔루션,11,5966495000,544000,2379.2,,2026-09-09T21:52:04+09:00
2023-03-20,006110,삼아알미늄,12,5019944300,66600,2379.2,,2026-09-09T21:52:04+09:00
2023-03-20,207940,삼성바이오로직스,13,4849537000,812000,2379.2,,2026-09-09T21:52:04+09:00
2023-03-20,001450,현대해상,14,4485634150,33400,2379.2,,2026-09-09T21:52:04+09:00
2023-03-20,005420,코스모화학,15,4273753800,43200,2379.2,,2026-09-09T21:52:04+09:00
2023-03-20,010060,OCI,16,3930837100,95700,2379.2,,2026-09-09T21:52:04+09:00
2023-03-20,003550,LG,17,3617450900,87000,2379.2,,2026-09-09T21:52:04+09:00
2023-03-20,035720,카카오,18,3301397800,61000,2379.2,,2026-09-09T21:52:04+09:00
2023-03-20,005950,이수화학,19,2785699600,32650,2379.2,,2026-09-09T21:52:04+09:00
2023-03-20,064350,현대로템,20,2669727000,25800,2379.2,,2026-09-09T21:52:04+09:00
2023-03-21,001570,금양,1,44124856250,60600,2388.35,,2026-09-09T21:52:08+09:00
2023-03-21,017670,SK텔레콤,2,26741535500,48800,2388.35,,2026-09-09T21:52:08+09:00
2023-03-21,066570,LG전자,3,17967719800,113300,2388.35,,2026-09-09T21:52:08+09:00
2023-03-21,012450,한화에어로스페이스,4,16218705000,97400,2388.35,,2026-09-09T21:52:08+09:00
2023-03-21,329180,현대중공업,5,12539558700,100600,2388.35,,2026-09-09T21:52:08+09:00
2023-03-21,010060,OCI,6,11690733500,100100,2388.35,,2026-09-09T21:52:08+09:00
2023-03-21,259960,크래프톤,7,9239107900,169200,2388.35,,2026-09-09T21:52:08+09:00
2023-03-21,005380,현대차,8,8889684500,175800,2388.35,,2026-09-09T21:52:08+09:00
2023-03-21,028050,삼성엔지니어링,9,7639010200,29950,2388.35,,2026-09-09T21:52:08+09:00
2023-03-21,352820,하이브,10,7190404900,189600,2388.35,,2026-09-09T21:52:08+09:00
2023-03-21,001450,현대해상,11,5786798100,34000,2388.35,,2026-09-09T21:52:08+09:00
2023-03-21,064350,현대로템,12,5537541050,25850,2388.35,,2026-09-09T21:52:08+09:00
2023-03-21,012330,현대모비스,13,5133703500,215000,2388.35,,2026-09-09T21:52:08+09:00
2023-03-21,003550,LG,14,5112781300,85700,2388.35,,2026-09-09T21:52:08+09:00
2023-03-21,005950,이수화학,15,4934180050,39100,2388.35,,2026-09-09T21:52:08+09:00
2023-03-21,086280,현대글로비스,16,4857753600,157300,2388.35,,2026-09-09T21:52:08+09:00
2023-03-21,035720,카카오,17,4823233900,60900,2388.35,,2026-09-09T21:52:08+09:00
2023-03-21,028260,삼성물산,18,4641877200,108800,2388.35,,2026-09-09T21:52:08+09:00
2023-03-21,251270,넷마블,19,4271685800,62400,2388.35,,2026-09-09T21:52:08+09:00
2023-03-21,316140,우리금융지주,20,4258701770,11270,2388.35,,2026-09-09T21:52:08+09:00
2023-03-22,005930,삼성전자,1,104467545100,61100,2416.96,,2026-09-09T21:52:13+09:00
2023-03-22,373220,LG에너지솔루션,2,74287394000,573000,2416.96,,2026-09-09T21:52:13+09:00
2023-03-22,000660,SK하이닉스,3,33232156800,86900,2416.96,,2026-09-09T21:52:13+09:00
2023-03-22,035420,NAVER,4,31773080000,207000,2416.96,,2026-09-09T21:52:13+09:00
2023-03-22,005380,현대차,5,31144011000,180300,2416.96,,2026-09-09T21:52:13+09:00
2023-03-22,035720,카카오,6,27683471100,62700,2416.96,,2026-09-09T21:52:13+09:00
2023-03-22,051910,LG화학,7,21801032000,703000,2416.96,,2026-09-09T21:52:13+09:00
2023-03-22,259960,크래프톤,8,18530484300,177200,2416.96,,2026-09-09T21:52:13+09:00
2023-03-22,066570,LG전자,9,18194362300,114200,2416.96,,2026-09-09T21:52:13+09:00
2023-03-22,000270,기아,10,17643502800,78900,2416.96,,2026-09-09T21:52:13+09:00
2023-03-22,003550,LG,11,12257945200,83800,2416.96,,2026-09-09T21:52:13+09:00
2023-03-22,010060,OCI,12,9702276600,102000,2416.96,,2026-09-09T21:52:13+09:00
2023-03-22,028050,삼성엔지니어링,13,9430770200,29450,2416.96,,2026-09-09T21:52:13+09:00
2023-03-22,032830,삼성생명,14,7633998400,65100,2416.96,,2026-09-09T21:52:13+09:00
2023-03-22,005070,코스모신소재,15,6472820000,124500,2416.96,,2026-09-09T21:52:13+09:00
2023-03-22,323410,카카오뱅크,16,6024574700,25000,2416.96,,2026-09-09T21:52:13+09:00
2023-03-22,081660,휠라홀딩스,17,5764344800,36200,2416.96,,2026-09-09T21:52:13+09:00
2023-03-22,074610,이엔플러스,18,5502102040,6740,2416.96,,2026-09-09T21:52:13+09:00
2023-03-22,361610,SK아이이테크놀로지,19,4755083700,64400,2416.96,,2026-09-09T21:52:13+09:00
2023-03-22,161390,한국타이어앤테크놀로지,20,4669539200,33300,2416.96,,2026-09-09T21:52:13+09:00
2023-03-23,005930,삼성전자,1,250604212000,62300,2424.48,,2026-09-09T21:52:18+09:00
2023-03-23,003670,포스코케미칼,2,28800744000,260500,2424.48,,2026-09-09T21:52:18+09:00
2023-03-23,012450,한화에어로스페이스,3,27634867700,92100,2424.48,,2026-09-09T21:52:18+09:00
2023-03-23,006400,삼성SDI,4,25941714000,746000,2424.48,,2026-09-09T21:52:18+09:00
2023-03-23,005380,현대차,5,21314366500,180500,2424.48,,2026-09-09T21:52:18+09:00
2023-03-23,001570,금양,6,19196358400,72200,2424.48,,2026-09-09T21:52:18+09:00
2023-03-23,051910,LG화학,7,18665225000,712000,2424.48,,2026-09-09T21:52:18+09:00
2023-03-23,005950,이수화학,8,15935690650,47700,2424.48,,2026-09-09T21:52:18+09:00
2023-03-23,008770,호텔신라,9,9605932300,78900,2424.48,,2026-09-09T21:52:18+09:00
2023-03-23,012330,현대모비스,10,7935349000,217500,2424.48,,2026-09-09T21:52:18+09:00
2023-03-23,003550,LG,11,7786573500,83800,2424.48,,2026-09-09T21:52:18+09:00
2023-03-23,161390,한국타이어앤테크놀로지,12,7440495850,32950,2424.48,,2026-09-09T21:52:18+09:00
2023-03-23,009150,삼성전기,13,6678329700,151500,2424.48,,2026-09-09T21:52:18+09:00
2023-03-23,352820,하이브,14,6418011000,188400,2424.48,,2026-09-09T21:52:18+09:00
2023-03-23,028260,삼성물산,15,6258789500,108500,2424.48,,2026-09-09T21:52:18+09:00
2023-03-23,064350,현대로템,16,6128914300,25000,2424.48,,2026-09-09T21:52:18+09:00
2023-03-23,047810,한국항공우주,17,5008653100,43900,2424.48,,2026-09-09T21:52:18+09:00
2023-03-23,108320,LX세미콘,18,4769609400,95200,2424.48,,2026-09-09T21:52:18+09:00
2023-03-23,002710,TCC스틸,19,4412073600,22750,2424.48,,2026-09-09T21:52:18+09:00
2023-03-23,001040,CJ,20,3875488500,101100,2424.48,,2026-09-09T21:52:18+09:00
2023-03-24,005930,삼성전자,1,465063168500,63000,2414.96,,2026-09-09T21:52:23+09:00
2023-03-24,248070,솔루엠,2,53110733150,21350,2414.96,,2026-09-09T21:52:23+09:00
2023-03-24,009150,삼성전기,3,29265416100,154900,2414.96,,2026-09-09T21:52:23+09:00
2023-03-24,066570,LG전자,4,23370732200,113000,2414.96,,2026-09-09T21:52:23+09:00
2023-03-24,017670,SK텔레콤,5,12246822500,48350,2414.96,,2026-09-09T21:52:23+09:00
2023-03-24,035720,카카오,6,10957844100,61400,2414.96,,2026-09-09T21:52:23+09:00
2023-03-24,011070,LG이노텍,7,9073453500,258000,2414.96,,2026-09-09T21:52:23+09:00
2023-03-24,352820,하이브,8,7138435000,187500,2414.96,,2026-09-09T21:52:23+09:00
2023-03-24,271560,오리온,9,6318952600,133400,2414.96,,2026-09-09T21:52:23+09:00
2023-03-24,207940,삼성바이오로직스,10,5660586000,797000,2414.96,,2026-09-09T21:52:23+09:00
2023-03-24,012450,한화에어로스페이스,11,5641560300,91700,2414.96,,2026-09-09T21:52:23+09:00
2023-03-24,032830,삼성생명,12,5160592500,62600,2414.96,,2026-09-09T21:52:23+09:00
2023-03-24,353200,대덕전자,13,5087045550,23700,2414.96,,2026-09-09T21:52:23+09:00
2023-03-24,028260,삼성물산,14,5013205600,108200,2414.96,,2026-09-09T21:52:23+09:00
2023-03-24,042700,한미반도체,15,3908352170,19940,2414.96,,2026-09-09T21:52:23+09:00
2023-03-24,034730,SK,16,3817252300,165200,2414.96,,2026-09-09T21:52:23+09:00
2023-03-24,028050,삼성엔지니어링,17,3703349850,29250,2414.96,,2026-09-09T21:52:23+09:00
2023-03-24,000990,DB하이텍,18,3161726300,56600,2414.96,,2026-09-09T21:52:23+09:00
2023-03-24,033780,KT&G,19,3070595000,87500,2414.96,,2026-09-09T21:52:23+09:00
2023-03-24,033240,자화전자,20,2945481950,31500,2414.96,,2026-09-09T21:52:23+09:00
2023-03-27,074610,이엔플러스,1,29706322070,8740,2409.22,,2026-09-09T21:52:30+09:00
2023-03-27,006400,삼성SDI,2,23970780000,723000,2409.22,,2026-09-09T21:52:30+09:00
2023-03-27,005420,코스모화학,3,20024463750,51500,2409.22,,2026-09-09T21:52:30+09:00
2023-03-27,051910,LG화학,4,19272935000,698000,2409.22,,2026-09-09T21:52:30+09:00
2023-03-27,012450,한화에어로스페이스,5,15943393900,92900,2409.22,,2026-09-09T21:52:30+09:00
2023-03-27,005070,코스모신소재,6,15542184200,135000,2409.22,,2026-09-09T21:52:30+09:00
2023-03-27,068270,셀트리온,7,15291948400,158600,2409.22,,2026-09-09T21:52:30+09:00
2023-03-27,005380,현대차,8,9679564600,176100,2409.22,,2026-09-09T21:52:30+09:00
2023-03-27,066570,LG전자,9,9670788700,113500,2409.22,,2026-09-09T21:52:30+09:00
2023-03-27,012330,현대모비스,10,6471850000,211500,2409.22,,2026-09-09T21:52:30+09:00
2023-03-27,011790,SKC,11,6294683200,104300,2409.22,,2026-09-09T21:52:30+09:00
2023-03-27,035720,카카오,12,6182066500,60700,2409.22,,2026-09-09T21:52:30+09:00
2023-03-27,302440,SK바이오사이언스,13,5458734900,70800,2409.22,,2026-09-09T21:52:30+09:00
2023-03-27,047810,한국항공우주,14,5398763350,43900,2409.22,,2026-09-09T21:52:30+09:00
2023-03-27,032830,삼성생명,15,4560205800,62400,2409.22,,2026-09-09T21:52:30+09:00
2023-03-27,352820,하이브,16,4400536900,182100,2409.22,,2026-09-09T21:52:30+09:00
2023-03-27,011070,LG이노텍,17,4214819500,266000,2409.22,,2026-09-09T21:52:30+09:00
2023-03-27,012030,DB,18,4107703187,1574,2409.22,,2026-09-09T21:52:30+09:00
2023-03-27,004360,세방,19,3992759550,45000,2409.22,,2026-09-09T21:52:30+09:00
2023-03-27,064350,현대로템,20,3955072950,25100,2409.22,,2026-09-09T21:52:30+09:00
2023-03-28,012450,한화에어로스페이스,1,22731013400,95300,2434.94,,2026-09-09T21:52:35+09:00
2023-03-28,047810,한국항공우주,2,21402384100,46000,2434.94,,2026-09-09T21:52:35+09:00
2023-03-28,064350,현대로템,3,11297165650,25700,2434.94,,2026-09-09T21:52:35+09:00
2023-03-28,005380,현대차,4,9823379600,177100,2434.94,,2026-09-09T21:52:35+09:00
2023-03-28,034220,LG디스플레이,5,9714871750,16270,2434.94,,2026-09-09T21:52:35+09:00
2023-03-28,007660,이수페타시스,6,9308129660,10610,2434.94,,2026-09-09T21:52:35+09:00
2023-03-28,028260,삼성물산,7,8239454500,108100,2434.94,,2026-09-09T21:52:35+09:00
2023-03-28,005935,삼성전자우,8,8171352200,53000,2434.94,,2026-09-09T21:52:35+09:00
2023-03-28,006260,LS,9,7758053900,80700,2434.94,,2026-09-09T21:52:35+09:00
2023-03-28,329180,현대중공업,10,6684552300,99700,2434.94,,2026-09-09T21:52:35+09:00
2023-03-28,000270,기아,11,6274521500,76900,2434.94,,2026-09-09T21:52:35+09:00
2023-03-28,323410,카카오뱅크,12,6217437500,24650,2434.94,,2026-09-09T21:52:35+09:00
2023-03-28,108320,LX세미콘,13,6142887500,116500,2434.94,,2026-09-09T21:52:35+09:00
2023-03-28,004020,현대제철,14,5750803050,34100,2434.94,,2026-09-09T21:52:35+09:00
2023-03-28,011070,LG이노텍,15,4932515000,267500,2434.94,,2026-09-09T21:52:35+09:00
2023-03-28,017960,한국카본,16,4821630830,12200,2434.94,,2026-09-09T21:52:35+09:00
2023-03-28,005387,현대차2우B,17,4290938900,94600,2434.94,,2026-09-09T21:52:35+09:00
2023-03-28,352820,하이브,18,4185076700,187300,2434.94,,2026-09-09T21:52:35+09:00
2023-03-28,011200,HMM,19,4010433540,20050,2434.94,,2026-09-09T21:52:35+09:00
2023-03-28,086280,현대글로비스,20,3850185600,157700,2434.94,,2026-09-09T21:52:35+09:00
2023-03-29,006400,삼성SDI,1,41156169000,735000,2443.92,,2026-09-09T21:52:40+09:00
2023-03-29,000270,기아,2,34282047200,79500,2443.92,,2026-09-09T21:52:40+09:00
2023-03-29,074610,이엔플러스,3,26353970500,12370,2443.92,,2026-09-09T21:52:40+09:00
2023-03-29,066570,LG전자,4,24426150200,113700,2443.92,,2026-09-09T21:52:40+09:00
2023-03-29,005070,코스모신소재,5,22923204600,145900,2443.92,,2026-09-09T21:52:40+09:00
2023-03-29,005380,현대차,6,18908088800,180400,2443.92,,2026-09-09T21:52:40+09:00
2023-03-29,042700,한미반도체,7,18183916426,21050,2443.92,,2026-09-09T21:52:40+09:00
2023-03-29,035420,NAVER,8,13332519400,199100,2443.92,,2026-09-09T21:52:40+09:00
2023-03-29,033780,KT&G,9,10447398900,86000,2443.92,,2026-09-09T21:52:40+09:00
2023-03-29,005935,삼성전자우,10,10360096300,53300,2443.92,,2026-09-09T21:52:40+09:00
2023-03-29,017670,SK텔레콤,11,7512345700,48850,2443.92,,2026-09-09T21:52:40+09:00
2023-03-29,352820,하이브,12,6857011700,190100,2443.92,,2026-09-09T21:52:40+09:00
2023-03-29,093370,후성,13,6540272470,16620,2443.92,,2026-09-09T21:52:40+09:00
2023-03-29,008770,호텔신라,14,5794230900,80800,2443.92,,2026-09-09T21:52:40+09:00
2023-03-29,361610,SK아이이테크놀로지,15,5080587100,68400,2443.92,,2026-09-09T21:52:40+09:00
2023-03-29,192650,드림텍,16,5008156660,10690,2443.92,,2026-09-09T21:52:40+09:00
2023-03-29,012330,현대모비스,17,4941094000,215500,2443.92,,2026-09-09T21:52:40+09:00
2023-03-29,035720,카카오,18,4913250800,60400,2443.92,,2026-09-09T21:52:40+09:00
2023-03-29,004360,세방,19,4611547800,45350,2443.92,,2026-09-09T21:52:40+09:00
2023-03-29,011070,LG이노텍,20,4520532000,269000,2443.92,,2026-09-09T21:52:40+09:00
2023-03-30,005930,삼성전자,1,213195812400,63200,2453.16,,2026-09-09T21:52:46+09:00
2023-03-30,373220,LG에너지솔루션,2,50118203000,588000,2453.16,,2026-09-09T21:52:46+09:00
2023-03-30,005380,현대차,3,27964311000,181200,2453.16,,2026-09-09T21:52:46+09:00
2023-03-30,012450,한화에어로스페이스,4,17982550000,96600,2453.16,,2026-09-09T21:52:46+09:00
2023-03-30,259960,크래프톤,5,15535047300,179100,2453.16,,2026-09-09T21:52:46+09:00
2023-03-30,361610,SK아이이테크놀로지,6,14073980500,71500,2453.16,,2026-09-09T21:52:46+09:00
2023-03-30,302440,SK바이오사이언스,7,13907211700,71600,2453.16,,2026-09-09T21:52:46+09:00
2023-03-30,028050,삼성엔지니어링,8,11339246950,30350,2453.16,,2026-09-09T21:52:46+09:00
2023-03-30,066570,LG전자,9,10949434600,113100,2453.16,,2026-09-09T21:52:46+09:00
2023-03-30,047810,한국항공우주,10,10097595600,46850,2453.16,,2026-09-09T21:52:46+09:00
2023-03-30,064350,현대로템,11,8812841600,25750,2453.16,,2026-09-09T21:52:46+09:00
2023-03-30,138040,메리츠금융지주,12,5842859900,39850,2453.16,,2026-09-09T21:52:46+09:00
2023-03-30,010950,S-Oil,13,5770475900,79700,2453.16,,2026-09-09T21:52:46+09:00
2023-03-30,004020,현대제철,14,5215904650,34100,2453.16,,2026-09-09T21:52:46+09:00
2023-03-30,402340,SK스퀘어,15,5074348950,39300,2453.16,,2026-09-09T21:52:46+09:00
2023-03-30,145720,덴티움,16,4662995500,130600,2453.16,,2026-09-09T21:52:46+09:00
2023-03-30,000810,삼성화재,17,4476223000,207000,2453.16,,2026-09-09T21:52:46+09:00
2023-03-30,034730,SK,18,4330149500,172800,2453.16,,2026-09-09T21:52:46+09:00
2023-03-30,204320,HL만도,19,4196324000,46000,2453.16,,2026-09-09T21:52:46+09:00
2023-03-30,011210,현대위아,20,4055778900,55900,2453.16,,2026-09-09T21:52:46+09:00
2023-03-31,005930,삼성전자,1,320697898600,64000,2476.86,,2026-09-09T21:52:51+09:00
2023-03-31,018260,삼성에스디에스,2,130326675900,116000,2476.86,,2026-09-09T21:52:51+09:00
2023-03-31,003670,포스코케미칼,3,80454491500,272500,2476.86,,2026-09-09T21:52:51+09:00
2023-03-31,006400,삼성SDI,4,48485558000,735000,2476.86,,2026-09-09T21:52:51+09:00
2023-03-31,000270,기아,5,31313432700,81000,2476.86,,2026-09-09T21:52:51+09:00
2023-03-31,051910,LG화학,6,31061440000,712000,2476.86,,2026-09-09T21:52:51+09:00
2023-03-31,005380,현대차,7,30196190100,184500,2476.86,,2026-09-09T21:52:51+09:00
2023-03-31,028050,삼성엔지니어링,8,29420493900,31700,2476.86,,2026-09-09T21:52:51+09:00
2023-03-31,005070,코스모신소재,9,24021301500,153900,2476.86,,2026-09-09T21:52:51+09:00
2023-03-31,035720,카카오,10,23655388700,61100,2476.86,,2026-09-09T21:52:51+09:00
2023-03-31,066570,LG전자,11,17991964300,115300,2476.86,,2026-09-09T21:52:51+09:00
2023-03-31,034020,두산에너빌리티,12,17746053790,17000,2476.86,,2026-09-09T21:52:51+09:00
2023-03-31,012450,한화에어로스페이스,13,16149052100,99200,2476.86,,2026-09-09T21:52:51+09:00
2023-03-31,096770,SK이노베이션,14,15189988000,179300,2476.86,,2026-09-09T21:52:51+09:00
2023-03-31,047810,한국항공우주,15,8919830350,47400,2476.86,,2026-09-09T21:52:51+09:00
2023-03-31,352820,하이브,16,7142307900,188900,2476.86,,2026-09-09T21:52:51+09:00
2023-03-31,008560,메리츠증권,17,6886563020,6100,2476.86,,2026-09-09T21:52:51+09:00
2023-03-31,259960,크래프톤,18,6741567900,183500,2476.86,,2026-09-09T21:52:51+09:00
2023-03-31,011200,HMM,19,6278389940,20350,2476.86,,2026-09-09T21:52:51+09:00
2023-03-31,034220,LG디스플레이,20,6239060230,16430,2476.86,,2026-09-09T21:52:51+09:00
2023-04-03,005930,삼성전자,1,59594549000,63100,2472.34,,2026-09-09T21:53:00+09:00
2023-04-03,006400,삼성SDI,2,49148090000,745000,2472.34,,2026-09-09T21:53:00+09:00
2023-04-03,005420,코스모화학,3,38887151800,64800,2472.34,,2026-09-09T21:53:00+09:00
2023-04-03,005070,코스모신소재,4,16968093900,190300,2472.34,,2026-09-09T21:53:00+09:00
2023-04-03,012450,한화에어로스페이스,5,14052854000,102600,2472.34,,2026-09-09T21:53:00+09:00
2023-04-03,009150,삼성전기,6,12380634900,155300,2472.34,,2026-09-09T21:53:00+09:00
2023-04-03,047810,한국항공우주,7,10818583000,47950,2472.34,,2026-09-09T21:53:00+09:00
2023-04-03,361610,SK아이이테크놀로지,8,9450652100,75900,2472.34,,2026-09-09T21:53:00+09:00
2023-04-03,005935,삼성전자우,9,8802186700,53800,2472.34,,2026-09-09T21:53:00+09:00
2023-04-03,034220,LG디스플레이,10,7241646050,16180,2472.34,,2026-09-09T21:53:00+09:00
2023-04-03,068270,셀트리온,11,5522054900,150000,2472.34,,2026-09-09T21:53:00+09:00
2023-04-03,011070,LG이노텍,12,5342687000,271500,2472.34,,2026-09-09T21:53:00+09:00
2023-04-03,000270,기아,13,5010326900,81200,2472.34,,2026-09-09T21:53:00+09:00
2023-04-03,012330,현대모비스,14,4316357500,214000,2472.34,,2026-09-09T21:53:00+09:00
2023-04-03,000810,삼성화재,15,4159125500,207000,2472.34,,2026-09-09T21:53:00+09:00
2023-04-03,138040,메리츠금융지주,16,4086765450,40300,2472.34,,2026-09-09T21:53:00+09:00
2023-04-03,006220,제주은행,17,3944620100,23750,2472.34,,2026-09-09T21:53:00+09:00
2023-04-03,003550,LG,18,3723236000,83200,2472.34,,2026-09-09T21:53:00+09:00
2023-04-03,005950,이수화학,19,3604309150,50200,2472.34,,2026-09-09T21:53:00+09:00
2023-04-03,000720,현대건설,20,3500477800,37600,2472.34,,2026-09-09T21:53:00+09:00
2023-04-04,005930,삼성전자,1,119429343000,63600,2480.51,,2026-09-09T21:53:04+09:00
2023-04-04,068270,셀트리온,2,33493309600,159000,2480.51,,2026-09-09T21:53:04+09:00
2023-04-04,035420,NAVER,3,31797305400,201000,2480.51,,2026-09-09T21:53:04+09:00
2023-04-04,051910,LG화학,4,22984223000,722000,2480.51,,2026-09-09T21:53:04+09:00
2023-04-04,066570,LG전자,5,22540825700,115900,2480.51,,2026-09-09T21:53:04+09:00
2023-04-04,047810,한국항공우주,6,18579797150,48850,2480.51,,2026-09-09T21:53:04+09:00
2023-04-04,373220,LG에너지솔루션,7,17225755000,575000,2480.51,,2026-09-09T21:53:04+09:00
2023-04-04,005380,현대차,8,12086259100,183800,2480.51,,2026-09-09T21:53:04+09:00
2023-04-04,003670,포스코퓨처엠,9,11925228500,283000,2480.51,,2026-09-09T21:53:04+09:00
2023-04-04,352820,하이브,10,11836779000,190300,2480.51,,2026-09-09T21:53:04+09:00
2023-04-04,030200,KT,11,11704430800,30700,2480.51,,2026-09-09T21:53:04+09:00
2023-04-04,035720,카카오,12,11360671400,60700,2480.51,,2026-09-09T21:53:04+09:00
2023-04-04,302440,SK바이오사이언스,13,11328811400,75400,2480.51,,2026-09-09T21:53:04+09:00
2023-04-04,034020,두산에너빌리티,14,11129992990,17280,2480.51,,2026-09-09T21:53:04+09:00
2023-04-04,011790,SKC,15,8978211400,113000,2480.51,,2026-09-09T21:53:04+09:00
2023-04-04,036570,엔씨소프트,16,8339491000,385500,2480.51,,2026-09-09T21:53:04+09:00
2023-04-04,128940,한미약품,17,7528364000,288500,2480.51,,2026-09-09T21:53:04+09:00
2023-04-04,259960,크래프톤,18,7372747900,189400,2480.51,,2026-09-09T21:53:04+09:00
2023-04-04,010140,삼성중공업,19,5773110240,5380,2480.51,,2026-09-09T21:53:04+09:00
2023-04-04,012450,한화에어로스페이스,20,5500710300,107500,2480.51,,2026-09-09T21:53:04+09:00
2023-04-05,005930,삼성전자,1,155943374300,63900,2495.21,,2026-09-09T21:53:08+09:00
2023-04-05,006400,삼성SDI,2,85394603000,778000,2495.21,,2026-09-09T21:53:08+09:00
2023-04-05,009150,삼성전기,3,41131323500,157800,2495.21,,2026-09-09T21:53:08+09:00
2023-04-05,047810,한국항공우주,4,25149216400,50900,2495.21,,2026-09-09T21:53:08+09:00
2023-04-05,373220,LG에너지솔루션,5,23956230000,588000,2495.21,,2026-09-09T21:53:08+09:00
2023-04-05,005380,현대차,6,21037142400,186700,2495.21,,2026-09-09T21:53:08+09:00
2023-04-05,066570,LG전자,7,18257984900,116800,2495.21,,2026-09-09T21:53:08+09:00
2023-04-05,035720,카카오,8,11930203200,60500,2495.21,,2026-09-09T21:53:08+09:00
2023-04-05,000270,기아,9,11408799500,81300,2495.21,,2026-09-09T21:53:08+09:00
2023-04-05,064350,현대로템,10,11206546500,27400,2495.21,,2026-09-09T21:53:08+09:00
2023-04-05,112610,씨에스윈드,11,10260691000,72800,2495.21,,2026-09-09T21:53:08+09:00
2023-04-05,012330,현대모비스,12,10042897000,218000,2495.21,,2026-09-09T21:53:08+09:00
2023-04-05,001570,금양,13,10028694100,79900,2495.21,,2026-09-09T21:53:08+09:00
2023-04-05,034220,LG디스플레이,14,7047765990,15990,2495.21,,2026-09-09T21:53:08+09:00
2023-04-05,017670,SK텔레콤,15,6779090350,47950,2495.21,,2026-09-09T21:53:08+09:00
2023-04-05,012450,한화에어로스페이스,16,6459698700,112000,2495.21,,2026-09-09T21:53:08+09:00
2023-04-05,005070,코스모신소재,17,6272778400,185000,2495.21,,2026-09-09T21:53:08+09:00
2023-04-05,034020,두산에너빌리티,18,5946018750,16980,2495.21,,2026-09-09T21:53:08+09:00
2023-04-05,005850,에스엘,19,5202935150,30800,2495.21,,2026-09-09T21:53:08+09:00
2023-04-05,005420,코스모화학,20,4962025100,67400,2495.21,,2026-09-09T21:53:08+09:00
2023-04-06,352820,하이브,1,32347010100,205000,2459.23,,2026-09-09T21:53:13+09:00
2023-04-06,096770,SK이노베이션,2,27735619400,176200,2459.23,,2026-09-09T21:53:13+09:00
2023-04-06,207940,삼성바이오로직스,3,23796690000,805000,2459.23,,2026-09-09T21:53:13+09:00
2023-04-06,005380,현대차,4,13207949400,185100,2459.23,,2026-09-09T21:53:13+09:00
2023-04-06,047810,한국항공우주,5,11480432600,50100,2459.23,,2026-09-09T21:53:13+09:00
2023-04-06,012450,한화에어로스페이스,6,9812932500,113200,2459.23,,2026-09-09T21:53:13+09:00
2023-04-06,361610,SK아이이테크놀로지,7,8717034500,93300,2459.23,,2026-09-09T21:53:13+09:00
2023-04-06,034020,두산에너빌리티,8,8315668320,17050,2459.23,,2026-09-09T21:53:13+09:00
2023-04-06,034220,LG디스플레이,9,8286839890,15750,2459.23,,2026-09-09T21:53:13+09:00
2023-04-06,034730,SK,10,7816389400,169000,2459.23,,2026-09-09T21:53:13+09:00
2023-04-06,068270,셀트리온,11,7016748800,159500,2459.23,,2026-09-09T21:53:13+09:00
2023-04-06,128940,한미약품,12,6999272500,307000,2459.23,,2026-09-09T21:53:13+09:00
2023-04-06,066570,LG전자,13,6631557200,113900,2459.23,,2026-09-09T21:53:13+09:00
2023-04-06,000100,유한양행,14,6523747400,53400,2459.23,,2026-09-09T21:53:13+09:00
2023-04-06,017670,SK텔레콤,15,6019476350,47850,2459.23,,2026-09-09T21:53:13+09:00
2023-04-06,005935,삼성전자우,16,5972606200,53100,2459.23,,2026-09-09T21:53:13+09:00
2023-04-06,005070,코스모신소재,17,5533860900,189100,2459.23,,2026-09-09T21:53:13+09:00
2023-04-06,010950,S-Oil,18,4644624300,80400,2459.23,,2026-09-09T21:53:13+09:00
2023-04-06,004020,현대제철,19,4523786500,34600,2459.23,,2026-09-09T21:53:13+09:00
2023-04-06,036570,엔씨소프트,20,4468207000,378500,2459.23,,2026-09-09T21:53:13+09:00
2023-04-07,005930,삼성전자,1,881162821000,65000,2490.41,,2026-09-09T21:53:18+09:00
2023-04-07,005935,삼성전자우,2,39787074600,54800,2490.41,,2026-09-09T21:53:18+09:00
2023-04-07,096770,SK이노베이션,3,21290935900,183500,2490.41,,2026-09-09T21:53:18+09:00
2023-04-07,035420,NAVER,4,17619590700,193400,2490.41,,2026-09-09T21:53:18+09:00
2023-04-07,003670,포스코퓨처엠,5,14717762000,296000,2490.41,,2026-09-09T21:53:18+09:00
2023-04-07,000660,SK하이닉스,6,10902985200,89100,2490.41,,2026-09-09T21:53:18+09:00
2023-04-07,316140,우리금융지주,7,9913831360,11320,2490.41,,2026-09-09T21:53:18+09:00
2023-04-07,055550,신한지주,8,9583112800,34900,2490.41,,2026-09-09T21:53:18+09:00
2023-04-07,323410,카카오뱅크,9,7166087500,23600,2490.41,,2026-09-09T21:53:18+09:00
2023-04-07,352820,하이브,10,6780879500,217000,2490.41,,2026-09-09T21:53:18+09:00
2023-04-07,377300,카카오페이,11,5816486600,55600,2490.41,,2026-09-09T21:53:18+09:00
2023-04-07,012030,DB,12,5750399609,2560,2490.41,,2026-09-09T21:53:18+09:00
2023-04-07,001570,금양,13,5570246800,84900,2490.41,,2026-09-09T21:53:18+09:00
2023-04-07,006220,제주은행,14,5109573650,23750,2490.41,,2026-09-09T21:53:18+09:00
2023-04-07,007660,이수페타시스,15,4355930720,10550,2490.41,,2026-09-09T21:53:18+09:00
2023-04-07,047810,한국항공우주,16,4022712450,50400,2490.41,,2026-09-09T21:53:18+09:00
2023-04-07,009830,한화솔루션,17,3751388500,50900,2490.41,,2026-09-09T21:53:18+09:00
2023-04-07,012450,한화에어로스페이스,18,3521657900,110900,2490.41,,2026-09-09T21:53:18+09:00
2023-04-07,009150,삼성전기,19,3226260300,153900,2490.41,,2026-09-09T21:53:18+09:00
2023-04-07,028670,팬오션,20,3077222760,5530,2490.41,,2026-09-09T21:53:18+09:00
2023-04-10,005930,삼성전자,1,297444195100,65700,2512.08,,2026-09-09T21:53:27+09:00
2023-04-10,373220,LG에너지솔루션,2,123018389000,596000,2512.08,,2026-09-09T21:53:27+09:00
2023-04-10,000660,SK하이닉스,3,79904410200,90700,2512.08,,2026-09-09T21:53:27+09:00
2023-04-10,051910,LG화학,4,77153063000,750000,2512.08,,2026-09-09T21:53:27+09:00
2023-04-10,096770,SK이노베이션,5,50834836100,197700,2512.08,,2026-09-09T21:53:27+09:00
2023-04-10,005935,삼성전자우,6,40202707100,55800,2512.08,,2026-09-09T21:53:27+09:00
2023-04-10,006400,삼성SDI,7,38555376000,749000,2512.08,,2026-09-09T21:53:27+09:00
2023-04-10,035420,NAVER,8,20455122000,193000,2512.08,,2026-09-09T21:53:27+09:00
2023-04-10,068270,셀트리온,9,18150192900,163900,2512.08,,2026-09-09T21:53:27+09:00
2023-04-10,003670,포스코퓨처엠,10,16428815500,305000,2512.08,,2026-09-09T21:53:27+09:00
2023-04-10,009830,한화솔루션,11,14327463700,52700,2512.08,,2026-09-09T21:53:27+09:00
2023-04-10,012450,한화에어로스페이스,12,13083849100,117300,2512.08,,2026-09-09T21:53:27+09:00
2023-04-10,207940,삼성바이오로직스,13,12735009000,803000,2512.08,,2026-09-09T21:53:27+09:00
2023-04-10,009150,삼성전기,14,10867771200,153400,2512.08,,2026-09-09T21:53:27+09:00
2023-04-10,034020,두산에너빌리티,15,9513432000,16750,2512.08,,2026-09-09T21:53:27+09:00
2023-04-10,011070,LG이노텍,16,9307053000,261000,2512.08,,2026-09-09T21:53:27+09:00
2023-04-10,066570,LG전자,17,8871149200,113000,2512.08,,2026-09-09T21:53:27+09:00
2023-04-10,028050,삼성엔지니어링,18,8037756050,29300,2512.08,,2026-09-09T21:53:27+09:00
2023-04-10,000270,기아,19,7454350900,81000,2512.08,,2026-09-09T21:53:27+09:00
2023-04-10,002710,TCC스틸,20,7399672400,37300,2512.08,,2026-09-09T21:53:27+09:00
2023-04-11,373220,LG에너지솔루션,1,118134187000,610000,2547.86,,2026-09-09T21:53:32+09:00
2023-04-11,000270,기아,2,89131349800,85000,2547.86,,2026-09-09T21:53:32+09:00
2023-04-11,005930,삼성전자,3,75881554000,65900,2547.86,,2026-09-09T21:53:32+09:00
2023-04-11,000660,SK하이닉스,4,27087712000,91800,2547.86,,2026-09-09T21:53:32+09:00
2023-04-11,005380,현대차,5,23375899800,192100,2547.86,,2026-09-09T21:53:32+09:00
2023-04-11,035420,NAVER,6,20667236300,199900,2547.86,,2026-09-09T21:53:32+09:00
2023-04-11,006400,삼성SDI,7,20198784000,767000,2547.86,,2026-09-09T21:53:32+09:00
2023-04-11,009150,삼성전기,8,14855282100,154500,2547.86,,2026-09-09T21:53:32+09:00
2023-04-11,066570,LG전자,9,12306579900,112600,2547.86,,2026-09-09T21:53:32+09:00
2023-04-11,207940,삼성바이오로직스,10,11923704000,812000,2547.86,,2026-09-09T21:53:32+09:00
2023-04-11,012330,현대모비스,11,11874271500,221000,2547.86,,2026-09-09T21:53:32+09:00
2023-04-11,034020,두산에너빌리티,12,11509709880,16970,2547.86,,2026-09-09T21:53:32+09:00
2023-04-11,004020,현대제철,13,10706924850,35850,2547.86,,2026-09-09T21:53:32+09:00
2023-04-11,068270,셀트리온,14,8386175400,170800,2547.86,,2026-09-09T21:53:32+09:00
2023-04-11,302440,SK바이오사이언스,15,8193662300,74700,2547.86,,2026-09-09T21:53:32+09:00
2023-04-11,032640,LG유플러스,16,8014015670,11180,2547.86,,2026-09-09T21:53:32+09:00
2023-04-11,011200,HMM,17,7226572110,20050,2547.86,,2026-09-09T21:53:32+09:00
2023-04-11,003670,포스코퓨처엠,18,7089896500,310000,2547.86,,2026-09-09T21:53:32+09:00
2023-04-11,307950,현대오토에버,19,6021099400,123300,2547.86,,2026-09-09T21:53:32+09:00
2023-04-11,047810,한국항공우주,20,6016463900,50700,2547.86,,2026-09-09T21:53:32+09:00
2023-04-12,005930,삼성전자,1,227656295100,66000,2550.64,,2026-09-09T21:53:36+09:00
2023-04-12,005380,현대차,2,76883864700,198200,2550.64,,2026-09-09T21:53:36+09:00
2023-04-12,066570,LG전자,3,38043056300,114600,2550.64,,2026-09-09T21:53:36+09:00
2023-04-12,006400,삼성SDI,4,32637416000,764000,2550.64,,2026-09-09T21:53:36+09:00
2023-04-12,034020,두산에너빌리티,5,31808414620,17700,2550.64,,2026-09-09T21:53:36+09:00
2023-04-12,012330,현대모비스,6,28335543000,232000,2550.64,,2026-09-09T21:53:36+09:00
2023-04-12,008730,율촌화학,7,19923773400,44800,2550.64,,2026-09-09T21:53:36+09:00
2023-04-12,352820,하이브,8,19308830000,235500,2550.64,,2026-09-09T21:53:36+09:00
2023-04-12,005420,코스모화학,9,18826877200,74600,2550.64,,2026-09-09T21:53:36+09:00
2023-04-12,011070,LG이노텍,10,14420807500,264500,2550.64,,2026-09-09T21:53:36+09:00
2023-04-12,042670,현대두산인프라코어,11,13761452110,8950,2550.64,,2026-09-09T21:53:36+09:00
2023-04-12,361610,SK아이이테크놀로지,12,13219859100,86000,2550.64,,2026-09-09T21:53:36+09:00
2023-04-12,005935,삼성전자우,13,13062261200,55600,2550.64,,2026-09-09T21:53:36+09:00
2023-04-12,011200,HMM,14,10590621050,20300,2550.64,,2026-09-09T21:53:36+09:00
2023-04-12,008770,호텔신라,15,10524093800,84400,2550.64,,2026-09-09T21:53:36+09:00
2023-04-12,028260,삼성물산,16,10348005000,109500,2550.64,,2026-09-09T21:53:36+09:00
2023-04-12,064350,현대로템,17,10167181950,26850,2550.64,,2026-09-09T21:53:36+09:00
2023-04-12,000270,기아,18,9680434900,86100,2550.64,,2026-09-09T21:53:36+09:00
2023-04-12,241560,두산밥캣,19,8488426200,46150,2550.64,,2026-09-09T21:53:36+09:00
2023-04-12,402340,SK스퀘어,20,8216840450,40900,2550.64,,2026-09-09T21:53:36+09:00
2023-04-13,034220,LG디스플레이,1,24941687970,16830,2561.66,,2026-09-09T21:53:40+09:00
2023-04-13,003670,포스코퓨처엠,2,24719442500,303000,2561.66,,2026-09-09T21:53:40+09:00
2023-04-13,042670,현대두산인프라코어,3,15735140750,9060,2561.66,,2026-09-09T21:53:40+09:00
2023-04-13,207940,삼성바이오로직스,4,13231226000,815000,2561.66,,2026-09-09T21:53:40+09:00
2023-04-13,000270,기아,5,13120317600,86600,2561.66,,2026-09-09T21:53:40+09:00
2023-04-13,066570,LG전자,6,11773170400,115300,2561.66,,2026-09-09T21:53:40+09:00
2023-04-13,302440,SK바이오사이언스,7,9229380600,81100,2561.66,,2026-09-09T21:53:40+09:00
2023-04-13,009830,한화솔루션,8,8575952000,52200,2561.66,,2026-09-09T21:53:40+09:00
2023-04-13,011790,SKC,9,7135752200,108600,2561.66,,2026-09-09T21:53:40+09:00
2023-04-13,005380,현대차,10,7111955200,198900,2561.66,,2026-09-09T21:53:40+09:00
2023-04-13,361610,SK아이이테크놀로지,11,6400191600,85500,2561.66,,2026-09-09T21:53:40+09:00
2023-04-13,064350,현대로템,12,6070798050,27200,2561.66,,2026-09-09T21:53:40+09:00
2023-04-13,005070,코스모신소재,13,5951587700,162100,2561.66,,2026-09-09T21:53:40+09:00
2023-04-13,011200,HMM,14,5789519900,20600,2561.66,,2026-09-09T21:53:40+09:00
2023-04-13,001040,CJ,15,5603748000,110000,2561.66,,2026-09-09T21:53:40+09:00
2023-04-13,267260,현대일렉트릭,16,5556710550,45500,2561.66,,2026-09-09T21:53:40+09:00
2023-04-13,009150,삼성전기,17,5104567200,153300,2561.66,,2026-09-09T21:53:40+09:00
2023-04-13,006400,삼성SDI,18,4658752000,769000,2561.66,,2026-09-09T21:53:40+09:00
2023-04-13,017670,SK텔레콤,19,4037126050,48250,2561.66,,2026-09-09T21:53:40+09:00
2023-04-13,329180,현대중공업,20,3854218100,101300,2561.66,,2026-09-09T21:53:40+09:00
2023-04-14,003670,포스코퓨처엠,1,85134346500,342500,2571.49,,2026-09-09T21:53:44+09:00
2023-04-14,035720,카카오,2,28427182000,60500,2571.49,,2026-09-09T21:53:44+09:00
2023-04-14,105560,KB금융,3,24866099900,48650,2571.49,,2026-09-09T21:53:44+09:00
2023-04-14,352820,하이브,4,24770294500,259000,2571.49,,2026-09-09T21:53:44+09:00
2023-04-14,000660,SK하이닉스,5,24237496000,89300,2571.49,,2026-09-09T21:53:44+09:00
2023-04-14,377300,카카오페이,6,19603100500,60400,2571.49,,2026-09-09T21:53:44+09:00
2023-04-14,034020,두산에너빌리티,7,16457719840,18080,2571.49,,2026-09-09T21:53:44+09:00
2023-04-14,005935,삼성전자우,8,15146398000,55200,2571.49,,2026-09-09T21:53:44+09:00
2023-04-14,000990,DB하이텍,9,14094130700,71600,2571.49,,2026-09-09T21:53:44+09:00
2023-04-14,086790,하나금융지주,10,13250789600,42200,2571.49,,2026-09-09T21:53:44+09:00
2023-04-14,009150,삼성전기,11,12981059200,154300,2571.49,,2026-09-09T21:53:44+09:00
2023-04-14,035420,NAVER,12,12607878700,199000,2571.49,,2026-09-09T21:53:44+09:00
2023-04-14,329180,HD현대중공업,13,12597335900,104700,2571.49,,2026-09-09T21:53:44+09:00
2023-04-14,207940,삼성바이오로직스,14,12334423000,817000,2571.49,,2026-09-09T21:53:44+09:00
2023-04-14,323410,카카오뱅크,15,12098923100,23750,2571.49,,2026-09-09T21:53:44+09:00
2023-04-14,259960,크래프톤,16,11716031100,191900,2571.49,,2026-09-09T21:53:44+09:00
2023-04-14,066570,LG전자,17,11247696400,115200,2571.49,,2026-09-09T21:53:44+09:00
2023-04-14,042670,현대두산인프라코어,18,10323875490,9220,2571.49,,2026-09-09T21:53:44+09:00
2023-04-14,006110,삼아알미늄,19,8675790400,96600,2571.49,,2026-09-09T21:53:44+09:00
2023-04-14,012450,한화에어로스페이스,20,7969798100,107800,2571.49,,2026-09-09T21:53:44+09:00
2023-04-17,005930,삼성전자,1,227229725100,65300,2575.91,,2026-09-09T21:53:52+09:00
2023-04-17,034020,두산에너빌리티,2,43576835010,19300,2575.91,,2026-09-09T21:53:52+09:00
2023-04-17,005935,삼성전자우,3,31254093100,55700,2575.91,,2026-09-09T21:53:52+09:00
2023-04-17,005380,현대차,4,23360547700,195000,2575.91,,2026-09-09T21:53:52+09:00
2023-04-17,052690,한전기술,5,19176389000,84200,2575.91,,2026-09-09T21:53:52+09:00
2023-04-17,352820,하이브,6,16533038000,260000,2575.91,,2026-09-09T21:53:52+09:00
2023-04-17,011200,HMM,7,15265306100,21350,2575.91,,2026-09-09T21:53:52+09:00
2023-04-17,012330,현대모비스,8,13086341500,228000,2575.91,,2026-09-09T21:53:52+09:00
2023-04-17,012450,한화에어로스페이스,9,13055896900,110300,2575.91,,2026-09-09T21:53:52+09:00
2023-04-17,000270,기아,10,13052777900,84500,2575.91,,2026-09-09T21:53:52+09:00
2023-04-17,047810,한국항공우주,11,10083249300,53900,2575.91,,2026-09-09T21:53:52+09:00
2023-04-17,006400,삼성SDI,12,9623138000,755000,2575.91,,2026-09-09T21:53:52+09:00
2023-04-17,064350,현대로템,13,9104376900,28150,2575.91,,2026-09-09T21:53:52+09:00
2023-04-17,001390,KG케미칼,14,8937722650,52900,2575.91,,2026-09-09T21:53:52+09:00
2023-04-17,000990,DB하이텍,15,8811448400,70800,2575.91,,2026-09-09T21:53:52+09:00
2023-04-17,028050,삼성엔지니어링,16,8224035750,30750,2575.91,,2026-09-09T21:53:52+09:00
2023-04-17,128940,한미약품,17,7299681500,326500,2575.91,,2026-09-09T21:53:52+09:00
2023-04-17,336260,두산퓨얼셀,18,7060482450,34100,2575.91,,2026-09-09T21:53:52+09:00
2023-04-17,298050,효성첨단소재,19,6970321000,440000,2575.91,,2026-09-09T21:53:52+09:00
2023-04-17,051900,LG생활건강,20,6400324000,647000,2575.91,,2026-09-09T21:53:52+09:00
2023-04-18,005930,삼성전자,1,245285691700,65600,2571.09,,2026-09-09T21:53:56+09:00
2023-04-18,006400,삼성SDI,2,41930514000,766000,2571.09,,2026-09-09T21:53:56+09:00
2023-04-18,017390,서울가스,3,41923911000,487500,2571.09,,2026-09-09T21:53:56+09:00
2023-04-18,005380,현대차,4,27625960400,191400,2571.09,,2026-09-09T21:53:56+09:00
2023-04-18,090430,아모레퍼시픽,5,23762595000,140200,2571.09,,2026-09-09T21:53:56+09:00
2023-04-18,012330,현대모비스,6,22033697000,225000,2571.09,,2026-09-09T21:53:56+09:00
2023-04-18,373220,LG에너지솔루션,7,21067286000,592000,2571.09,,2026-09-09T21:53:56+09:00
2023-04-18,066570,LG전자,8,20286046000,111600,2571.09,,2026-09-09T21:53:56+09:00
2023-04-18,000270,기아,9,20116471700,82700,2571.09,,2026-09-09T21:53:56+09:00
2023-04-18,068270,셀트리온,10,18395196400,171000,2571.09,,2026-09-09T21:53:56+09:00
2023-04-18,033780,KT&G,11,16281374700,85700,2571.09,,2026-09-09T21:53:56+09:00
2023-04-18,008770,호텔신라,12,14799122400,86500,2571.09,,2026-09-09T21:53:56+09:00
2023-04-18,047810,한국항공우주,13,12465343700,55100,2571.09,,2026-09-09T21:53:56+09:00
2023-04-18,352820,하이브,14,11093960000,258500,2571.09,,2026-09-09T21:53:56+09:00
2023-04-18,004020,현대제철,15,10383373700,37600,2571.09,,2026-09-09T21:53:56+09:00
2023-04-18,005935,삼성전자우,16,10313885900,55700,2571.09,,2026-09-09T21:53:56+09:00
2023-04-18,361610,SK아이이테크놀로지,17,9895064000,81900,2571.09,,2026-09-09T21:53:56+09:00
2023-04-18,017670,SK텔레콤,18,9847308350,48750,2571.09,,2026-09-09T21:53:56+09:00
2023-04-18,003550,LG,19,8785146600,91000,2571.09,,2026-09-09T21:53:56+09:00
2023-04-18,000810,삼성화재,20,8288013500,211000,2571.09,,2026-09-09T21:53:56+09:00
2023-04-19,005930,삼성전자,1,69260128000,65500,2575.08,,2026-09-09T21:54:01+09:00
2023-04-19,066570,LG전자,2,33315470700,112900,2575.08,,2026-09-09T21:54:01+09:00
2023-04-19,352820,하이브,3,20090746500,251500,2575.08,,2026-09-09T21:54:01+09:00
2023-04-19,034020,두산에너빌리티,4,12691991610,18540,2575.08,,2026-09-09T21:54:01+09:00
2023-04-19,329180,HD현대중공업,5,11187780300,110000,2575.08,,2026-09-09T21:54:01+09:00
2023-04-19,010580,에스엠벡셀,6,11014271870,3950,2575.08,,2026-09-09T21:54:01+09:00
2023-04-19,093230,이아이디,7,9200291355,3175,2575.08,,2026-09-09T21:54:01+09:00
2023-04-19,086280,현대글로비스,8,9101419400,165400,2575.08,,2026-09-09T21:54:01+09:00
2023-04-19,042670,현대두산인프라코어,9,8675771030,8960,2575.08,,2026-09-09T21:54:01+09:00
2023-04-19,028050,삼성엔지니어링,10,8560201400,30100,2575.08,,2026-09-09T21:54:01+09:00
2023-04-19,033780,KT&G,11,8141809700,86200,2575.08,,2026-09-09T21:54:01+09:00
2023-04-19,005935,삼성전자우,12,7880551100,55500,2575.08,,2026-09-09T21:54:01+09:00
2023-04-19,128940,한미약품,13,7541244500,316500,2575.08,,2026-09-09T21:54:01+09:00
2023-04-19,005380,현대차,14,6452977600,193600,2575.08,,2026-09-09T21:54:01+09:00
2023-04-19,006220,제주은행,15,6449689300,26800,2575.08,,2026-09-09T21:54:01+09:00
2023-04-19,012450,한화에어로스페이스,16,5876872400,108300,2575.08,,2026-09-09T21:54:01+09:00
2023-04-19,012330,현대모비스,17,5787205500,227000,2575.08,,2026-09-09T21:54:01+09:00
2023-04-19,005420,코스모화학,18,5697521600,69800,2575.08,,2026-09-09T21:54:01+09:00
2023-04-19,047050,포스코인터내셔널,19,5524693150,31250,2575.08,,2026-09-09T21:54:01+09:00
2023-04-19,015760,한국전력,20,4973044290,18720,2575.08,,2026-09-09T21:54:01+09:00
2023-04-20,005930,삼성전자,1,81934730300,65300,2563.11,,2026-09-09T21:54:06+09:00
2023-04-20,064350,현대로템,2,71961946900,31700,2563.11,,2026-09-09T21:54:06+09:00
2023-04-20,051910,LG화학,3,49034963000,800000,2563.11,,2026-09-09T21:54:06+09:00
2023-04-20,047810,한국항공우주,4,47838401300,58200,2563.11,,2026-09-09T21:54:06+09:00
2023-04-20,373220,LG에너지솔루션,5,20478396000,580000,2563.11,,2026-09-09T21:54:06+09:00
2023-04-20,012330,현대모비스,6,10848042500,228000,2563.11,,2026-09-09T21:54:06+09:00
2023-04-20,105560,KB금융,7,10003955800,50400,2563.11,,2026-09-09T21:54:06+09:00
2023-04-20,004020,현대제철,8,8951602650,37350,2563.11,,2026-09-09T21:54:06+09:00
2023-04-20,000990,DB하이텍,9,8853574700,65900,2563.11,,2026-09-09T21:54:06+09:00
2023-04-20,011200,HMM,10,8741294350,21850,2563.11,,2026-09-09T21:54:06+09:00
2023-04-20,035420,NAVER,11,8500840100,191600,2563.11,,2026-09-09T21:54:06+09:00
2023-04-20,352820,하이브,12,8101852500,257000,2563.11,,2026-09-09T21:54:06+09:00
2023-04-20,005950,이수화학,13,8011247700,49700,2563.11,,2026-09-09T21:54:06+09:00
2023-04-20,251270,넷마블,14,6998483300,66400,2563.11,,2026-09-09T21:54:06+09:00
2023-04-20,042700,한미반도체,15,6653225370,21150,2563.11,,2026-09-09T21:54:06+09:00
2023-04-20,267260,현대일렉트릭,16,6582015250,48350,2563.11,,2026-09-09T21:54:06+09:00
2023-04-20,010140,삼성중공업,17,6151351390,5750,2563.11,,2026-09-09T21:54:06+09:00
2023-04-20,096770,SK이노베이션,18,6141154500,185400,2563.11,,2026-09-09T21:54:06+09:00
2023-04-20,128940,한미약품,19,6055181000,312000,2563.11,,2026-09-09T21:54:06+09:00
2023-04-20,055550,신한지주,20,5958897350,35900,2563.11,,2026-09-09T21:54:06+09:00
2023-04-21,005930,삼성전자,1,176379312700,65700,2544.4,,2026-09-09T21:54:11+09:00
2023-04-21,064350,현대로템,2,49945553950,33200,2544.4,,2026-09-09T21:54:11+09:00
2023-04-21,005935,삼성전자우,3,42367846600,55700,2544.4,,2026-09-09T21:54:11+09:00
2023-04-21,005490,POSCO홀딩스,4,35558994000,396000,2544.4,,2026-09-09T21:54:11+09:00
2023-04-21,373220,LG에너지솔루션,5,33846377000,572000,2544.4,,2026-09-09T21:54:11+09:00
2023-04-21,066570,LG전자,6,23030516400,107800,2544.4,,2026-09-09T21:54:11+09:00
2023-04-21,012330,현대모비스,7,18692355000,230000,2544.4,,2026-09-09T21:54:11+09:00
2023-04-21,001570,금양,8,14444709400,65400,2544.4,,2026-09-09T21:54:11+09:00
2023-04-21,009830,한화솔루션,9,12175222000,55100,2544.4,,2026-09-09T21:54:11+09:00
2023-04-21,003670,포스코퓨처엠,10,12102768500,379500,2544.4,,2026-09-09T21:54:11+09:00
2023-04-21,108320,LX세미콘,11,10041570600,107700,2544.4,,2026-09-09T21:54:11+09:00
2023-04-21,322000,HD현대에너지솔루션,12,9186608900,56200,2544.4,,2026-09-09T21:54:11+09:00
2023-04-21,005420,코스모화학,13,9119169300,66300,2544.4,,2026-09-09T21:54:11+09:00
2023-04-21,010140,삼성중공업,14,9114753570,5710,2544.4,,2026-09-09T21:54:11+09:00
2023-04-21,010060,OCI,15,8932373000,119200,2544.4,,2026-09-09T21:54:11+09:00
2023-04-21,006260,LS,16,7054909800,92700,2544.4,,2026-09-09T21:54:11+09:00
2023-04-21,352820,하이브,17,6642344000,250000,2544.4,,2026-09-09T21:54:11+09:00
2023-04-21,028050,삼성엔지니어링,18,6077943100,29800,2544.4,,2026-09-09T21:54:11+09:00
2023-04-21,271560,오리온,19,5669230800,144200,2544.4,,2026-09-09T21:54:11+09:00
2023-04-21,034020,두산에너빌리티,20,5623430250,18410,2544.4,,2026-09-09T21:54:11+09:00
2023-04-24,005930,삼성전자,1,88695198600,65200,2523.5,,2026-09-09T21:54:19+09:00
2023-04-24,064350,현대로템,2,47381032900,35150,2523.5,,2026-09-09T21:54:19+09:00
2023-04-24,003670,포스코퓨처엠,3,39549714500,363500,2523.5,,2026-09-09T21:54:19+09:00
2023-04-24,001570,금양,4,24296434000,63600,2523.5,,2026-09-09T21:54:19+09:00
2023-04-24,005420,코스모화학,5,14119664100,63800,2523.5,,2026-09-09T21:54:19+09:00
2023-04-24,001040,CJ,6,12701059800,94900,2523.5,,2026-09-09T21:54:19+09:00
2023-04-24,066570,LG전자,7,12531237700,107400,2523.5,,2026-09-09T21:54:19+09:00
2023-04-24,271560,오리온,8,8743418400,140900,2523.5,,2026-09-09T21:54:19+09:00
2023-04-24,001390,KG케미칼,9,8169675600,54200,2523.5,,2026-09-09T21:54:19+09:00
2023-04-24,009150,삼성전기,10,7943495700,142200,2523.5,,2026-09-09T21:54:19+09:00
2023-04-24,005935,삼성전자우,11,7298007300,55200,2523.5,,2026-09-09T21:54:19+09:00
2023-04-24,012330,현대모비스,12,6692563500,232000,2523.5,,2026-09-09T21:54:19+09:00
2023-04-24,138040,메리츠금융지주,13,6419141650,45350,2523.5,,2026-09-09T21:54:19+09:00
2023-04-24,000990,DB하이텍,14,5849095700,63800,2523.5,,2026-09-09T21:54:19+09:00
2023-04-24,204320,HL만도,15,5513592550,49000,2523.5,,2026-09-09T21:54:19+09:00
2023-04-24,361610,SK아이이테크놀로지,16,5039460700,81400,2523.5,,2026-09-09T21:54:19+09:00
2023-04-24,006110,삼아알미늄,17,4997251300,78700,2523.5,,2026-09-09T21:54:19+09:00
2023-04-24,002380,KCC,18,4965934500,234000,2523.5,,2026-09-09T21:54:19+09:00
2023-04-24,307950,현대오토에버,19,4324429700,124000,2523.5,,2026-09-09T21:54:19+09:00
2023-04-24,074610,이엔플러스,20,3795532450,14500,2523.5,,2026-09-09T21:54:19+09:00
2023-04-25,064350,현대로템,1,37119401600,36400,2489.02,,2026-09-09T21:54:24+09:00
2023-04-25,005490,POSCO홀딩스,2,35993687000,379500,2489.02,,2026-09-09T21:54:24+09:00
2023-04-25,010060,OCI,3,23402934200,119600,2489.02,,2026-09-09T21:54:24+09:00
2023-04-25,005420,코스모화학,4,21570948000,60000,2489.02,,2026-09-09T21:54:24+09:00
2023-04-25,005380,현대차,5,20597518100,201000,2489.02,,2026-09-09T21:54:24+09:00
2023-04-25,003670,포스코퓨처엠,6,19557736500,347500,2489.02,,2026-09-09T21:54:24+09:00
2023-04-25,005070,코스모신소재,7,17565037500,166900,2489.02,,2026-09-09T21:54:24+09:00
2023-04-25,001570,금양,8,11403521700,58900,2489.02,,2026-09-09T21:54:24+09:00
2023-04-25,047050,포스코인터내셔널,9,11393318450,27500,2489.02,,2026-09-09T21:54:24+09:00
2023-04-25,086280,현대글로비스,10,9622952200,168100,2489.02,,2026-09-09T21:54:24+09:00
2023-04-25,000810,삼성화재,11,9199334500,230500,2489.02,,2026-09-09T21:54:24+09:00
2023-04-25,012330,현대모비스,12,8332756000,237500,2489.02,,2026-09-09T21:54:24+09:00
2023-04-25,066570,LG전자,13,7929107300,108900,2489.02,,2026-09-09T21:54:24+09:00
2023-04-25,001390,KG케미칼,14,7179940350,49850,2489.02,,2026-09-09T21:54:24+09:00
2023-04-25,128940,한미약품,15,6649884000,306500,2489.02,,2026-09-09T21:54:24+09:00
2023-04-25,001040,CJ,16,6610571800,92200,2489.02,,2026-09-09T21:54:24+09:00
2023-04-25,373220,LG에너지솔루션,17,6420029000,551000,2489.02,,2026-09-09T21:54:24+09:00
2023-04-25,000990,DB하이텍,18,6249894400,62000,2489.02,,2026-09-09T21:54:24+09:00
2023-04-25,011790,SKC,19,5756263800,101700,2489.02,,2026-09-09T21:54:24+09:00
2023-04-25,004020,현대제철,20,5716990400,36550,2489.02,,2026-09-09T21:54:24+09:00
2023-04-26,005930,삼성전자,1,92709323900,64100,2484.83,,2026-09-09T21:54:28+09:00
2023-04-26,000660,SK하이닉스,2,63951525700,87400,2484.83,,2026-09-09T21:54:28+09:00
2023-04-26,064350,현대로템,3,38006648350,34400,2484.83,,2026-09-09T21:54:28+09:00
2023-04-26,005380,현대차,4,31903262300,201500,2484.83,,2026-09-09T21:54:28+09:00
2023-04-26,005385,현대차우,5,13000433500,107900,2484.83,,2026-09-09T21:54:28+09:00
2023-04-26,047810,한국항공우주,6,12882874600,56000,2484.83,,2026-09-09T21:54:28+09:00
2023-04-26,010060,OCI,7,12209422100,119800,2484.83,,2026-09-09T21:54:28+09:00
2023-04-26,035420,NAVER,8,9070415700,188100,2484.83,,2026-09-09T21:54:28+09:00
2023-04-26,035720,카카오,9,8774047900,56500,2484.83,,2026-09-09T21:54:28+09:00
2023-04-26,005490,POSCO홀딩스,10,8084059000,371500,2484.83,,2026-09-09T21:54:28+09:00
2023-04-26,042670,HD현대인프라코어,11,7859626070,9410,2484.83,,2026-09-09T21:54:28+09:00
2023-04-26,005935,삼성전자우,12,7747836800,53800,2484.83,,2026-09-09T21:54:28+09:00
2023-04-26,005387,현대차2우B,13,6536643900,113000,2484.83,,2026-09-09T21:54:28+09:00
2023-04-26,028050,삼성엔지니어링,14,6179091400,29250,2484.83,,2026-09-09T21:54:28+09:00
2023-04-26,066570,LG전자,15,6168126500,108400,2484.83,,2026-09-09T21:54:28+09:00
2023-04-26,103140,풍산,16,5888204950,42700,2484.83,,2026-09-09T21:54:28+09:00
2023-04-26,036570,엔씨소프트,17,5716043500,367500,2484.83,,2026-09-09T21:54:28+09:00
2023-04-26,161000,애경케미칼,18,5643923980,15070,2484.83,,2026-09-09T21:54:28+09:00
2023-04-26,042700,한미반도체,19,5605319050,21550,2484.83,,2026-09-09T21:54:28+09:00
2023-04-26,097950,CJ제일제당,20,4766235500,315000,2484.83,,2026-09-09T21:54:28+09:00
2023-04-27,005930,삼성전자,1,250682088900,64600,2495.81,,2026-09-09T21:54:33+09:00
2023-04-27,005380,현대차,2,43057387500,202000,2495.81,,2026-09-09T21:54:33+09:00
2023-04-27,000270,기아,3,29383085300,86600,2495.81,,2026-09-09T21:54:33+09:00
2023-04-27,005935,삼성전자우,4,21392065400,55100,2495.81,,2026-09-09T21:54:33+09:00
2023-04-27,064350,현대로템,5,19289773650,34750,2495.81,,2026-09-09T21:54:33+09:00
2023-04-27,012330,현대모비스,6,18632424500,221500,2495.81,,2026-09-09T21:54:33+09:00
2023-04-27,373220,LG에너지솔루션,7,16370456000,587000,2495.81,,2026-09-09T21:54:33+09:00
2023-04-27,009830,한화솔루션,8,15174789900,51200,2495.81,,2026-09-09T21:54:33+09:00
2023-04-27,047810,한국항공우주,9,13574685000,56600,2495.81,,2026-09-09T21:54:33+09:00
2023-04-27,034020,두산에너빌리티,10,8413303050,16930,2495.81,,2026-09-09T21:54:33+09:00
2023-04-27,042670,HD현대인프라코어,11,7736724380,9890,2495.81,,2026-09-09T21:54:33+09:00
2023-04-27,017390,서울가스,12,7624777800,112700,2495.81,,2026-09-09T21:54:33+09:00
2023-04-27,267270,HD현대건설기계,13,7492140200,67900,2495.81,,2026-09-09T21:54:33+09:00
2023-04-27,011070,LG이노텍,14,6984679500,265500,2495.81,,2026-09-09T21:54:33+09:00
2023-04-27,352820,하이브,15,6949186500,264000,2495.81,,2026-09-09T21:54:33+09:00
2023-04-27,005070,코스모신소재,16,6443260900,173900,2495.81,,2026-09-09T21:54:33+09:00
2023-04-27,033780,KT&G,17,5886039900,84700,2495.81,,2026-09-09T21:54:33+09:00
2023-04-27,068270,셀트리온,18,5700228900,163200,2495.81,,2026-09-09T21:54:33+09:00
2023-04-27,028260,삼성물산,19,5551058100,107100,2495.81,,2026-09-09T21:54:33+09:00
2023-04-27,241560,두산밥캣,20,5522853450,51200,2495.81,,2026-09-09T21:54:33+09:00
2023-04-28,005930,삼성전자,1,258267338300,65500,2501.53,,2026-09-09T21:54:38+09:00
2023-04-28,035420,NAVER,2,54573722000,192300,2501.53,,2026-09-09T21:54:38+09:00
2023-04-28,000660,SK하이닉스,3,45113793400,89500,2501.53,,2026-09-09T21:54:38+09:00
2023-04-28,064350,현대로템,4,26040348900,32900,2501.53,,2026-09-09T21:54:38+09:00
2023-04-28,005935,삼성전자우,5,24331016900,55700,2501.53,,2026-09-09T21:54:38+09:00
2023-04-28,047810,한국항공우주,6,21636917600,54800,2501.53,,2026-09-09T21:54:38+09:00
2023-04-28,009150,삼성전기,7,20126996800,143900,2501.53,,2026-09-09T21:54:38+09:00
2023-04-28,028260,삼성물산,8,17515033400,109600,2501.53,,2026-09-09T21:54:38+09:00
2023-04-28,035720,카카오,9,17396663800,58100,2501.53,,2026-09-09T21:54:38+09:00
2023-04-28,105560,KB금융,10,14809750300,49500,2501.53,,2026-09-09T21:54:38+09:00
2023-04-28,012330,현대모비스,11,12982155500,217500,2501.53,,2026-09-09T21:54:38+09:00
2023-04-28,051900,LG생활건강,12,11132188000,623000,2501.53,,2026-09-09T21:54:38+09:00
2023-04-28,003620,KG모빌리티,13,11040558020,13820,2501.53,,2026-09-09T21:54:38+09:00
2023-04-28,066570,LG전자,14,10266492000,109300,2501.53,,2026-09-09T21:54:38+09:00
2023-04-28,042670,HD현대인프라코어,15,9405396180,9860,2501.53,,2026-09-09T21:54:38+09:00
2023-04-28,051910,LG화학,16,8541223000,740000,2501.53,,2026-09-09T21:54:38+09:00
2023-04-28,138040,메리츠금융지주,17,8228714800,45900,2501.53,,2026-09-09T21:54:38+09:00
2023-04-28,207940,삼성바이오로직스,18,7884766000,781000,2501.53,,2026-09-09T21:54:38+09:00
2023-04-28,000270,기아,19,7344723700,84500,2501.53,,2026-09-09T21:54:38+09:00
2023-04-28,090430,아모레퍼시픽,20,7228839100,123300,2501.53,,2026-09-09T21:54:38+09:00
2023-05-02,005930,삼성전자,1,78596075800,65700,2524.39,,2026-09-09T21:54:48+09:00
2023-05-02,012450,한화에어로스페이스,2,51240637700,107600,2524.39,,2026-09-09T21:54:48+09:00
2023-05-02,008770,호텔신라,3,46048630100,87300,2524.39,,2026-09-09T21:54:48+09:00
2023-05-02,373220,LG에너지솔루션,4,38712335000,591000,2524.39,,2026-09-09T21:54:48+09:00
2023-05-02,005380,현대차,5,28552916900,201500,2524.39,,2026-09-09T21:54:48+09:00
2023-05-02,000270,기아,6,19721179400,86900,2524.39,,2026-09-09T21:54:48+09:00
2023-05-02,042670,HD현대인프라코어,7,17500273540,10210,2524.39,,2026-09-09T21:54:48+09:00
2023-05-02,009830,한화솔루션,8,11648414900,47100,2524.39,,2026-09-09T21:54:48+09:00
2023-05-02,004170,신세계,9,10932223500,213000,2524.39,,2026-09-09T21:54:48+09:00
2023-05-02,030200,KT,10,10067046850,30650,2524.39,,2026-09-09T21:54:48+09:00
2023-05-02,005070,코스모신소재,11,9843678300,184500,2524.39,,2026-09-09T21:54:48+09:00
2023-05-02,298050,효성첨단소재,12,9125124000,420500,2524.39,,2026-09-09T21:54:48+09:00
2023-05-02,012330,현대모비스,13,8515229000,223000,2524.39,,2026-09-09T21:54:48+09:00
2023-05-02,042700,한미반도체,14,7823403550,21350,2524.39,,2026-09-09T21:54:48+09:00
2023-05-02,016380,KG스틸,15,7774689220,10190,2524.39,,2026-09-09T21:54:48+09:00
2023-05-02,161000,애경케미칼,16,7230773470,19690,2524.39,,2026-09-09T21:54:48+09:00
2023-05-02,207940,삼성바이오로직스,17,7182510000,767000,2524.39,,2026-09-09T21:54:48+09:00
2023-05-02,008350,남선알미늄,18,7098474140,2520,2524.39,,2026-09-09T21:54:48+09:00
2023-05-02,068270,셀트리온,19,6891387100,160400,2524.39,,2026-09-09T21:54:48+09:00
2023-05-02,079550,LIG넥스원,20,6409383600,80700,2524.39,,2026-09-09T21:54:48+09:00
2023-05-03,005930,삼성전자,1,68979478300,65400,2501.4,,2026-09-09T21:54:52+09:00
2023-05-03,323410,카카오뱅크,2,24992637600,24100,2501.4,,2026-09-09T21:54:52+09:00
2023-05-03,352820,하이브,3,16589059000,294500,2501.4,,2026-09-09T21:54:52+09:00
2023-05-03,005380,현대차,4,14805702600,201000,2501.4,,2026-09-09T21:54:52+09:00
2023-05-03,042700,한미반도체,5,11126384200,23200,2501.4,,2026-09-09T21:54:52+09:00
2023-05-03,000660,SK하이닉스,6,10514287400,89800,2501.4,,2026-09-09T21:54:52+09:00
2023-05-03,207940,삼성바이오로직스,7,10475231000,775000,2501.4,,2026-09-09T21:54:52+09:00
2023-05-03,361610,SK아이이테크놀로지,8,9352258400,83500,2501.4,,2026-09-09T21:54:52+09:00
2023-05-03,005935,삼성전자우,9,9242948000,55300,2501.4,,2026-09-09T21:54:52+09:00
2023-05-03,009150,삼성전기,10,7071623600,143300,2501.4,,2026-09-09T21:54:52+09:00
2023-05-03,066570,LG전자,11,6298538200,109300,2501.4,,2026-09-09T21:54:52+09:00
2023-05-03,042670,HD현대인프라코어,12,6175041690,10300,2501.4,,2026-09-09T21:54:52+09:00
2023-05-03,009830,한화솔루션,13,5670246200,45500,2501.4,,2026-09-09T21:54:52+09:00
2023-05-03,008930,한미사이언스,14,5485627400,40500,2501.4,,2026-09-09T21:54:52+09:00
2023-05-03,012330,현대모비스,15,5191978000,221000,2501.4,,2026-09-09T21:54:52+09:00
2023-05-03,001780,알루코,16,5010698900,3825,2501.4,,2026-09-09T21:54:52+09:00
2023-05-03,035420,NAVER,17,4958446100,192600,2501.4,,2026-09-09T21:54:52+09:00
2023-05-03,012450,한화에어로스페이스,18,4851289400,106900,2501.4,,2026-09-09T21:54:52+09:00
2023-05-03,068270,셀트리온,19,4841570700,159000,2501.4,,2026-09-09T21:54:52+09:00
2023-05-03,064350,현대로템,20,4403313650,34650,2501.4,,2026-09-09T21:54:52+09:00
2023-05-04,005930,삼성전자,1,87299962000,65100,2500.94,,2026-09-09T21:54:56+09:00
2023-05-04,207940,삼성바이오로직스,2,36072608000,797000,2500.94,,2026-09-09T21:54:56+09:00
2023-05-04,302440,SK바이오사이언스,3,23697234100,83100,2500.94,,2026-09-09T21:54:56+09:00
2023-05-04,051910,LG화학,4,13615243000,731000,2500.94,,2026-09-09T21:54:56+09:00
2023-05-04,005380,현대차,5,10987097600,199200,2500.94,,2026-09-09T21:54:56+09:00
2023-05-04,042670,HD현대인프라코어,6,8963660680,10720,2500.94,,2026-09-09T21:54:56+09:00
2023-05-04,006400,삼성SDI,7,8132470000,684000,2500.94,,2026-09-09T21:54:56+09:00
2023-05-04,005830,DB손해보험,8,7409244200,80100,2500.94,,2026-09-09T21:54:56+09:00
2023-05-04,000270,기아,9,7359028800,85900,2500.94,,2026-09-09T21:54:56+09:00
2023-05-04,248070,솔루엠,10,6871626900,26750,2500.94,,2026-09-09T21:54:56+09:00
2023-05-04,032830,삼성생명,11,6337859400,66800,2500.94,,2026-09-09T21:54:56+09:00
2023-05-04,074610,이엔플러스,12,5396951860,11160,2500.94,,2026-09-09T21:54:56+09:00
2023-05-04,066570,LG전자,13,5326161400,109200,2500.94,,2026-09-09T21:54:56+09:00
2023-05-04,017670,SK텔레콤,14,5267755100,48100,2500.94,,2026-09-09T21:54:56+09:00
2023-05-04,105560,KB금융,15,5145115250,48700,2500.94,,2026-09-09T21:54:56+09:00
2023-05-04,377300,카카오페이,16,4685607600,57200,2500.94,,2026-09-09T21:54:56+09:00
2023-05-04,028260,삼성물산,17,4612365400,109900,2500.94,,2026-09-09T21:54:56+09:00
2023-05-04,006360,GS건설,18,4547255400,20650,2500.94,,2026-09-09T21:54:56+09:00
2023-05-04,016360,삼성증권,19,4119307650,34350,2500.94,,2026-09-09T21:54:56+09:00
2023-05-04,009830,한화솔루션,20,4029350200,45750,2500.94,,2026-09-09T21:54:56+09:00
2023-05-08,035420,NAVER,1,85850756700,207000,2513.21,,2026-09-09T21:55:06+09:00
2023-05-08,005930,삼성전자,2,75454296700,65900,2513.21,,2026-09-09T21:55:06+09:00
2023-05-08,011070,LG이노텍,3,40031142500,273500,2513.21,,2026-09-09T21:55:06+09:00
2023-05-08,005935,삼성전자우,4,20519701100,55700,2513.21,,2026-09-09T21:55:06+09:00
2023-05-08,005380,현대차,5,20436498500,202500,2513.21,,2026-09-09T21:55:06+09:00
2023-05-08,066570,LG전자,6,15874083700,112300,2513.21,,2026-09-09T21:55:06+09:00
2023-05-08,006360,GS건설,7,14593755150,21600,2513.21,,2026-09-09T21:55:06+09:00
2023-05-08,352820,하이브,8,13341920000,279000,2513.21,,2026-09-09T21:55:06+09:00
2023-05-08,096770,SK이노베이션,9,12592944000,185000,2513.21,,2026-09-09T21:55:06+09:00
2023-05-08,016360,삼성증권,10,9336897300,35100,2513.21,,2026-09-09T21:55:06+09:00
2023-05-08,323410,카카오뱅크,11,8994544800,24400,2513.21,,2026-09-09T21:55:06+09:00
2023-05-08,009150,삼성전기,12,8753736300,140000,2513.21,,2026-09-09T21:55:06+09:00
2023-05-08,377300,카카오페이,13,8505928600,58700,2513.21,,2026-09-09T21:55:06+09:00
2023-05-08,000270,기아,14,7462776700,87100,2513.21,,2026-09-09T21:55:06+09:00
2023-05-08,047040,대우건설,15,5920904785,4355,2513.21,,2026-09-09T21:55:06+09:00
2023-05-08,005420,코스모화학,16,5774329700,55100,2513.21,,2026-09-09T21:55:06+09:00
2023-05-08,055550,신한지주,17,5628918150,35750,2513.21,,2026-09-09T21:55:06+09:00
2023-05-08,012450,한화에어로스페이스,18,5389063700,105000,2513.21,,2026-09-09T21:55:06+09:00
2023-05-08,004360,세방,19,5370526310,17350,2513.21,,2026-09-09T21:55:06+09:00
2023-05-08,064350,현대로템,20,5196481600,34200,2513.21,,2026-09-09T21:55:06+09:00
2023-05-09,035420,NAVER,1,87714984500,211000,2510.06,,2026-09-09T21:55:09+09:00
2023-05-09,005380,현대차,2,28223092100,205000,2510.06,,2026-09-09T21:55:09+09:00
2023-05-09,003670,포스코퓨처엠,3,26786043500,317000,2510.06,,2026-09-09T21:55:09+09:00
2023-05-09,068270,셀트리온,4,23743808800,171800,2510.06,,2026-09-09T21:55:09+09:00
2023-05-09,005070,코스모신소재,5,18032728400,167000,2510.06,,2026-09-09T21:55:09+09:00
2023-05-09,005935,삼성전자우,6,14228354200,55600,2510.06,,2026-09-09T21:55:09+09:00
2023-05-09,005490,POSCO홀딩스,7,12491251000,372000,2510.06,,2026-09-09T21:55:09+09:00
2023-05-09,329180,HD현대중공업,8,11392992700,113300,2510.06,,2026-09-09T21:55:09+09:00
2023-05-09,010140,삼성중공업,9,8176711710,5610,2510.06,,2026-09-09T21:55:09+09:00
2023-05-09,042670,HD현대인프라코어,10,7257890480,10260,2510.06,,2026-09-09T21:55:09+09:00
2023-05-09,352820,하이브,11,7225341500,277500,2510.06,,2026-09-09T21:55:09+09:00
2023-05-09,002710,TCC스틸,12,6956404350,35300,2510.06,,2026-09-09T21:55:09+09:00
2023-05-09,009540,HD한국조선해양,13,6951898300,88400,2510.06,,2026-09-09T21:55:09+09:00
2023-05-09,000270,기아,14,6881393100,87600,2510.06,,2026-09-09T21:55:09+09:00
2023-05-09,005420,코스모화학,15,6553474500,55300,2510.06,,2026-09-09T21:55:09+09:00
2023-05-09,112610,씨에스윈드,16,5912894000,77700,2510.06,,2026-09-09T21:55:09+09:00
2023-05-09,241560,두산밥캣,17,5775678300,51100,2510.06,,2026-09-09T21:55:09+09:00
2023-05-09,008770,호텔신라,18,5474734600,81400,2510.06,,2026-09-09T21:55:09+09:00
2023-05-09,028260,삼성물산,19,5403699000,111000,2510.06,,2026-09-09T21:55:09+09:00
2023-05-09,302440,SK바이오사이언스,20,4821332900,81900,2510.06,,2026-09-09T21:55:09+09:00
2023-05-10,005380,현대차,1,61331835500,210000,2496.51,,2026-09-09T21:55:13+09:00
2023-05-10,000270,기아,2,55135990300,90000,2496.51,,2026-09-09T21:55:13+09:00
2023-05-10,066570,LG전자,3,54482410100,114900,2496.51,,2026-09-09T21:55:13+09:00
2023-05-10,035420,NAVER,4,32809255500,210000,2496.51,,2026-09-09T21:55:13+09:00
2023-05-10,003670,포스코퓨처엠,5,26731733000,306000,2496.51,,2026-09-09T21:55:13+09:00
2023-05-10,051910,LG화학,6,14922426000,709000,2496.51,,2026-09-09T21:55:13+09:00
2023-05-10,017670,SK텔레콤,7,11620676000,49750,2496.51,,2026-09-09T21:55:13+09:00
2023-05-10,005935,삼성전자우,8,9955583800,55700,2496.51,,2026-09-09T21:55:13+09:00
2023-05-10,000660,SK하이닉스,9,9307882400,86900,2496.51,,2026-09-09T21:55:13+09:00
2023-05-10,012450,한화에어로스페이스,10,9048181300,103100,2496.51,,2026-09-09T21:55:13+09:00
2023-05-10,373220,LG에너지솔루션,11,8170027000,566000,2496.51,,2026-09-09T21:55:13+09:00
2023-05-10,259960,크래프톤,12,8078931300,200500,2496.51,,2026-09-09T21:55:13+09:00
2023-05-10,006400,삼성SDI,13,8046996000,672000,2496.51,,2026-09-09T21:55:13+09:00
2023-05-10,047050,포스코인터내셔널,14,8045190100,27650,2496.51,,2026-09-09T21:55:13+09:00
2023-05-10,090430,아모레퍼시픽,15,7695274300,117000,2496.51,,2026-09-09T21:55:13+09:00
2023-05-10,323410,카카오뱅크,16,6766728600,25000,2496.51,,2026-09-09T21:55:13+09:00
2023-05-10,093230,이아이디,17,6558819153,1650,2496.51,,2026-09-09T21:55:13+09:00
2023-05-10,128940,한미약품,18,6182223000,306000,2496.51,,2026-09-09T21:55:13+09:00
2023-05-10,003550,LG,19,5904732100,91100,2496.51,,2026-09-09T21:55:13+09:00
2023-05-10,000720,현대건설,20,4981058900,40200,2496.51,,2026-09-09T21:55:13+09:00
2023-05-11,066570,LG전자,1,25725782300,116200,2491.0,,2026-09-09T21:55:18+09:00
2023-05-11,086790,하나금융지주,2,24162584400,41900,2491.0,,2026-09-09T21:55:18+09:00
2023-05-11,000270,기아,3,21620895300,90100,2491.0,,2026-09-09T21:55:18+09:00
2023-05-11,005070,코스모신소재,4,16104457300,171100,2491.0,,2026-09-09T21:55:18+09:00
2023-05-11,012450,한화에어로스페이스,5,14403721200,106500,2491.0,,2026-09-09T21:55:18+09:00
2023-05-11,112610,씨에스윈드,6,13585897800,79200,2491.0,,2026-09-09T21:55:18+09:00
2023-05-11,035420,NAVER,7,11747481000,211000,2491.0,,2026-09-09T21:55:18+09:00
2023-05-11,006360,GS건설,8,10676915850,21700,2491.0,,2026-09-09T21:55:18+09:00
2023-05-11,028260,삼성물산,9,8645841800,111400,2491.0,,2026-09-09T21:55:18+09:00
2023-05-11,105560,KB금융,10,8345705150,49200,2491.0,,2026-09-09T21:55:18+09:00
2023-05-11,055550,신한지주,11,7799642050,35300,2491.0,,2026-09-09T21:55:18+09:00
2023-05-11,017670,SK텔레콤,12,6904203750,50500,2491.0,,2026-09-09T21:55:18+09:00
2023-05-11,361610,SK아이이테크놀로지,13,6458751700,83400,2491.0,,2026-09-09T21:55:18+09:00
2023-05-11,037270,YG PLUS,14,5900448740,6290,2491.0,,2026-09-09T21:55:18+09:00
2023-05-11,323410,카카오뱅크,15,5692020600,25000,2491.0,,2026-09-09T21:55:18+09:00
2023-05-11,009830,한화솔루션,16,5448579000,46150,2491.0,,2026-09-09T21:55:18+09:00
2023-05-11,207940,삼성바이오로직스,17,4853139000,783000,2491.0,,2026-09-09T21:55:18+09:00
2023-05-11,010690,화신,18,4846174540,16000,2491.0,,2026-09-09T21:55:18+09:00
2023-05-11,329180,HD현대중공업,19,4670973600,115200,2491.0,,2026-09-09T21:55:18+09:00
2023-05-11,015760,한국전력,20,4535223410,19340,2491.0,,2026-09-09T21:55:18+09:00
2023-05-12,005380,현대차,1,18553874000,208500,2475.42,,2026-09-09T21:55:22+09:00
2023-05-12,000660,SK하이닉스,2,18463935700,87200,2475.42,,2026-09-09T21:55:22+09:00
2023-05-12,035420,NAVER,3,16461916000,213500,2475.42,,2026-09-09T21:55:22+09:00
2023-05-12,005930,삼성전자,4,15899550400,64100,2475.42,,2026-09-09T21:55:22+09:00
2023-05-12,035720,카카오,5,11992315600,56600,2475.42,,2026-09-09T21:55:22+09:00
2023-05-12,011070,LG이노텍,6,8224893000,281000,2475.42,,2026-09-09T21:55:22+09:00
2023-05-12,005940,NH투자증권,7,6656706830,9520,2475.42,,2026-09-09T21:55:22+09:00
2023-05-12,001450,현대해상,8,5854568450,35400,2475.42,,2026-09-09T21:55:22+09:00
2023-05-12,017670,SK텔레콤,9,5848115100,50300,2475.42,,2026-09-09T21:55:22+09:00
2023-05-12,008350,남선알미늄,10,5418481960,3015,2475.42,,2026-09-09T21:55:22+09:00
2023-05-12,005830,DB손해보험,11,5228868000,78100,2475.42,,2026-09-09T21:55:22+09:00
2023-05-12,009150,삼성전기,12,4851357800,135900,2475.42,,2026-09-09T21:55:22+09:00
2023-05-12,267260,HD현대일렉트릭,13,4811572900,47400,2475.42,,2026-09-09T21:55:22+09:00
2023-05-12,161390,한국타이어앤테크놀로지,14,4746799550,34900,2475.42,,2026-09-09T21:55:22+09:00
2023-05-12,128940,한미약품,15,4745008000,302000,2475.42,,2026-09-09T21:55:22+09:00
2023-05-12,047400,유니온머티리얼,16,4430597075,4990,2475.42,,2026-09-09T21:55:22+09:00
2023-05-12,096770,SK이노베이션,17,4411939400,177100,2475.42,,2026-09-09T21:55:22+09:00
2023-05-12,036570,엔씨소프트,18,4324841000,379500,2475.42,,2026-09-09T21:55:22+09:00
2023-05-12,015760,한국전력,19,4166963770,19700,2475.42,,2026-09-09T21:55:22+09:00
2023-05-12,028260,삼성물산,20,4001613900,111100,2475.42,,2026-09-09T21:55:22+09:00
2023-05-15,005930,삼성전자,1,18432397300,64500,2479.35,,2026-09-09T21:55:30+09:00
2023-05-15,006400,삼성SDI,2,16076586000,674000,2479.35,,2026-09-09T21:55:30+09:00
2023-05-15,005070,코스모신소재,3,14138006100,164000,2479.35,,2026-09-09T21:55:30+09:00
2023-05-15,373220,LG에너지솔루션,4,11505051000,545000,2479.35,,2026-09-09T21:55:30+09:00
2023-05-15,005490,POSCO홀딩스,5,10809780500,368000,2479.35,,2026-09-09T21:55:30+09:00
2023-05-15,005420,코스모화학,6,10301100250,50700,2479.35,,2026-09-09T21:55:30+09:00
2023-05-15,003670,포스코퓨처엠,7,8564251500,303500,2479.35,,2026-09-09T21:55:30+09:00
2023-05-15,068270,셀트리온,8,8174723700,168600,2479.35,,2026-09-09T21:55:30+09:00
2023-05-15,112610,씨에스윈드,9,6501418300,78400,2479.35,,2026-09-09T21:55:30+09:00
2023-05-15,000270,기아,10,5454680700,90000,2479.35,,2026-09-09T21:55:30+09:00
2023-05-15,161390,한국타이어앤테크놀로지,11,5311239000,37000,2479.35,,2026-09-09T21:55:30+09:00
2023-05-15,001450,현대해상,12,4885971600,34750,2479.35,,2026-09-09T21:55:30+09:00
2023-05-15,073240,금호타이어,13,4038985015,5230,2479.35,,2026-09-09T21:55:30+09:00
2023-05-15,207940,삼성바이오로직스,14,3921714000,789000,2479.35,,2026-09-09T21:55:30+09:00
2023-05-15,064350,현대로템,15,3708568650,32750,2479.35,,2026-09-09T21:55:30+09:00
2023-05-15,035720,카카오,16,3655718200,56800,2479.35,,2026-09-09T21:55:30+09:00
2023-05-15,005830,DB손해보험,17,3654837500,76200,2479.35,,2026-09-09T21:55:30+09:00
2023-05-15,012330,현대모비스,18,3580811500,225000,2479.35,,2026-09-09T21:55:30+09:00
2023-05-15,336260,두산퓨얼셀,19,3566539800,30500,2479.35,,2026-09-09T21:55:30+09:00
2023-05-15,000810,삼성화재,20,3411381000,227500,2479.35,,2026-09-09T21:55:30+09:00
2023-05-16,000660,SK하이닉스,1,217079113500,90400,2480.24,,2026-09-09T21:55:34+09:00
2023-05-16,005930,삼성전자,2,211997331400,65400,2480.24,,2026-09-09T21:55:34+09:00
2023-05-16,009150,삼성전기,3,10822049900,136100,2480.24,,2026-09-09T21:55:34+09:00
2023-05-16,323410,카카오뱅크,4,9387878550,25150,2480.24,,2026-09-09T21:55:34+09:00
2023-05-16,138040,메리츠금융지주,5,8743971650,45700,2480.24,,2026-09-09T21:55:34+09:00
2023-05-16,001440,대한전선,6,8657314090,15860,2480.24,,2026-09-09T21:55:34+09:00
2023-05-16,005935,삼성전자우,7,8383529800,55400,2480.24,,2026-09-09T21:55:34+09:00
2023-05-16,005380,현대차,8,8237067500,202500,2480.24,,2026-09-09T21:55:34+09:00
2023-05-16,105560,KB금융,9,7025403600,49300,2480.24,,2026-09-09T21:55:34+09:00
2023-05-16,012450,한화에어로스페이스,10,6999717200,103500,2480.24,,2026-09-09T21:55:34+09:00
2023-05-16,009830,한화솔루션,11,6211371750,46850,2480.24,,2026-09-09T21:55:34+09:00
2023-05-16,005850,에스엘,12,5924503000,37500,2480.24,,2026-09-09T21:55:34+09:00
2023-05-16,302440,SK바이오사이언스,13,4594708600,79300,2480.24,,2026-09-09T21:55:34+09:00
2023-05-16,005420,코스모화학,14,4433226450,49050,2480.24,,2026-09-09T21:55:34+09:00
2023-05-16,042670,HD현대인프라코어,15,4101265110,10040,2480.24,,2026-09-09T21:55:34+09:00
2023-05-16,032830,삼성생명,16,3927711900,67000,2480.24,,2026-09-09T21:55:34+09:00
2023-05-16,047050,포스코인터내셔널,17,3927093100,28350,2480.24,,2026-09-09T21:55:34+09:00
2023-05-16,005070,코스모신소재,18,3773255700,166400,2480.24,,2026-09-09T21:55:34+09:00
2023-05-16,016360,삼성증권,19,3693316450,35200,2480.24,,2026-09-09T21:55:34+09:00
2023-05-16,001450,현대해상,20,3290737400,34850,2480.24,,2026-09-09T21:55:34+09:00
2023-05-17,000660,SK하이닉스,1,103464550300,91900,2494.66,,2026-09-09T21:55:39+09:00
2023-05-17,009830,한화솔루션,2,27859697150,47950,2494.66,,2026-09-09T21:55:39+09:00
2023-05-17,006400,삼성SDI,3,23168258000,691000,2494.66,,2026-09-09T21:55:39+09:00
2023-05-17,373220,LG에너지솔루션,4,21107377000,560000,2494.66,,2026-09-09T21:55:39+09:00
2023-05-17,035420,NAVER,5,14741404500,213000,2494.66,,2026-09-09T21:55:39+09:00
2023-05-17,005380,현대차,6,13926934500,204500,2494.66,,2026-09-09T21:55:39+09:00
2023-05-17,000270,기아,7,12586909100,88100,2494.66,,2026-09-09T21:55:39+09:00
2023-05-17,005070,코스모신소재,8,12448096300,169800,2494.66,,2026-09-09T21:55:39+09:00
2023-05-17,004490,세방전지,9,11455615806,55700,2494.66,,2026-09-09T21:55:39+09:00
2023-05-17,096770,SK이노베이션,10,11395592700,182100,2494.66,,2026-09-09T21:55:39+09:00
2023-05-17,066570,LG전자,11,8507736400,111900,2494.66,,2026-09-09T21:55:39+09:00
2023-05-17,012450,한화에어로스페이스,12,7749711100,104100,2494.66,,2026-09-09T21:55:39+09:00
2023-05-17,005935,삼성전자우,13,7714244800,55500,2494.66,,2026-09-09T21:55:39+09:00
2023-05-17,068270,셀트리온,14,7216989500,171800,2494.66,,2026-09-09T21:55:39+09:00
2023-05-17,011070,LG이노텍,15,6830837500,286500,2494.66,,2026-09-09T21:55:39+09:00
2023-05-17,011170,롯데케미칼,16,6762603000,177600,2494.66,,2026-09-09T21:55:39+09:00
2023-05-17,035720,카카오,17,6613976900,57700,2494.66,,2026-09-09T21:55:39+09:00
2023-05-17,010690,화신,18,5765426500,16800,2494.66,,2026-09-09T21:55:39+09:00
2023-05-17,200880,서연이화,19,5563707910,20800,2494.66,,2026-09-09T21:55:39+09:00
2023-05-17,010950,S-Oil,20,5509987100,73200,2494.66,,2026-09-09T21:55:39+09:00
2023-05-18,005930,삼성전자,1,362786228100,66200,2515.4,,2026-09-09T21:55:43+09:00
2023-05-18,000660,SK하이닉스,2,105901554800,93600,2515.4,,2026-09-09T21:55:43+09:00
2023-05-18,005935,삼성전자우,3,37378498300,56300,2515.4,,2026-09-09T21:55:43+09:00
2023-05-18,000270,기아,4,30201406900,89900,2515.4,,2026-09-09T21:55:43+09:00
2023-05-18,373220,LG에너지솔루션,5,15534481000,562000,2515.4,,2026-09-09T21:55:43+09:00
2023-05-18,001120,LX인터내셔널,6,12498693500,32300,2515.4,,2026-09-09T21:55:43+09:00
2023-05-18,006400,삼성SDI,7,11428810000,692000,2515.4,,2026-09-09T21:55:43+09:00
2023-05-18,066570,LG전자,8,10051582800,113000,2515.4,,2026-09-09T21:55:43+09:00
2023-05-18,005380,현대차,9,9760759500,206500,2515.4,,2026-09-09T21:55:43+09:00
2023-05-18,005070,코스모신소재,10,9581321600,174000,2515.4,,2026-09-09T21:55:43+09:00
2023-05-18,009150,삼성전기,11,9548227100,141400,2515.4,,2026-09-09T21:55:43+09:00
2023-05-18,009540,HD한국조선해양,12,7193455500,90000,2515.4,,2026-09-09T21:55:43+09:00
2023-05-18,042700,한미반도체,13,6924556250,21350,2515.4,,2026-09-09T21:55:43+09:00
2023-05-18,010580,에스엠벡셀,14,6718911915,3225,2515.4,,2026-09-09T21:55:43+09:00
2023-05-18,012330,현대모비스,15,5493969000,229000,2515.4,,2026-09-09T21:55:43+09:00
2023-05-18,204320,HL만도,16,4955481100,47250,2515.4,,2026-09-09T21:55:43+09:00
2023-05-18,009900,명신산업,17,4880329200,22750,2515.4,,2026-09-09T21:55:43+09:00
2023-05-18,042670,HD현대인프라코어,18,4872074020,9590,2515.4,,2026-09-09T21:55:43+09:00
2023-05-18,018260,삼성에스디에스,19,4594956800,119900,2515.4,,2026-09-09T21:55:43+09:00
2023-05-18,034730,SK,20,3900776800,167000,2515.4,,2026-09-09T21:55:43+09:00
2023-05-19,005930,삼성전자,1,529314298900,68400,2537.79,,2026-09-09T21:55:47+09:00
2023-05-19,005935,삼성전자우,2,70447309500,58100,2537.79,,2026-09-09T21:55:47+09:00
2023-05-19,000660,SK하이닉스,3,23187191700,97300,2537.79,,2026-09-09T21:55:47+09:00
2023-05-19,006400,삼성SDI,4,17643156000,698000,2537.79,,2026-09-09T21:55:47+09:00
2023-05-19,138040,메리츠금융지주,5,12322319600,46100,2537.79,,2026-09-09T21:55:47+09:00
2023-05-19,068270,셀트리온,6,12025837300,173900,2537.79,,2026-09-09T21:55:47+09:00
2023-05-19,012450,한화에어로스페이스,7,10633963900,106900,2537.79,,2026-09-09T21:55:47+09:00
2023-05-19,028050,삼성엔지니어링,8,10288382750,30150,2537.79,,2026-09-09T21:55:47+09:00
2023-05-19,011070,LG이노텍,9,10215716500,293000,2537.79,,2026-09-09T21:55:47+09:00
2023-05-19,042700,한미반도체,10,8497406450,25950,2537.79,,2026-09-09T21:55:47+09:00
2023-05-19,352820,하이브,11,8365397000,281000,2537.79,,2026-09-09T21:55:47+09:00
2023-05-19,005070,코스모신소재,12,7931988400,175200,2537.79,,2026-09-09T21:55:47+09:00
2023-05-19,035720,카카오,13,7647114100,57900,2537.79,,2026-09-09T21:55:47+09:00
2023-05-19,034220,LG디스플레이,14,6373687910,16350,2537.79,,2026-09-09T21:55:47+09:00
2023-05-19,066570,LG전자,15,6318812300,113400,2537.79,,2026-09-09T21:55:47+09:00
2023-05-19,034020,두산에너빌리티,16,6219883110,16050,2537.79,,2026-09-09T21:55:47+09:00
2023-05-19,009900,명신산업,17,6023990050,22750,2537.79,,2026-09-09T21:55:47+09:00
2023-05-19,353200,대덕전자,18,5774023100,23750,2537.79,,2026-09-09T21:55:47+09:00
2023-05-19,007660,이수페타시스,19,5541261400,10340,2537.79,,2026-09-09T21:55:47+09:00
2023-05-19,316140,우리금융지주,20,5488196080,12040,2537.79,,2026-09-09T21:55:47+09:00
2023-05-22,000660,SK하이닉스,1,47887514100,98200,2557.08,,2026-09-09T21:55:56+09:00
2023-05-22,001570,금양,2,45591824400,55000,2557.08,,2026-09-09T21:55:56+09:00
2023-05-22,010140,삼성중공업,3,27591360750,5940,2557.08,,2026-09-09T21:55:56+09:00
2023-05-22,003670,포스코퓨처엠,4,21289276000,323500,2557.08,,2026-09-09T21:55:56+09:00
2023-05-22,005380,현대차,5,20705620000,207500,2557.08,,2026-09-09T21:55:56+09:00
2023-05-22,373220,LG에너지솔루션,6,20055259000,560000,2557.08,,2026-09-09T21:55:56+09:00
2023-05-22,010620,현대미포조선,7,18793754600,76900,2557.08,,2026-09-09T21:55:56+09:00
2023-05-22,086280,현대글로비스,8,17639115200,174300,2557.08,,2026-09-09T21:55:56+09:00
2023-05-22,012450,한화에어로스페이스,9,17007041600,111000,2557.08,,2026-09-09T21:55:56+09:00
2023-05-22,329180,HD현대중공업,10,15625715800,119100,2557.08,,2026-09-09T21:55:56+09:00
2023-05-22,352820,하이브,11,14500598000,269000,2557.08,,2026-09-09T21:55:56+09:00
2023-05-22,042660,대우조선해양,12,14370149900,29000,2557.08,,2026-09-09T21:55:56+09:00
2023-05-22,361610,SK아이이테크놀로지,13,14355581700,86700,2557.08,,2026-09-09T21:55:56+09:00
2023-05-22,005070,코스모신소재,14,14247807900,177500,2557.08,,2026-09-09T21:55:56+09:00
2023-05-22,009540,HD한국조선해양,15,14023962500,96300,2557.08,,2026-09-09T21:55:56+09:00
2023-05-22,042700,한미반도체,16,13794447750,26150,2557.08,,2026-09-09T21:55:56+09:00
2023-05-22,005490,POSCO홀딩스,17,12515498500,369000,2557.08,,2026-09-09T21:55:56+09:00
2023-05-22,007660,이수페타시스,18,10720629570,11090,2557.08,,2026-09-09T21:55:56+09:00
2023-05-22,207940,삼성바이오로직스,19,10433404000,787000,2557.08,,2026-09-09T21:55:56+09:00
2023-05-22,000880,한화,20,9011071900,30800,2557.08,,2026-09-09T21:55:56+09:00
2023-05-23,373220,LG에너지솔루션,1,28806724000,574000,2567.55,,2026-09-09T21:56:01+09:00
2023-05-23,010140,삼성중공업,2,20742920610,6040,2567.55,,2026-09-09T21:56:01+09:00
2023-05-23,005070,코스모신소재,3,20558745700,184900,2567.55,,2026-09-09T21:56:01+09:00
2023-05-23,006400,삼성SDI,4,18500475000,710000,2567.55,,2026-09-09T21:56:01+09:00
2023-05-23,096770,SK이노베이션,5,18344289100,184000,2567.55,,2026-09-09T21:56:01+09:00
2023-05-23,000660,SK하이닉스,6,15321104500,97900,2567.55,,2026-09-09T21:56:01+09:00
2023-05-23,009150,삼성전기,7,12978915700,143900,2567.55,,2026-09-09T21:56:01+09:00
2023-05-23,352820,하이브,8,12346443000,273000,2567.55,,2026-09-09T21:56:01+09:00
2023-05-23,207940,삼성바이오로직스,9,10051754000,792000,2567.55,,2026-09-09T21:56:01+09:00
2023-05-23,361610,SK아이이테크놀로지,10,9695282900,87600,2567.55,,2026-09-09T21:56:01+09:00
2023-05-23,068270,셀트리온,11,8179209400,179500,2567.55,,2026-09-09T21:56:01+09:00
2023-05-23,000100,유한양행,12,7614910200,60000,2567.55,,2026-09-09T21:56:01+09:00
2023-05-23,005380,현대차,13,6900932000,207500,2567.55,,2026-09-09T21:56:01+09:00
2023-05-23,302440,SK바이오사이언스,14,5153817000,81000,2567.55,,2026-09-09T21:56:01+09:00
2023-05-23,028050,삼성엔지니어링,15,5005236300,30200,2567.55,,2026-09-09T21:56:01+09:00
2023-05-23,042660,대우조선해양,16,4740624800,28800,2567.55,,2026-09-09T21:56:01+09:00
2023-05-23,016360,삼성증권,17,4693461300,36000,2567.55,,2026-09-09T21:56:01+09:00
2023-05-23,383220,F&F,18,4689077600,137800,2567.55,,2026-09-09T21:56:01+09:00
2023-05-23,259960,크래프톤,19,4650298100,199300,2567.55,,2026-09-09T21:56:01+09:00
2023-05-23,323410,카카오뱅크,20,4188872700,26200,2567.55,,2026-09-09T21:56:01+09:00
2023-05-24,005930,삼성전자,1,94329666700,68500,2567.45,,2026-09-09T21:56:06+09:00
2023-05-24,373220,LG에너지솔루션,2,59633784000,585000,2567.45,,2026-09-09T21:56:06+09:00
2023-05-24,006400,삼성SDI,3,31609802000,714000,2567.45,,2026-09-09T21:56:06+09:00
2023-05-24,010140,삼성중공업,4,19725684240,6210,2567.45,,2026-09-09T21:56:06+09:00
2023-05-24,207940,삼성바이오로직스,5,9014987000,792000,2567.45,,2026-09-09T21:56:06+09:00
2023-05-24,000270,기아,6,8695355100,89100,2567.45,,2026-09-09T21:56:06+09:00
2023-05-24,066570,LG전자,7,8166661600,113300,2567.45,,2026-09-09T21:56:06+09:00
2023-05-24,005070,코스모신소재,8,7711712000,187500,2567.45,,2026-09-09T21:56:06+09:00
2023-05-24,034020,두산에너빌리티,9,6914978290,16370,2567.45,,2026-09-09T21:56:06+09:00
2023-05-24,012330,현대모비스,10,6766844500,230000,2567.45,,2026-09-09T21:56:06+09:00
2023-05-24,005380,현대차,11,6626623000,207500,2567.45,,2026-09-09T21:56:06+09:00
2023-05-24,009150,삼성전기,12,6567805600,143100,2567.45,,2026-09-09T21:56:06+09:00
2023-05-24,068270,셀트리온,13,6215918500,179000,2567.45,,2026-09-09T21:56:06+09:00
2023-05-24,105560,KB금융,14,5855908400,49300,2567.45,,2026-09-09T21:56:06+09:00
2023-05-24,009830,한화솔루션,15,5802665500,46850,2567.45,,2026-09-09T21:56:06+09:00
2023-05-24,096770,SK이노베이션,16,5268757600,183800,2567.45,,2026-09-09T21:56:06+09:00
2023-05-24,016360,삼성증권,17,5242914050,36300,2567.45,,2026-09-09T21:56:06+09:00
2023-05-24,047050,포스코인터내셔널,18,5154349700,29400,2567.45,,2026-09-09T21:56:06+09:00
2023-05-24,042700,한미반도체,19,5063898150,26550,2567.45,,2026-09-09T21:56:06+09:00
2023-05-24,082740,HSD엔진,20,5046678220,9000,2567.45,,2026-09-09T21:56:06+09:00
2023-05-25,000660,SK하이닉스,1,266518191900,103500,2554.69,,2026-09-09T21:56:10+09:00
2023-05-25,005930,삼성전자,2,77639586100,68800,2554.69,,2026-09-09T21:56:10+09:00
2023-05-25,035420,NAVER,3,27701255000,206000,2554.69,,2026-09-09T21:56:10+09:00
2023-05-25,373220,LG에너지솔루션,4,16160217000,583000,2554.69,,2026-09-09T21:56:10+09:00
2023-05-25,007660,이수페타시스,5,11188431370,12530,2554.69,,2026-09-09T21:56:10+09:00
2023-05-25,009150,삼성전기,6,10883876300,143000,2554.69,,2026-09-09T21:56:10+09:00
2023-05-25,005380,현대차,7,10153498000,203500,2554.69,,2026-09-09T21:56:10+09:00
2023-05-25,006400,삼성SDI,8,8904706000,700000,2554.69,,2026-09-09T21:56:10+09:00
2023-05-25,012330,현대모비스,9,8195087500,227000,2554.69,,2026-09-09T21:56:10+09:00
2023-05-25,402340,SK스퀘어,10,7674833800,45600,2554.69,,2026-09-09T21:56:10+09:00
2023-05-25,259960,크래프톤,11,7067345200,187500,2554.69,,2026-09-09T21:56:10+09:00
2023-05-25,352820,하이브,12,6489351000,267000,2554.69,,2026-09-09T21:56:10+09:00
2023-05-25,000810,삼성화재,13,6292610000,235000,2554.69,,2026-09-09T21:56:10+09:00
2023-05-25,003550,LG,14,5209876100,87400,2554.69,,2026-09-09T21:56:10+09:00
2023-05-25,096770,SK이노베이션,15,5070992600,185700,2554.69,,2026-09-09T21:56:10+09:00
2023-05-25,010950,S-Oil,16,5061416800,74900,2554.69,,2026-09-09T21:56:10+09:00
2023-05-25,028260,삼성물산,17,4861135300,110100,2554.69,,2026-09-09T21:56:10+09:00
2023-05-25,241560,두산밥캣,18,4368284600,55800,2554.69,,2026-09-09T21:56:10+09:00
2023-05-25,047050,포스코인터내셔널,19,4192949500,29000,2554.69,,2026-09-09T21:56:10+09:00
2023-05-25,034020,두산에너빌리티,20,4070890800,16160,2554.69,,2026-09-09T21:56:10+09:00
2023-05-26,005930,삼성전자,1,539281500200,70300,2558.81,,2026-09-09T21:56:16+09:00
2023-05-26,000660,SK하이닉스,2,439581100200,109200,2558.81,,2026-09-09T21:56:16+09:00
2023-05-26,005935,삼성전자우,3,43339736000,59300,2558.81,,2026-09-09T21:56:16+09:00
2023-05-26,005380,현대차,4,22141141500,205500,2558.81,,2026-09-09T21:56:16+09:00
2023-05-26,007660,이수페타시스,5,13407864860,13680,2558.81,,2026-09-09T21:56:16+09:00
2023-05-26,009150,삼성전기,6,12630671800,144000,2558.81,,2026-09-09T21:56:16+09:00
2023-05-26,006400,삼성SDI,7,11577807000,693000,2558.81,,2026-09-09T21:56:16+09:00
2023-05-26,000270,기아,8,10195804400,87400,2558.81,,2026-09-09T21:56:16+09:00
2023-05-26,003670,포스코퓨처엠,9,8485924500,324000,2558.81,,2026-09-09T21:56:16+09:00
2023-05-26,402340,SK스퀘어,10,8035787850,46350,2558.81,,2026-09-09T21:56:16+09:00
2023-05-26,108320,LX세미콘,11,7749804900,108800,2558.81,,2026-09-09T21:56:16+09:00
2023-05-26,373220,LG에너지솔루션,12,7194232000,578000,2558.81,,2026-09-09T21:56:16+09:00
2023-05-26,066570,LG전자,13,6692719800,112700,2558.81,,2026-09-09T21:56:16+09:00
2023-05-26,000990,DB하이텍,14,6034584700,61500,2558.81,,2026-09-09T21:56:16+09:00
2023-05-26,005070,코스모신소재,15,5350649300,174800,2558.81,,2026-09-09T21:56:16+09:00
2023-05-26,259960,크래프톤,16,4647550400,185200,2558.81,,2026-09-09T21:56:16+09:00
2023-05-26,090430,아모레퍼시픽,17,4229256900,113900,2558.81,,2026-09-09T21:56:16+09:00
2023-05-26,042700,한미반도체,18,4211284200,27150,2558.81,,2026-09-09T21:56:16+09:00
2023-05-26,018260,삼성에스디에스,19,3608559700,122100,2558.81,,2026-09-09T21:56:16+09:00
2023-05-26,042670,HD현대인프라코어,20,3569080200,9980,2558.81,,2026-09-09T21:56:16+09:00
2023-05-30,005930,삼성전자,1,447201851200,72300,2585.52,,2026-09-09T21:56:28+09:00
2023-05-30,000660,SK하이닉스,2,162356501800,110300,2585.52,,2026-09-09T21:56:28+09:00
2023-05-30,066570,LG전자,3,87327653800,124900,2585.52,,2026-09-09T21:56:28+09:00
2023-05-30,011070,LG이노텍,4,39335870000,308500,2585.52,,2026-09-09T21:56:28+09:00
2023-05-30,096770,SK이노베이션,5,37860094900,191900,2585.52,,2026-09-09T21:56:28+09:00
2023-05-30,006400,삼성SDI,6,36340213000,718000,2585.52,,2026-09-09T21:56:28+09:00
2023-05-30,003670,포스코퓨처엠,7,34312322500,341500,2585.52,,2026-09-09T21:56:28+09:00
2023-05-30,009150,삼성전기,8,18308991500,148700,2585.52,,2026-09-09T21:56:28+09:00
2023-05-30,030200,KT,9,14321611200,32000,2585.52,,2026-09-09T21:56:28+09:00
2023-05-30,112610,씨에스윈드,10,13563577600,80400,2585.52,,2026-09-09T21:56:28+09:00
2023-05-30,005070,코스모신소재,11,11840169300,173300,2585.52,,2026-09-09T21:56:28+09:00
2023-05-30,377300,카카오페이,12,10167411600,58500,2585.52,,2026-09-09T21:56:28+09:00
2023-05-30,001570,금양,13,8631478850,48900,2585.52,,2026-09-09T21:56:28+09:00
2023-05-30,047050,포스코인터내셔널,14,8184157300,30150,2585.52,,2026-09-09T21:56:28+09:00
2023-05-30,456040,OCI,15,7493069200,123000,2585.52,,2026-09-09T21:56:28+09:00
2023-05-30,108320,LX세미콘,16,6767495400,116000,2585.52,,2026-09-09T21:56:28+09:00
2023-05-30,323410,카카오뱅크,17,6622372150,25950,2585.52,,2026-09-09T21:56:28+09:00
2023-05-30,259960,크래프톤,18,6407631800,189000,2585.52,,2026-09-09T21:56:28+09:00
2023-05-30,000810,삼성화재,19,6228240000,225500,2585.52,,2026-09-09T21:56:28+09:00
2023-05-30,007660,이수페타시스,20,5403418480,14330,2585.52,,2026-09-09T21:56:28+09:00
2023-05-31,000660,SK하이닉스,1,177809170400,108600,2577.12,,2026-09-09T21:56:32+09:00
2023-05-31,005930,삼성전자,2,144423461800,71400,2577.12,,2026-09-09T21:56:32+09:00
2023-05-31,373220,LG에너지솔루션,3,104142607000,599000,2577.12,,2026-09-09T21:56:32+09:00
2023-05-31,005070,코스모신소재,4,74308945200,178700,2577.12,,2026-09-09T21:56:32+09:00
2023-05-31,003670,포스코퓨처엠,5,44794888000,350000,2577.12,,2026-09-09T21:56:32+09:00
2023-05-31,006400,삼성SDI,6,18015541000,718000,2577.12,,2026-09-09T21:56:32+09:00
2023-05-31,456040,OCI,7,13950067400,144500,2577.12,,2026-09-09T21:56:32+09:00
2023-05-31,011070,LG이노텍,8,13936421500,307000,2577.12,,2026-09-09T21:56:32+09:00
2023-05-31,009150,삼성전기,9,11869684400,147500,2577.12,,2026-09-09T21:56:32+09:00
2023-05-31,030200,KT,10,11747775350,31550,2577.12,,2026-09-09T21:56:32+09:00
2023-05-31,377300,카카오페이,11,9356752500,60100,2577.12,,2026-09-09T21:56:32+09:00
2023-05-31,042700,한미반도체,12,8766562500,26550,2577.12,,2026-09-09T21:56:32+09:00
2023-05-31,007660,이수페타시스,13,7824193210,14630,2577.12,,2026-09-09T21:56:32+09:00
2023-05-31,086790,하나금융지주,14,7119802100,41450,2577.12,,2026-09-09T21:56:32+09:00
2023-05-31,047050,포스코인터내셔널,15,6872186050,30100,2577.12,,2026-09-09T21:56:32+09:00
2023-05-31,074610,이엔플러스,16,6751896330,11940,2577.12,,2026-09-09T21:56:32+09:00
2023-05-31,207940,삼성바이오로직스,17,6392978000,784000,2577.12,,2026-09-09T21:56:32+09:00
2023-05-31,015760,한국전력,18,6277345630,19080,2577.12,,2026-09-09T21:56:32+09:00
2023-05-31,016360,삼성증권,19,6027138350,36750,2577.12,,2026-09-09T21:56:32+09:00
2023-05-31,012450,한화에어로스페이스,20,5939291500,106100,2577.12,,2026-09-09T21:56:32+09:00
2023-06-01,000660,SK하이닉스,1,124786545000,110300,2569.17,,2026-09-09T21:56:37+09:00
2023-06-01,005930,삼성전자,2,88740979000,70900,2569.17,,2026-09-09T21:56:37+09:00
2023-06-01,035420,NAVER,3,20894086100,204000,2569.17,,2026-09-09T21:56:37+09:00
2023-06-01,005070,코스모신소재,4,17682326400,178700,2569.17,,2026-09-09T21:56:37+09:00
2023-06-01,012450,한화에어로스페이스,5,16447532000,108000,2569.17,,2026-09-09T21:56:37+09:00
2023-06-01,068270,셀트리온,6,15505625500,175400,2569.17,,2026-09-09T21:56:37+09:00
2023-06-01,005935,삼성전자우,7,14603118500,59100,2569.17,,2026-09-09T21:56:37+09:00
2023-06-01,207940,삼성바이오로직스,8,10967137000,788000,2569.17,,2026-09-09T21:56:37+09:00
2023-06-01,015760,한국전력,9,9776480170,19390,2569.17,,2026-09-09T21:56:37+09:00
2023-06-01,096770,SK이노베이션,10,8006877000,194100,2569.17,,2026-09-09T21:56:37+09:00
2023-06-01,066570,LG전자,11,7422842000,123000,2569.17,,2026-09-09T21:56:37+09:00
2023-06-01,145720,덴티움,12,5968854900,173600,2569.17,,2026-09-09T21:56:37+09:00
2023-06-01,180640,한진칼,13,5495040700,47950,2569.17,,2026-09-09T21:56:37+09:00
2023-06-01,028050,삼성엔지니어링,14,5402670000,28250,2569.17,,2026-09-09T21:56:37+09:00
2023-06-01,051900,LG생활건강,15,5237763000,536000,2569.17,,2026-09-09T21:56:37+09:00
2023-06-01,034730,SK,16,5165489100,168100,2569.17,,2026-09-09T21:56:37+09:00
2023-06-01,024900,덕양산업,17,5085460750,9780,2569.17,,2026-09-09T21:56:37+09:00
2023-06-01,271560,오리온,18,4776340000,124700,2569.17,,2026-09-09T21:56:37+09:00
2023-06-01,003550,LG,19,4472400100,86800,2569.17,,2026-09-09T21:56:37+09:00
2023-06-01,161390,한국타이어앤테크놀로지,20,3871933250,34950,2569.17,,2026-09-09T21:56:37+09:00
2023-06-02,005930,삼성전자,1,176259336300,72200,2601.36,,2026-09-09T21:56:42+09:00
2023-06-02,051910,LG화학,2,69949082000,721000,2601.36,,2026-09-09T21:56:42+09:00
2023-06-02,138040,메리츠금융지주,3,24215106550,46850,2601.36,,2026-09-09T21:56:42+09:00
2023-06-02,361610,SK아이이테크놀로지,4,21717488700,97500,2601.36,,2026-09-09T21:56:42+09:00
2023-06-02,009830,한화솔루션,5,19365486250,47250,2601.36,,2026-09-09T21:56:42+09:00
2023-06-02,005070,코스모신소재,6,18901949800,179000,2601.36,,2026-09-09T21:56:42+09:00
2023-06-02,012450,한화에어로스페이스,7,18120998800,110800,2601.36,,2026-09-09T21:56:42+09:00
2023-06-02,011790,SKC,8,15095547800,102600,2601.36,,2026-09-09T21:56:42+09:00
2023-06-02,047810,한국항공우주,9,11913737600,53800,2601.36,,2026-09-09T21:56:42+09:00
2023-06-02,005380,현대차,10,11659433000,199500,2601.36,,2026-09-09T21:56:42+09:00
2023-06-02,003670,포스코퓨처엠,11,9855266500,374000,2601.36,,2026-09-09T21:56:42+09:00
2023-06-02,034020,두산에너빌리티,12,9838423810,16440,2601.36,,2026-09-09T21:56:42+09:00
2023-06-02,047050,포스코인터내셔널,13,9206951950,31100,2601.36,,2026-09-09T21:56:42+09:00
2023-06-02,006400,삼성SDI,14,9195940000,715000,2601.36,,2026-09-09T21:56:42+09:00
2023-06-02,323410,카카오뱅크,15,8345160650,26550,2601.36,,2026-09-09T21:56:42+09:00
2023-06-02,000660,SK하이닉스,16,7720901200,110300,2601.36,,2026-09-09T21:56:42+09:00
2023-06-02,009150,삼성전기,17,6005369100,149300,2601.36,,2026-09-09T21:56:42+09:00
2023-06-02,010130,고려아연,18,6002966500,483500,2601.36,,2026-09-09T21:56:42+09:00
2023-06-02,145720,덴티움,19,5901006500,175500,2601.36,,2026-09-09T21:56:42+09:00
2023-06-02,090430,아모레퍼시픽,20,5847373600,104500,2601.36,,2026-09-09T21:56:42+09:00
2023-06-05,034020,두산에너빌리티,1,21711461730,16950,2615.41,,2026-09-09T21:56:51+09:00
2023-06-05,373220,LG에너지솔루션,2,19551934000,594000,2615.41,,2026-09-09T21:56:51+09:00
2023-06-05,329180,HD현대중공업,3,19302694300,124800,2615.41,,2026-09-09T21:56:51+09:00
2023-06-05,010140,삼성중공업,4,15863737230,6450,2615.41,,2026-09-09T21:56:51+09:00
2023-06-05,042670,HD현대인프라코어,5,15842948110,11210,2615.41,,2026-09-09T21:56:51+09:00
2023-06-05,105560,KB금융,6,15120067300,48550,2615.41,,2026-09-09T21:56:51+09:00
2023-06-05,000660,SK하이닉스,7,13219334900,108700,2615.41,,2026-09-09T21:56:51+09:00
2023-06-05,005380,현대차,8,11410033000,201000,2615.41,,2026-09-09T21:56:51+09:00
2023-06-05,028050,삼성엔지니어링,9,9945919800,29350,2615.41,,2026-09-09T21:56:51+09:00
2023-06-05,009540,HD한국조선해양,10,8944325100,103800,2615.41,,2026-09-09T21:56:51+09:00
2023-06-05,010620,현대미포조선,11,8298103300,81900,2615.41,,2026-09-09T21:56:51+09:00
2023-06-05,000150,두산,12,7892192500,104800,2615.41,,2026-09-09T21:56:51+09:00
2023-06-05,034220,LG디스플레이,13,6998688820,16390,2615.41,,2026-09-09T21:56:51+09:00
2023-06-05,005070,코스모신소재,14,6655791000,180000,2615.41,,2026-09-09T21:56:51+09:00
2023-06-05,011170,롯데케미칼,15,5875150100,173400,2615.41,,2026-09-09T21:56:51+09:00
2023-06-05,066570,LG전자,16,5163728900,127200,2615.41,,2026-09-09T21:56:51+09:00
2023-06-05,259960,크래프톤,17,4352478600,191500,2615.41,,2026-09-09T21:56:51+09:00
2023-06-05,042700,한미반도체,18,4342924500,25150,2615.41,,2026-09-09T21:56:51+09:00
2023-06-05,352820,하이브,19,4232824000,265000,2615.41,,2026-09-09T21:56:51+09:00
2023-06-05,161890,한국콜마,20,4191414000,41200,2615.41,,2026-09-09T21:56:51+09:00
2023-06-07,373220,LG에너지솔루션,1,130437971000,604000,2615.6,,2026-09-09T21:56:57+09:00
2023-06-07,003670,포스코퓨처엠,2,53083767000,385000,2615.6,,2026-09-09T21:56:57+09:00
2023-06-07,006400,삼성SDI,3,52880772000,735000,2615.6,,2026-09-09T21:56:57+09:00
2023-06-07,096770,SK이노베이션,4,35104234000,206500,2615.6,,2026-09-09T21:56:57+09:00
2023-06-07,051910,LG화학,5,32489596000,746000,2615.6,,2026-09-09T21:56:57+09:00
2023-06-07,005070,코스모신소재,6,26950582800,185000,2615.6,,2026-09-09T21:56:57+09:00
2023-06-07,034020,두산에너빌리티,7,20354943360,17400,2615.6,,2026-09-09T21:56:57+09:00
2023-06-07,010060,OCI홀딩스,8,16442406100,89200,2615.6,,2026-09-09T21:56:57+09:00
2023-06-07,011200,HMM,9,12642785450,19100,2615.6,,2026-09-09T21:56:57+09:00
2023-06-07,028260,삼성물산,10,12230065300,111600,2615.6,,2026-09-09T21:56:57+09:00
2023-06-07,112610,씨에스윈드,11,9963369900,84400,2615.6,,2026-09-09T21:56:57+09:00
2023-06-07,034730,SK,12,6420136700,174800,2615.6,,2026-09-09T21:56:57+09:00
2023-06-07,457190,이수스페셜티케미컬,13,5991620900,210000,2615.6,,2026-09-09T21:56:57+09:00
2023-06-07,005950,이수화학,14,5803916500,30050,2615.6,,2026-09-09T21:56:57+09:00
2023-06-07,035720,카카오,15,5303888500,57400,2615.6,,2026-09-09T21:56:57+09:00
2023-06-07,001470,삼부토건,16,4770814845,2300,2615.6,,2026-09-09T21:56:57+09:00
2023-06-07,032830,삼성생명,17,4767807700,68300,2615.6,,2026-09-09T21:56:57+09:00
2023-06-07,005935,삼성전자우,18,3968053100,59800,2615.6,,2026-09-09T21:56:57+09:00
2023-06-07,011930,신성이엔지,19,3965303635,2295,2615.6,,2026-09-09T21:56:57+09:00
2023-06-07,051900,LG생활건강,20,3769993000,539000,2615.6,,2026-09-09T21:56:57+09:00
2023-06-08,005070,코스모신소재,1,31219238000,192900,2610.85,,2026-09-09T21:57:02+09:00
2023-06-08,034020,두산에너빌리티,2,30807807900,17910,2610.85,,2026-09-09T21:57:02+09:00
2023-06-08,005935,삼성전자우,3,18664940100,59900,2610.85,,2026-09-09T21:57:02+09:00
2023-06-08,005930,삼성전자,4,16027186600,70900,2610.85,,2026-09-09T21:57:02+09:00
2023-06-08,010060,OCI홀딩스,5,13029871500,96100,2610.85,,2026-09-09T21:57:02+09:00
2023-06-08,047050,포스코인터내셔널,6,12267848000,38700,2610.85,,2026-09-09T21:57:02+09:00
2023-06-08,051910,LG화학,7,11583429000,737000,2610.85,,2026-09-09T21:57:02+09:00
2023-06-08,003620,KG모빌리티,8,11049834020,9410,2610.85,,2026-09-09T21:57:02+09:00
2023-06-08,051900,LG생활건강,9,11004304000,533000,2610.85,,2026-09-09T21:57:02+09:00
2023-06-08,006040,동원산업,10,10189134300,45400,2610.85,,2026-09-09T21:57:02+09:00
2023-06-08,009830,한화솔루션,11,9503979450,48700,2610.85,,2026-09-09T21:57:02+09:00
2023-06-08,066570,LG전자,12,9113172400,126700,2610.85,,2026-09-09T21:57:02+09:00
2023-06-08,001120,LX인터내셔널,13,8273970550,33400,2610.85,,2026-09-09T21:57:02+09:00
2023-06-08,007660,이수페타시스,14,6126750700,14400,2610.85,,2026-09-09T21:57:02+09:00
2023-06-08,036570,엔씨소프트,15,5577727000,311000,2610.85,,2026-09-09T21:57:02+09:00
2023-06-08,011790,SKC,16,4923958500,108200,2610.85,,2026-09-09T21:57:02+09:00
2023-06-08,353200,대덕전자,17,4595953200,24850,2610.85,,2026-09-09T21:57:02+09:00
2023-06-08,145720,덴티움,18,4593828000,176300,2610.85,,2026-09-09T21:57:02+09:00
2023-06-08,004000,롯데정밀화학,19,4277289500,65400,2610.85,,2026-09-09T21:57:02+09:00
2023-06-08,012450,한화에어로스페이스,20,4057032400,108200,2610.85,,2026-09-09T21:57:02+09:00
2023-06-09,005930,삼성전자,1,177997111000,72000,2641.16,,2026-09-09T21:57:07+09:00
2023-06-09,000660,SK하이닉스,2,116308691000,115400,2641.16,,2026-09-09T21:57:07+09:00
2023-06-09,034020,두산에너빌리티,3,99350042330,18970,2641.16,,2026-09-09T21:57:07+09:00
2023-06-09,373220,LG에너지솔루션,4,93017893000,609000,2641.16,,2026-09-09T21:57:07+09:00
2023-06-09,005935,삼성전자우,5,72761000800,61200,2641.16,,2026-09-09T21:57:07+09:00
2023-06-09,005070,코스모신소재,6,43907160100,218000,2641.16,,2026-09-09T21:57:07+09:00
2023-06-09,207940,삼성바이오로직스,7,38482487000,801000,2641.16,,2026-09-09T21:57:07+09:00
2023-06-09,003670,포스코퓨처엠,8,35876700500,386500,2641.16,,2026-09-09T21:57:07+09:00
2023-06-09,010060,OCI홀딩스,9,17043235800,104500,2641.16,,2026-09-09T21:57:07+09:00
2023-06-09,105560,KB금융,10,16639181750,49450,2641.16,,2026-09-09T21:57:07+09:00
2023-06-09,011200,HMM,11,10852154300,19730,2641.16,,2026-09-09T21:57:07+09:00
2023-06-09,051910,LG화학,12,10620292000,752000,2641.16,,2026-09-09T21:57:07+09:00
2023-06-09,051900,LG생활건강,13,9637008000,540000,2641.16,,2026-09-09T21:57:07+09:00
2023-06-09,009900,명신산업,14,9265290400,23350,2641.16,,2026-09-09T21:57:07+09:00
2023-06-09,011070,LG이노텍,15,9265189000,311000,2641.16,,2026-09-09T21:57:07+09:00
2023-06-09,352820,하이브,16,7839129500,280500,2641.16,,2026-09-09T21:57:07+09:00
2023-06-09,316140,우리금융지주,17,7052967020,12180,2641.16,,2026-09-09T21:57:07+09:00
2023-06-09,001470,삼부토건,18,6062923105,2385,2641.16,,2026-09-09T21:57:07+09:00
2023-06-09,000270,기아,19,5834251100,82900,2641.16,,2026-09-09T21:57:07+09:00
2023-06-09,018880,한온시스템,20,5808140370,9360,2641.16,,2026-09-09T21:57:07+09:00
2023-06-12,003670,포스코퓨처엠,1,36504767500,388500,2629.35,,2026-09-09T21:57:17+09:00
2023-06-12,034020,두산에너빌리티,2,12974305870,18440,2629.35,,2026-09-09T21:57:17+09:00
2023-06-12,006110,삼아알미늄,3,11895975900,107700,2629.35,,2026-09-09T21:57:17+09:00
2023-06-12,005070,코스모신소재,4,11124685500,227000,2629.35,,2026-09-09T21:57:17+09:00
2023-06-12,323410,카카오뱅크,5,10338222050,26900,2629.35,,2026-09-09T21:57:17+09:00
2023-06-12,259960,크래프톤,6,9469718000,204500,2629.35,,2026-09-09T21:57:17+09:00
2023-06-12,096770,SK이노베이션,7,8194932500,201000,2629.35,,2026-09-09T21:57:17+09:00
2023-06-12,326030,SK바이오팜,8,5446249900,77500,2629.35,,2026-09-09T21:57:17+09:00
2023-06-12,005935,삼성전자우,9,5114848700,60900,2629.35,,2026-09-09T21:57:17+09:00
2023-06-12,001340,백광산업,10,4781300940,11040,2629.35,,2026-09-09T21:57:17+09:00
2023-06-12,001740,SK네트웍스,11,4601414615,5310,2629.35,,2026-09-09T21:57:17+09:00
2023-06-12,302440,SK바이오사이언스,12,3987269800,81100,2629.35,,2026-09-09T21:57:17+09:00
2023-06-12,028260,삼성물산,13,3890571700,109600,2629.35,,2026-09-09T21:57:17+09:00
2023-06-12,361610,SK아이이테크놀로지,14,3856731700,103000,2629.35,,2026-09-09T21:57:17+09:00
2023-06-12,006400,삼성SDI,15,3743245000,740000,2629.35,,2026-09-09T21:57:17+09:00
2023-06-12,006260,LS,16,3654382800,86000,2629.35,,2026-09-09T21:57:17+09:00
2023-06-12,008350,남선알미늄,17,3437074570,3055,2629.35,,2026-09-09T21:57:17+09:00
2023-06-12,002710,TCC스틸,18,3390375100,40400,2629.35,,2026-09-09T21:57:17+09:00
2023-06-12,035720,카카오,19,3246367100,56600,2629.35,,2026-09-09T21:57:17+09:00
2023-06-12,010140,삼성중공업,20,2854210160,6530,2629.35,,2026-09-09T21:57:17+09:00
2023-06-13,005930,삼성전자,1,132843782900,72000,2637.95,,2026-09-09T21:57:22+09:00
2023-06-13,000660,SK하이닉스,2,95373966400,119500,2637.95,,2026-09-09T21:57:22+09:00
2023-06-13,003670,포스코퓨처엠,3,81268660500,393000,2637.95,,2026-09-09T21:57:22+09:00
2023-06-13,034020,두산에너빌리티,4,28326559840,18870,2637.95,,2026-09-09T21:57:22+09:00
2023-06-13,005380,현대차,5,24236573400,198000,2637.95,,2026-09-09T21:57:22+09:00
2023-06-13,114090,GKL,6,24041900850,17630,2637.95,,2026-09-09T21:57:22+09:00
2023-06-13,012450,한화에어로스페이스,7,23922453100,110000,2637.95,,2026-09-09T21:57:22+09:00
2023-06-13,005070,코스모신소재,8,22879647500,234500,2637.95,,2026-09-09T21:57:22+09:00
2023-06-13,402340,SK스퀘어,9,14621437650,48350,2637.95,,2026-09-09T21:57:22+09:00
2023-06-13,006400,삼성SDI,10,9906752000,742000,2637.95,,2026-09-09T21:57:22+09:00
2023-06-13,036570,엔씨소프트,11,9352816000,312500,2637.95,,2026-09-09T21:57:22+09:00
2023-06-13,003490,대한항공,12,9263404350,23400,2637.95,,2026-09-09T21:57:22+09:00
2023-06-13,248070,솔루엠,13,8275422600,28150,2637.95,,2026-09-09T21:57:22+09:00
2023-06-13,001340,백광산업,14,8034322760,8180,2637.95,,2026-09-09T21:57:22+09:00
2023-06-13,066570,LG전자,15,7023506000,124400,2637.95,,2026-09-09T21:57:22+09:00
2023-06-13,051900,LG생활건강,16,6895131000,517000,2637.95,,2026-09-09T21:57:22+09:00
2023-06-13,000990,DB하이텍,17,6534534800,63100,2637.95,,2026-09-09T21:57:22+09:00
2023-06-13,259960,크래프톤,18,4926674000,203000,2637.95,,2026-09-09T21:57:22+09:00
2023-06-13,002790,아모레G,19,4850541000,28200,2637.95,,2026-09-09T21:57:22+09:00
2023-06-13,000270,기아,20,4515232100,82300,2637.95,,2026-09-09T21:57:22+09:00
2023-06-14,005930,삼성전자,1,51144115800,71900,2619.08,,2026-09-09T21:57:31+09:00
2023-06-14,005380,현대차,2,34331327900,201000,2619.08,,2026-09-09T21:57:31+09:00
2023-06-14,005490,POSCO홀딩스,3,32040518500,391500,2619.08,,2026-09-09T21:57:31+09:00
2023-06-14,066570,LG전자,4,19841321700,124700,2619.08,,2026-09-09T21:57:31+09:00
2023-06-14,373220,LG에너지솔루션,5,18051052000,589000,2619.08,,2026-09-09T21:57:31+09:00
2023-06-14,003670,포스코퓨처엠,6,16112989500,373000,2619.08,,2026-09-09T21:57:31+09:00
2023-06-14,005950,이수화학,7,15940302100,34550,2619.08,,2026-09-09T21:57:31+09:00
2023-06-14,006400,삼성SDI,8,14276675000,731000,2619.08,,2026-09-09T21:57:31+09:00
2023-06-14,000270,기아,9,13699101300,83000,2619.08,,2026-09-09T21:57:31+09:00
2023-06-14,001570,금양,10,12131758700,58600,2619.08,,2026-09-09T21:57:31+09:00
2023-06-14,034020,두산에너빌리티,11,11918701820,18750,2619.08,,2026-09-09T21:57:31+09:00
2023-06-14,009830,한화솔루션,12,11668957350,47450,2619.08,,2026-09-09T21:57:31+09:00
2023-06-14,004020,현대제철,13,10774965700,34650,2619.08,,2026-09-09T21:57:31+09:00
2023-06-14,005935,삼성전자우,14,9623841700,60600,2619.08,,2026-09-09T21:57:31+09:00
2023-06-14,096770,SK이노베이션,15,8389989000,192900,2619.08,,2026-09-09T21:57:31+09:00
2023-06-14,361610,SK아이이테크놀로지,16,7073729800,95400,2619.08,,2026-09-09T21:57:31+09:00
2023-06-14,011170,롯데케미칼,17,6921686800,179100,2619.08,,2026-09-09T21:57:31+09:00
2023-06-14,034220,LG디스플레이,18,6566788500,16490,2619.08,,2026-09-09T21:57:31+09:00
2023-06-14,018260,삼성에스디에스,19,6073931500,125000,2619.08,,2026-09-09T21:57:31+09:00
2023-06-14,009540,HD한국조선해양,20,5091382400,106100,2619.08,,2026-09-09T21:57:31+09:00
2023-06-15,005930,삼성전자,1,49774735200,71500,2608.54,,2026-09-09T21:57:38+09:00
2023-06-15,035420,NAVER,2,19796949700,200500,2608.54,,2026-09-09T21:57:38+09:00
2023-06-15,042700,한미반도체,3,17526420050,29150,2608.54,,2026-09-09T21:57:38+09:00
2023-06-15,006400,삼성SDI,4,17437563000,727000,2608.54,,2026-09-09T21:57:38+09:00
2023-06-15,005935,삼성전자우,5,16938818000,60700,2608.54,,2026-09-09T21:57:38+09:00
2023-06-15,000990,DB하이텍,6,13280803800,64200,2608.54,,2026-09-09T21:57:38+09:00
2023-06-15,012450,한화에어로스페이스,7,10515902300,111400,2608.54,,2026-09-09T21:57:38+09:00
2023-06-15,010140,삼성중공업,8,10085870960,6770,2608.54,,2026-09-09T21:57:38+09:00
2023-06-15,034020,두산에너빌리티,9,9292576300,18750,2608.54,,2026-09-09T21:57:38+09:00
2023-06-15,204320,HL만도,10,8872485650,49400,2608.54,,2026-09-09T21:57:38+09:00
2023-06-15,009150,삼성전기,11,8496450600,148000,2608.54,,2026-09-09T21:57:38+09:00
2023-06-15,241560,두산밥캣,12,8393919100,60700,2608.54,,2026-09-09T21:57:38+09:00
2023-06-15,066570,LG전자,13,8330589600,123600,2608.54,,2026-09-09T21:57:38+09:00
2023-06-15,005380,현대차,14,7968111100,199700,2608.54,,2026-09-09T21:57:38+09:00
2023-06-15,007660,이수페타시스,15,7345220030,19520,2608.54,,2026-09-09T21:57:38+09:00
2023-06-15,195870,해성디에스,16,5943506900,54100,2608.54,,2026-09-09T21:57:38+09:00
2023-06-15,030200,KT,17,5772921631,30750,2608.54,,2026-09-09T21:57:38+09:00
2023-06-15,011070,LG이노텍,18,5700170500,317000,2608.54,,2026-09-09T21:57:38+09:00
2023-06-15,012330,현대모비스,19,5674178000,223000,2608.54,,2026-09-09T21:57:38+09:00
2023-06-15,010060,OCI홀딩스,20,5252240100,100200,2608.54,,2026-09-09T21:57:38+09:00
2023-06-16,005930,삼성전자,1,108757238800,71800,2625.79,,2026-09-09T21:57:44+09:00
2023-06-16,051910,LG화학,2,45655865000,743000,2625.79,,2026-09-09T21:57:44+09:00
2023-06-16,034020,두산에너빌리티,3,35516219140,19270,2625.79,,2026-09-09T21:57:44+09:00
2023-06-16,042660,한화오션,4,35480432650,33150,2625.79,,2026-09-09T21:57:44+09:00
2023-06-16,007660,이수페타시스,5,21717397460,22200,2625.79,,2026-09-09T21:57:44+09:00
2023-06-16,000660,SK하이닉스,6,21699374200,118900,2625.79,,2026-09-09T21:57:44+09:00
2023-06-16,003670,포스코퓨처엠,7,20977804500,381500,2625.79,,2026-09-09T21:57:44+09:00
2023-06-16,373220,LG에너지솔루션,8,18118718000,588000,2625.79,,2026-09-09T21:57:44+09:00
2023-06-16,005490,POSCO홀딩스,9,16506567000,393000,2625.79,,2026-09-09T21:57:44+09:00
2023-06-16,012450,한화에어로스페이스,10,14925850100,116800,2625.79,,2026-09-09T21:57:44+09:00
2023-06-16,009150,삼성전기,11,14137577500,149600,2625.79,,2026-09-09T21:57:44+09:00
2023-06-16,003490,대한항공,12,13754400550,24250,2625.79,,2026-09-09T21:57:44+09:00
2023-06-16,009540,HD한국조선해양,13,13288972800,114000,2625.79,,2026-09-09T21:57:44+09:00
2023-06-16,112610,씨에스윈드,14,11997126500,84600,2625.79,,2026-09-09T21:57:44+09:00
2023-06-16,066570,LG전자,15,8959269200,124500,2625.79,,2026-09-09T21:57:44+09:00
2023-06-16,090430,아모레퍼시픽,16,8701609600,104700,2625.79,,2026-09-09T21:57:44+09:00
2023-06-16,259960,크래프톤,17,8680919500,203500,2625.79,,2026-09-09T21:57:44+09:00
2023-06-16,001470,삼부토건,18,8396458520,2925,2625.79,,2026-09-09T21:57:44+09:00
2023-06-16,323410,카카오뱅크,19,7676049700,25850,2625.79,,2026-09-09T21:57:44+09:00
2023-06-16,009830,한화솔루션,20,7671837250,46950,2625.79,,2026-09-09T21:57:44+09:00
2023-06-19,012450,한화에어로스페이스,1,48648688600,137300,2609.5,,2026-09-09T21:57:53+09:00
2023-06-19,064350,현대로템,2,28926552650,37500,2609.5,,2026-09-09T21:57:53+09:00
2023-06-19,005930,삼성전자,3,27291666800,71200,2609.5,,2026-09-09T21:57:53+09:00
2023-06-19,001470,삼부토건,4,18348618365,3800,2609.5,,2026-09-09T21:57:53+09:00
2023-06-19,047810,한국항공우주,5,13024773000,57300,2609.5,,2026-09-09T21:57:53+09:00
2023-06-19,005380,현대차,6,11581907400,199300,2609.5,,2026-09-09T21:57:53+09:00
2023-06-19,034220,LG디스플레이,7,10193763090,17250,2609.5,,2026-09-09T21:57:53+09:00
2023-06-19,112610,씨에스윈드,8,8117112400,88400,2609.5,,2026-09-09T21:57:53+09:00
2023-06-19,272210,한화시스템,9,8114489200,15360,2609.5,,2026-09-09T21:57:53+09:00
2023-06-19,000270,기아,10,5787114900,82300,2609.5,,2026-09-09T21:57:53+09:00
2023-06-19,011790,SKC,11,5259361300,106100,2609.5,,2026-09-09T21:57:53+09:00
2023-06-19,161000,애경케미칼,12,5177628650,26650,2609.5,,2026-09-09T21:57:53+09:00
2023-06-19,000880,한화,13,4575048150,31850,2609.5,,2026-09-09T21:57:53+09:00
2023-06-19,009830,한화솔루션,14,4234258900,47850,2609.5,,2026-09-09T21:57:53+09:00
2023-06-19,000720,현대건설,15,4047641050,39950,2609.5,,2026-09-09T21:57:53+09:00
2023-06-19,006400,삼성SDI,16,4025411000,715000,2609.5,,2026-09-09T21:57:53+09:00
2023-06-19,051900,LG생활건강,17,3708645000,514000,2609.5,,2026-09-09T21:57:53+09:00
2023-06-19,010130,고려아연,18,3532327000,501000,2609.5,,2026-09-09T21:57:53+09:00
2023-06-19,079550,LIG넥스원,19,3072197100,86800,2609.5,,2026-09-09T21:57:53+09:00
2023-06-19,066570,LG전자,20,2974338900,124900,2609.5,,2026-09-09T21:57:53+09:00
2023-06-20,005930,삼성전자,1,67170536600,71400,2604.91,,2026-09-09T21:57:58+09:00
2023-06-20,064350,현대로템,2,21796730400,39350,2604.91,,2026-09-09T21:57:58+09:00
2023-06-20,000660,SK하이닉스,3,20265038700,116100,2604.91,,2026-09-09T21:57:58+09:00
2023-06-20,012450,한화에어로스페이스,4,13993360900,142500,2604.91,,2026-09-09T21:57:58+09:00
2023-06-20,042660,한화오션,5,11958481750,38200,2604.91,,2026-09-09T21:57:58+09:00
2023-06-20,298020,효성티앤씨,6,10738750500,423000,2604.91,,2026-09-09T21:57:58+09:00
2023-06-20,036570,엔씨소프트,7,10667431000,308500,2604.91,,2026-09-09T21:57:58+09:00
2023-06-20,329180,HD현대중공업,8,9729868800,130400,2604.91,,2026-09-09T21:57:58+09:00
2023-06-20,009540,HD한국조선해양,9,6746996400,117300,2604.91,,2026-09-09T21:57:58+09:00
2023-06-20,011780,금호석유,10,6089362200,143100,2604.91,,2026-09-09T21:57:58+09:00
2023-06-20,009150,삼성전기,11,5837137500,149500,2604.91,,2026-09-09T21:57:58+09:00
2023-06-20,030200,KT,12,5827754350,30750,2604.91,,2026-09-09T21:57:58+09:00
2023-06-20,259960,크래프톤,13,5680323000,204500,2604.91,,2026-09-09T21:57:58+09:00
2023-06-20,003490,대한항공,14,5606104150,24300,2604.91,,2026-09-09T21:57:58+09:00
2023-06-20,361610,SK아이이테크놀로지,15,5329510800,92300,2604.91,,2026-09-09T21:57:58+09:00
2023-06-20,042700,한미반도체,16,4895569500,30900,2604.91,,2026-09-09T21:57:58+09:00
2023-06-20,086280,현대글로비스,17,3889356200,189700,2604.91,,2026-09-09T21:57:58+09:00
2023-06-20,066570,LG전자,18,2759636900,123700,2604.91,,2026-09-09T21:57:58+09:00
2023-06-20,138040,메리츠금융지주,19,2665004950,43350,2604.91,,2026-09-09T21:57:58+09:00
2023-06-20,018260,삼성에스디에스,20,2152275400,124200,2604.91,,2026-09-09T21:57:58+09:00
2023-06-21,241560,두산밥캣,1,159267324800,55000,2582.63,,2026-09-09T21:58:03+09:00
2023-06-21,005380,현대차,2,48726954000,204000,2582.63,,2026-09-09T21:58:03+09:00
2023-06-21,064350,현대로템,3,23883930250,38500,2582.63,,2026-09-09T21:58:03+09:00
2023-06-21,009540,HD한국조선해양,4,14089885500,120600,2582.63,,2026-09-09T21:58:03+09:00
2023-06-21,034020,두산에너빌리티,5,11331901350,19270,2582.63,,2026-09-09T21:58:03+09:00
2023-06-21,000270,기아,6,11125155900,83900,2582.63,,2026-09-09T21:58:03+09:00
2023-06-21,204320,HL만도,7,9681455700,51700,2582.63,,2026-09-09T21:58:03+09:00
2023-06-21,066570,LG전자,8,8897709900,125000,2582.63,,2026-09-09T21:58:03+09:00
2023-06-21,011210,현대위아,9,8579320900,61600,2582.63,,2026-09-09T21:58:03+09:00
2023-06-21,012330,현대모비스,10,7690084000,222000,2582.63,,2026-09-09T21:58:03+09:00
2023-06-21,090430,아모레퍼시픽,11,7084398400,102700,2582.63,,2026-09-09T21:58:03+09:00
2023-06-21,005070,코스모신소재,12,5727825000,208000,2582.63,,2026-09-09T21:58:03+09:00
2023-06-21,112610,씨에스윈드,13,5657116100,87200,2582.63,,2026-09-09T21:58:03+09:00
2023-06-21,016360,삼성증권,14,5260079950,36250,2582.63,,2026-09-09T21:58:03+09:00
2023-06-21,001040,CJ,15,4667355600,74200,2582.63,,2026-09-09T21:58:03+09:00
2023-06-21,010060,OCI홀딩스,16,4564867300,106200,2582.63,,2026-09-09T21:58:03+09:00
2023-06-21,005830,DB손해보험,17,4001787800,76400,2582.63,,2026-09-09T21:58:03+09:00
2023-06-21,005490,POSCO홀딩스,18,3773145500,382500,2582.63,,2026-09-09T21:58:03+09:00
2023-06-21,086280,현대글로비스,19,3699843700,188600,2582.63,,2026-09-09T21:58:03+09:00
2023-06-21,005387,현대차2우B,20,3695995700,110500,2582.63,,2026-09-09T21:58:03+09:00
2023-06-22,005930,삼성전자,1,142359650700,71300,2593.7,,2026-09-09T21:58:08+09:00
2023-06-22,373220,LG에너지솔루션,2,32154496000,569000,2593.7,,2026-09-09T21:58:08+09:00
2023-06-22,064350,현대로템,3,17184045450,38400,2593.7,,2026-09-09T21:58:08+09:00
2023-06-22,042660,한화오션,4,14637827450,39100,2593.7,,2026-09-09T21:58:08+09:00
2023-06-22,005490,POSCO홀딩스,5,12524870000,396000,2593.7,,2026-09-09T21:58:08+09:00
2023-06-22,007660,이수페타시스,6,11802898800,22900,2593.7,,2026-09-09T21:58:08+09:00
2023-06-22,012450,한화에어로스페이스,7,8822629700,137700,2593.7,,2026-09-09T21:58:08+09:00
2023-06-22,316140,우리금융지주,8,5817016670,12050,2593.7,,2026-09-09T21:58:08+09:00
2023-06-22,001780,알루코,9,5580548065,3950,2593.7,,2026-09-09T21:58:08+09:00
2023-06-22,298050,효성첨단소재,10,4740904500,494500,2593.7,,2026-09-09T21:58:08+09:00
2023-06-22,112610,씨에스윈드,11,4733121800,87700,2593.7,,2026-09-09T21:58:08+09:00
2023-06-22,000810,삼성화재,12,4499301000,226500,2593.7,,2026-09-09T21:58:08+09:00
2023-06-22,036570,엔씨소프트,13,4462142000,303000,2593.7,,2026-09-09T21:58:08+09:00
2023-06-22,028050,삼성엔지니어링,14,4449568250,29100,2593.7,,2026-09-09T21:58:08+09:00
2023-06-22,009540,HD한국조선해양,15,4276815700,117500,2593.7,,2026-09-09T21:58:08+09:00
2023-06-22,010140,삼성중공업,16,4237581160,6740,2593.7,,2026-09-09T21:58:08+09:00
2023-06-22,011200,HMM,17,3019476180,18750,2593.7,,2026-09-09T21:58:08+09:00
2023-06-22,028670,팬오션,18,2787900270,5260,2593.7,,2026-09-09T21:58:08+09:00
2023-06-22,006740,영풍제지,19,2382246100,24050,2593.7,,2026-09-09T21:58:08+09:00
2023-06-22,086280,현대글로비스,20,2244035500,189000,2593.7,,2026-09-09T21:58:08+09:00
2023-06-23,005930,삼성전자,1,315002188300,71600,2570.1,,2026-09-09T21:58:14+09:00
2023-06-23,042700,한미반도체,2,15779951750,30350,2570.1,,2026-09-09T21:58:14+09:00
2023-06-23,010140,삼성중공업,3,11125895470,6620,2570.1,,2026-09-09T21:58:14+09:00
2023-06-23,064350,현대로템,4,10772195550,36900,2570.1,,2026-09-09T21:58:14+09:00
2023-06-23,361610,SK아이이테크놀로지,5,9239155000,95400,2570.1,,2026-09-09T21:58:14+09:00
2023-06-23,000270,기아,6,8224617100,83400,2570.1,,2026-09-09T21:58:14+09:00
2023-06-23,009540,HD한국조선해양,7,7232407500,115900,2570.1,,2026-09-09T21:58:14+09:00
2023-06-23,034020,두산에너빌리티,8,7155156680,18110,2570.1,,2026-09-09T21:58:14+09:00
2023-06-23,009150,삼성전기,9,7056091000,142400,2570.1,,2026-09-09T21:58:14+09:00
2023-06-23,161000,애경케미칼,10,6711307650,24700,2570.1,,2026-09-09T21:58:14+09:00
2023-06-23,259960,크래프톤,11,4048641500,201500,2570.1,,2026-09-09T21:58:14+09:00
2023-06-23,012450,한화에어로스페이스,12,3954635200,134400,2570.1,,2026-09-09T21:58:14+09:00
2023-06-23,014580,태경비케이,13,3214421560,8620,2570.1,,2026-09-09T21:58:14+09:00
2023-06-23,011200,HMM,14,3040468070,18570,2570.1,,2026-09-09T21:58:14+09:00
2023-06-23,005380,현대차,15,2965721700,199900,2570.1,,2026-09-09T21:58:14+09:00
2023-06-23,000810,삼성화재,16,2352810500,223000,2570.1,,2026-09-09T21:58:14+09:00
2023-06-23,010060,OCI홀딩스,17,2339648500,111500,2570.1,,2026-09-09T21:58:14+09:00
2023-06-23,012330,현대모비스,18,2300665500,217000,2570.1,,2026-09-09T21:58:14+09:00
2023-06-23,004370,농심,19,2159569000,404500,2570.1,,2026-09-09T21:58:14+09:00
2023-06-23,042660,한화오션,20,2155203500,37650,2570.1,,2026-09-09T21:58:14+09:00
2023-06-26,005930,삼성전자,1,248732404400,72400,2582.2,,2026-09-09T21:58:23+09:00
2023-06-26,000270,기아,2,37356998300,85500,2582.2,,2026-09-09T21:58:23+09:00
2023-06-26,005935,삼성전자우,3,16875540500,60500,2582.2,,2026-09-09T21:58:23+09:00
2023-06-26,047050,포스코인터내셔널,4,10301183100,37950,2582.2,,2026-09-09T21:58:23+09:00
2023-06-26,012330,현대모비스,5,7472153000,221000,2582.2,,2026-09-09T21:58:23+09:00
2023-06-26,010060,OCI홀딩스,6,6162420200,119600,2582.2,,2026-09-09T21:58:23+09:00
2023-06-26,066570,LG전자,7,5290030300,123500,2582.2,,2026-09-09T21:58:23+09:00
2023-06-26,009900,명신산업,8,5149107550,22700,2582.2,,2026-09-09T21:58:23+09:00
2023-06-26,161000,애경케미칼,9,4826622850,23750,2582.2,,2026-09-09T21:58:23+09:00
2023-06-26,033780,KT&G,10,4329022800,83900,2582.2,,2026-09-09T21:58:23+09:00
2023-06-26,005420,코스모화학,11,4031399750,49750,2582.2,,2026-09-09T21:58:23+09:00
2023-06-26,326030,SK바이오팜,12,3984181600,83400,2582.2,,2026-09-09T21:58:23+09:00
2023-06-26,028260,삼성물산,13,3834127500,106400,2582.2,,2026-09-09T21:58:23+09:00
2023-06-26,005070,코스모신소재,14,3687184500,196900,2582.2,,2026-09-09T21:58:23+09:00
2023-06-26,007660,이수페타시스,15,3438629150,24900,2582.2,,2026-09-09T21:58:23+09:00
2023-06-26,042660,한화오션,16,3349905300,36850,2582.2,,2026-09-09T21:58:23+09:00
2023-06-26,015760,한국전력,17,3173841570,19080,2582.2,,2026-09-09T21:58:23+09:00
2023-06-26,010690,화신,18,3001453410,16250,2582.2,,2026-09-09T21:58:23+09:00
2023-06-26,329180,HD현대중공업,19,2819966800,131000,2582.2,,2026-09-09T21:58:23+09:00
2023-06-26,011210,현대위아,20,2753168300,60700,2582.2,,2026-09-09T21:58:23+09:00
2023-06-27,005930,삼성전자,1,164392864900,72600,2581.39,,2026-09-09T21:58:28+09:00
2023-06-27,005380,현대차,2,54196724000,206000,2581.39,,2026-09-09T21:58:28+09:00
2023-06-27,012330,현대모비스,3,23681110000,230000,2581.39,,2026-09-09T21:58:28+09:00
2023-06-27,015760,한국전력,4,17416170780,19980,2581.39,,2026-09-09T21:58:28+09:00
2023-06-27,000270,기아,5,17108552400,86200,2581.39,,2026-09-09T21:58:28+09:00
2023-06-27,005070,코스모신소재,6,12026729300,188700,2581.39,,2026-09-09T21:58:28+09:00
2023-06-27,042670,HD현대인프라코어,7,10179180170,11480,2581.39,,2026-09-09T21:58:28+09:00
2023-06-27,006740,영풍제지,8,7853089550,24250,2581.39,,2026-09-09T21:58:28+09:00
2023-06-27,047050,포스코인터내셔널,9,7286428000,38950,2581.39,,2026-09-09T21:58:28+09:00
2023-06-27,011210,현대위아,10,7265970100,64100,2581.39,,2026-09-09T21:58:28+09:00
2023-06-27,011200,HMM,11,6216687080,19120,2581.39,,2026-09-09T21:58:28+09:00
2023-06-27,005420,코스모화학,12,5581402750,48300,2581.39,,2026-09-09T21:58:28+09:00
2023-06-27,103140,풍산,13,4539577000,43500,2581.39,,2026-09-09T21:58:28+09:00
2023-06-27,326030,SK바이오팜,14,4475752700,81600,2581.39,,2026-09-09T21:58:28+09:00
2023-06-27,112610,씨에스윈드,15,4346801100,82600,2581.39,,2026-09-09T21:58:28+09:00
2023-06-27,009150,삼성전기,16,3963269500,145200,2581.39,,2026-09-09T21:58:28+09:00
2023-06-27,034730,SK,17,3794390600,155100,2581.39,,2026-09-09T21:58:28+09:00
2023-06-27,456040,OCI,18,3496376800,122800,2581.39,,2026-09-09T21:58:28+09:00
2023-06-27,000810,삼성화재,19,3264327000,227000,2581.39,,2026-09-09T21:58:28+09:00
2023-06-27,009540,HD한국조선해양,20,3064566000,120100,2581.39,,2026-09-09T21:58:28+09:00
2023-06-28,005930,삼성전자,1,61322347700,72700,2564.19,,2026-09-09T21:58:33+09:00
2023-06-28,000270,기아,2,25191007900,86400,2564.19,,2026-09-09T21:58:33+09:00
2023-06-28,105560,KB금융,3,17782535400,48150,2564.19,,2026-09-09T21:58:33+09:00
2023-06-28,005935,삼성전자우,4,12002117300,60500,2564.19,,2026-09-09T21:58:33+09:00
2023-06-28,003670,포스코퓨처엠,5,9176757500,349500,2564.19,,2026-09-09T21:58:33+09:00
2023-06-28,005380,현대차,6,9105425000,206000,2564.19,,2026-09-09T21:58:33+09:00
2023-06-28,032830,삼성생명,7,6572521300,66500,2564.19,,2026-09-09T21:58:33+09:00
2023-06-28,307950,현대오토에버,8,6349486100,132100,2564.19,,2026-09-09T21:58:33+09:00
2023-06-28,047050,포스코인터내셔널,9,5752330300,39700,2564.19,,2026-09-09T21:58:33+09:00
2023-06-28,042670,HD현대인프라코어,10,5217235210,11960,2564.19,,2026-09-09T21:58:33+09:00
2023-06-28,010060,OCI홀딩스,11,4365829500,108700,2564.19,,2026-09-09T21:58:33+09:00
2023-06-28,003620,KG모빌리티,12,4288503500,7430,2564.19,,2026-09-09T21:58:33+09:00
2023-06-28,064350,현대로템,13,4026029900,35750,2564.19,,2026-09-09T21:58:33+09:00
2023-06-28,008770,호텔신라,14,3539047500,74300,2564.19,,2026-09-09T21:58:33+09:00
2023-06-28,010690,화신,15,3052923280,17310,2564.19,,2026-09-09T21:58:33+09:00
2023-06-28,259960,크래프톤,16,2922686300,199000,2564.19,,2026-09-09T21:58:33+09:00
2023-06-28,000810,삼성화재,17,2754519000,229000,2564.19,,2026-09-09T21:58:33+09:00
2023-06-28,074610,이엔플러스,18,2611486790,9240,2564.19,,2026-09-09T21:58:33+09:00
2023-06-28,302440,SK바이오사이언스,19,2404283500,79400,2564.19,,2026-09-09T21:58:33+09:00
2023-06-28,204320,HL만도,20,2241248500,53100,2564.19,,2026-09-09T21:58:33+09:00
2023-06-29,005930,삼성전자,1,157279354900,72400,2550.02,,2026-09-09T21:58:38+09:00
2023-06-29,302440,SK바이오사이언스,2,21870801200,82700,2550.02,,2026-09-09T21:58:38+09:00
2023-06-29,007660,이수페타시스,3,21096251200,28750,2550.02,,2026-09-09T21:58:38+09:00
2023-06-29,042700,한미반도체,4,15858015600,30200,2550.02,,2026-09-09T21:58:38+09:00
2023-06-29,005380,현대차,5,15726747500,204500,2550.02,,2026-09-09T21:58:38+09:00
2023-06-29,000270,기아,6,12090041800,86000,2550.02,,2026-09-09T21:58:38+09:00
2023-06-29,373220,LG에너지솔루션,7,10590818000,550000,2550.02,,2026-09-09T21:58:38+09:00
2023-06-29,066570,LG전자,8,10472773400,126000,2550.02,,2026-09-09T21:58:38+09:00
2023-06-29,015760,한국전력,9,9497320750,20050,2550.02,,2026-09-09T21:58:38+09:00
2023-06-29,000660,SK하이닉스,10,8385675800,116200,2550.02,,2026-09-09T21:58:38+09:00
2023-06-29,307950,현대오토에버,11,8363941700,138900,2550.02,,2026-09-09T21:58:38+09:00
2023-06-29,009150,삼성전기,12,7772733900,143400,2550.02,,2026-09-09T21:58:38+09:00
2023-06-29,402340,SK스퀘어,13,7298907450,44250,2550.02,,2026-09-09T21:58:38+09:00
2023-06-29,003670,포스코퓨처엠,14,7265205000,350000,2550.02,,2026-09-09T21:58:38+09:00
2023-06-29,064350,현대로템,15,7071511450,35650,2550.02,,2026-09-09T21:58:38+09:00
2023-06-29,352820,하이브,16,6323873500,279500,2550.02,,2026-09-09T21:58:38+09:00
2023-06-29,032830,삼성생명,17,5382287000,66900,2550.02,,2026-09-09T21:58:38+09:00
2023-06-29,009540,HD한국조선해양,18,4838672000,114500,2550.02,,2026-09-09T21:58:38+09:00
2023-06-29,145720,덴티움,19,4589829300,144600,2550.02,,2026-09-09T21:58:38+09:00
2023-06-29,005490,POSCO홀딩스,20,4141046000,387500,2550.02,,2026-09-09T21:58:38+09:00
2023-06-30,005930,삼성전자,1,41694118200,72200,2564.28,,2026-09-09T21:58:43+09:00
2023-06-30,000270,기아,2,32966367200,88500,2564.28,,2026-09-09T21:58:43+09:00
2023-06-30,361610,SK아이이테크놀로지,3,14649237600,96800,2564.28,,2026-09-09T21:58:43+09:00
2023-06-30,042670,HD현대인프라코어,4,12543983830,11960,2564.28,,2026-09-09T21:58:43+09:00
2023-06-30,015760,한국전력,5,11851982520,20600,2564.28,,2026-09-09T21:58:43+09:00
2023-06-30,005380,현대차,6,8949310500,206500,2564.28,,2026-09-09T21:58:43+09:00
2023-06-30,012330,현대모비스,7,8890054500,232500,2564.28,,2026-09-09T21:58:43+09:00
2023-06-30,307950,현대오토에버,8,6980263400,140200,2564.28,,2026-09-09T21:58:43+09:00
2023-06-30,081660,휠라홀딩스,9,6274958100,40000,2564.28,,2026-09-09T21:58:43+09:00
2023-06-30,178920,PI첨단소재,10,5582042050,37950,2564.28,,2026-09-09T21:58:43+09:00
2023-06-30,009540,HD한국조선해양,11,4765409900,116500,2564.28,,2026-09-09T21:58:43+09:00
2023-06-30,000810,삼성화재,12,4296859500,230000,2564.28,,2026-09-09T21:58:43+09:00
2023-06-30,005300,롯데칠성,13,4216895100,126800,2564.28,,2026-09-09T21:58:43+09:00
2023-06-30,204320,HL만도,14,4049475600,53900,2564.28,,2026-09-09T21:58:43+09:00
2023-06-30,011070,LG이노텍,15,4039979000,309500,2564.28,,2026-09-09T21:58:43+09:00
2023-06-30,001120,LX인터내셔널,16,3740165500,36050,2564.28,,2026-09-09T21:58:43+09:00
2023-06-30,034020,두산에너빌리티,17,3164922090,18110,2564.28,,2026-09-09T21:58:43+09:00
2023-06-30,009830,한화솔루션,18,3099966550,42300,2564.28,,2026-09-09T21:58:43+09:00
2023-06-30,383220,F&F,19,3038417600,119600,2564.28,,2026-09-09T21:58:43+09:00
2023-06-30,047050,포스코인터내셔널,20,2949997650,39850,2564.28,,2026-09-09T21:58:43+09:00
2023-07-03,006400,삼성SDI,1,61701846000,717000,2602.47,,2026-09-09T21:58:52+09:00
2023-07-03,007660,이수페타시스,2,28701362750,31400,2602.47,,2026-09-09T21:58:52+09:00
2023-07-03,005490,POSCO홀딩스,3,26854206500,402000,2602.47,,2026-09-09T21:58:52+09:00
2023-07-03,373220,LG에너지솔루션,4,22469479000,573000,2602.47,,2026-09-09T21:58:52+09:00
2023-07-03,011930,신성이엔지,5,14161711755,2955,2602.47,,2026-09-09T21:58:52+09:00
2023-07-03,042700,한미반도체,6,12766316850,31200,2602.47,,2026-09-09T21:58:52+09:00
2023-07-03,033240,자화전자,7,12607082646,34000,2602.47,,2026-09-09T21:58:52+09:00
2023-07-03,005380,현대차,8,12335268000,208500,2602.47,,2026-09-09T21:58:52+09:00
2023-07-03,028050,삼성엔지니어링,9,10210443150,29500,2602.47,,2026-09-09T21:58:52+09:00
2023-07-03,307950,현대오토에버,10,9484375100,141700,2602.47,,2026-09-09T21:58:52+09:00
2023-07-03,001780,알루코,11,7561396200,4780,2602.47,,2026-09-09T21:58:52+09:00
2023-07-03,001570,금양,12,7068661700,55800,2602.47,,2026-09-09T21:58:52+09:00
2023-07-03,011200,HMM,13,4847467140,19130,2602.47,,2026-09-09T21:58:52+09:00
2023-07-03,003230,삼양식품,14,4608618900,116000,2602.47,,2026-09-09T21:58:52+09:00
2023-07-03,005935,삼성전자우,15,4164850900,60000,2602.47,,2026-09-09T21:58:52+09:00
2023-07-03,105560,KB금융,16,4004841750,48650,2602.47,,2026-09-09T21:58:52+09:00
2023-07-03,361610,SK아이이테크놀로지,17,3951994900,95500,2602.47,,2026-09-09T21:58:52+09:00
2023-07-03,456040,OCI,18,3728723600,127600,2602.47,,2026-09-09T21:58:52+09:00
2023-07-03,271560,오리온,19,3168572600,122200,2602.47,,2026-09-09T21:58:52+09:00
2023-07-03,086790,하나금융지주,20,3128320900,40200,2602.47,,2026-09-09T21:58:52+09:00
2023-07-04,005930,삼성전자,1,165213877900,73000,2593.31,,2026-09-09T21:58:56+09:00
2023-07-04,000270,기아,2,15775575300,88900,2593.31,,2026-09-09T21:58:56+09:00
2023-07-04,329180,HD현대중공업,3,9288472200,136000,2593.31,,2026-09-09T21:58:56+09:00
2023-07-04,000660,SK하이닉스,4,9192779000,117900,2593.31,,2026-09-09T21:58:56+09:00
2023-07-04,003490,대한항공,5,7542637700,24900,2593.31,,2026-09-09T21:58:56+09:00
2023-07-04,010620,현대미포조선,6,7107469700,87400,2593.31,,2026-09-09T21:58:56+09:00
2023-07-04,112610,씨에스윈드,7,6972232700,83100,2593.31,,2026-09-09T21:58:56+09:00
2023-07-04,001390,KG케미칼,8,5857978350,48000,2593.31,,2026-09-09T21:58:56+09:00
2023-07-04,004890,동일산업,9,4636799700,75500,2593.31,,2026-09-09T21:58:56+09:00
2023-07-04,009150,삼성전기,10,4587578300,144000,2593.31,,2026-09-09T21:58:56+09:00
2023-07-04,204320,HL만도,11,4525588300,53300,2593.31,,2026-09-09T21:58:56+09:00
2023-07-04,114090,GKL,12,4427583890,15290,2593.31,,2026-09-09T21:58:56+09:00
2023-07-04,161890,한국콜마,13,4203039950,46000,2593.31,,2026-09-09T21:58:56+09:00
2023-07-04,082740,HSD엔진,14,4170232030,10990,2593.31,,2026-09-09T21:58:56+09:00
2023-07-04,047050,포스코인터내셔널,15,4084082400,43100,2593.31,,2026-09-09T21:58:56+09:00
2023-07-04,195870,해성디에스,16,3995432700,66300,2593.31,,2026-09-09T21:58:56+09:00
2023-07-04,010060,OCI홀딩스,17,3896884100,110800,2593.31,,2026-09-09T21:58:56+09:00
2023-07-04,373220,LG에너지솔루션,18,3891756000,569000,2593.31,,2026-09-09T21:58:56+09:00
2023-07-04,000990,DB하이텍,19,3760321400,62100,2593.31,,2026-09-09T21:58:56+09:00
2023-07-04,105560,KB금융,20,3723112450,48400,2593.31,,2026-09-09T21:58:56+09:00
2023-07-05,005930,삼성전자,1,70485984200,72000,2579.0,,2026-09-09T21:59:00+09:00
2023-07-05,000660,SK하이닉스,2,46414561700,116700,2579.0,,2026-09-09T21:59:00+09:00
2023-07-05,001570,금양,3,35223690200,71200,2579.0,,2026-09-09T21:59:00+09:00
2023-07-05,003670,포스코퓨처엠,4,23176092500,381000,2579.0,,2026-09-09T21:59:00+09:00
2023-07-05,005380,현대차,5,18654491500,205500,2579.0,,2026-09-09T21:59:00+09:00
2023-07-05,000270,기아,6,17866836700,88100,2579.0,,2026-09-09T21:59:00+09:00
2023-07-05,012330,현대모비스,7,14626336000,232000,2579.0,,2026-09-09T21:59:00+09:00
2023-07-05,068270,셀트리온,8,14476144000,152600,2579.0,,2026-09-09T21:59:00+09:00
2023-07-05,005420,코스모화학,9,14388906850,56800,2579.0,,2026-09-09T21:59:00+09:00
2023-07-05,005070,코스모신소재,10,12757363700,204500,2579.0,,2026-09-09T21:59:00+09:00
2023-07-05,005490,POSCO홀딩스,11,9909260000,403000,2579.0,,2026-09-09T21:59:00+09:00
2023-07-05,373220,LG에너지솔루션,12,9804813000,567000,2579.0,,2026-09-09T21:59:00+09:00
2023-07-05,011070,LG이노텍,13,8563942500,314500,2579.0,,2026-09-09T21:59:00+09:00
2023-07-05,009150,삼성전기,14,7477237000,143100,2579.0,,2026-09-09T21:59:00+09:00
2023-07-05,456040,OCI,15,7430695300,134100,2579.0,,2026-09-09T21:59:00+09:00
2023-07-05,009540,HD한국조선해양,16,6948139300,121500,2579.0,,2026-09-09T21:59:00+09:00
2023-07-05,028260,삼성물산,17,6609041400,103400,2579.0,,2026-09-09T21:59:00+09:00
2023-07-05,006740,영풍제지,18,6353081800,24300,2579.0,,2026-09-09T21:59:00+09:00
2023-07-05,020150,롯데에너지머티리얼즈,19,6352700300,58000,2579.0,,2026-09-09T21:59:00+09:00
2023-07-05,003490,대한항공,20,6124592850,25700,2579.0,,2026-09-09T21:59:00+09:00
2023-07-06,005930,삼성전자,1,76081785600,71600,2556.29,,2026-09-09T21:59:06+09:00
2023-07-06,000270,기아,2,30496290100,89000,2556.29,,2026-09-09T21:59:06+09:00
2023-07-06,035720,카카오,3,28318455800,50900,2556.29,,2026-09-09T21:59:06+09:00
2023-07-06,035420,NAVER,4,24357251500,195500,2556.29,,2026-09-09T21:59:06+09:00
2023-07-06,007660,이수페타시스,5,17513212950,29450,2556.29,,2026-09-09T21:59:06+09:00
2023-07-06,005380,현대차,6,13952827500,206500,2556.29,,2026-09-09T21:59:06+09:00
2023-07-06,000660,SK하이닉스,7,12351296900,113800,2556.29,,2026-09-09T21:59:06+09:00
2023-07-06,009150,삼성전기,8,12211139100,142800,2556.29,,2026-09-09T21:59:06+09:00
2023-07-06,030200,KT,9,7665249100,29500,2556.29,,2026-09-09T21:59:06+09:00
2023-07-06,012330,현대모비스,10,5564152500,233000,2556.29,,2026-09-09T21:59:06+09:00
2023-07-06,329180,HD현대중공업,11,5453964000,136300,2556.29,,2026-09-09T21:59:06+09:00
2023-07-06,018260,삼성에스디에스,12,5393171700,117900,2556.29,,2026-09-09T21:59:06+09:00
2023-07-06,326030,SK바이오팜,13,5297771500,77700,2556.29,,2026-09-09T21:59:06+09:00
2023-07-06,028050,삼성엔지니어링,14,5026068450,29100,2556.29,,2026-09-09T21:59:06+09:00
2023-07-06,161390,한국타이어앤테크놀로지,15,4774677650,36750,2556.29,,2026-09-09T21:59:06+09:00
2023-07-06,006400,삼성SDI,16,4629204000,703000,2556.29,,2026-09-09T21:59:06+09:00
2023-07-06,005850,에스엘,17,4520807500,40000,2556.29,,2026-09-09T21:59:06+09:00
2023-07-06,377300,카카오페이,18,4129323450,46400,2556.29,,2026-09-09T21:59:06+09:00
2023-07-06,007070,GS리테일,19,3842106350,22100,2556.29,,2026-09-09T21:59:06+09:00
2023-07-06,456040,OCI,20,3638755500,136500,2556.29,,2026-09-09T21:59:06+09:00
2023-07-07,003670,포스코퓨처엠,1,68510736000,398500,2526.71,,2026-09-09T21:59:10+09:00
2023-07-07,005380,현대차,2,22647207500,204000,2526.71,,2026-09-09T21:59:10+09:00
2023-07-07,000270,기아,3,22644676000,87900,2526.71,,2026-09-09T21:59:10+09:00
2023-07-07,001570,금양,4,15816678400,83000,2526.71,,2026-09-09T21:59:10+09:00
2023-07-07,051900,LG생활건강,5,8140514500,432000,2526.71,,2026-09-09T21:59:10+09:00
2023-07-07,006400,삼성SDI,6,7566147000,697000,2526.71,,2026-09-09T21:59:10+09:00
2023-07-07,012330,현대모비스,7,6956999500,232500,2526.71,,2026-09-09T21:59:10+09:00
2023-07-07,005935,삼성전자우,8,6791774300,58300,2526.71,,2026-09-09T21:59:10+09:00
2023-07-07,006360,GS건설,9,6192697890,13750,2526.71,,2026-09-09T21:59:10+09:00
2023-07-07,105560,KB금융,10,5987982200,46500,2526.71,,2026-09-09T21:59:10+09:00
2023-07-07,005830,DB손해보험,11,5587088600,72200,2526.71,,2026-09-09T21:59:10+09:00
2023-07-07,138040,메리츠금융지주,12,5348019800,41150,2526.71,,2026-09-09T21:59:10+09:00
2023-07-07,001470,삼부토건,13,5277029315,3910,2526.71,,2026-09-09T21:59:10+09:00
2023-07-07,006260,LS,14,5272367800,88200,2526.71,,2026-09-09T21:59:10+09:00
2023-07-07,042660,한화오션,15,4726841350,41100,2526.71,,2026-09-09T21:59:10+09:00
2023-07-07,042700,한미반도체,16,4720537450,29350,2526.71,,2026-09-09T21:59:10+09:00
2023-07-07,001230,동국홀딩스,17,4451387220,17690,2526.71,,2026-09-09T21:59:10+09:00
2023-07-07,082740,HSD엔진,18,4367906990,11810,2526.71,,2026-09-09T21:59:10+09:00
2023-07-07,011070,LG이노텍,19,4285413000,299000,2526.71,,2026-09-09T21:59:10+09:00
2023-07-07,383220,F&F,20,3877467800,112400,2526.71,,2026-09-09T21:59:10+09:00
2023-07-10,032830,삼성생명,1,18993395300,70500,2520.7,,2026-09-09T21:59:19+09:00
2023-07-10,001470,삼부토건,2,16191556520,4940,2520.7,,2026-09-09T21:59:19+09:00
2023-07-10,028050,삼성엔지니어링,3,14659997200,29850,2520.7,,2026-09-09T21:59:19+09:00
2023-07-10,007660,이수페타시스,4,11629341950,28000,2520.7,,2026-09-09T21:59:19+09:00
2023-07-10,138040,메리츠금융지주,5,9884881550,43000,2520.7,,2026-09-09T21:59:19+09:00
2023-07-10,010130,고려아연,6,8792344000,451500,2520.7,,2026-09-09T21:59:19+09:00
2023-07-10,000270,기아,7,8509212500,87500,2520.7,,2026-09-09T21:59:19+09:00
2023-07-10,006360,GS건설,8,6951432860,14120,2520.7,,2026-09-09T21:59:19+09:00
2023-07-10,001570,금양,9,6780514400,86900,2520.7,,2026-09-09T21:59:19+09:00
2023-07-10,009540,HD한국조선해양,10,6144675100,121700,2520.7,,2026-09-09T21:59:19+09:00
2023-07-10,047040,대우건설,11,5690062585,4120,2520.7,,2026-09-09T21:59:19+09:00
2023-07-10,361610,SK아이이테크놀로지,12,5527420800,91200,2520.7,,2026-09-09T21:59:19+09:00
2023-07-10,004020,현대제철,13,5400572200,33700,2520.7,,2026-09-09T21:59:19+09:00
2023-07-10,377300,카카오페이,14,5202563800,46250,2520.7,,2026-09-09T21:59:19+09:00
2023-07-10,000810,삼성화재,15,4821660000,232500,2520.7,,2026-09-09T21:59:19+09:00
2023-07-10,042670,HD현대인프라코어,16,4573929970,12030,2520.7,,2026-09-09T21:59:19+09:00
2023-07-10,036570,엔씨소프트,17,4084862500,281000,2520.7,,2026-09-09T21:59:19+09:00
2023-07-10,008770,호텔신라,18,4018677400,75400,2520.7,,2026-09-09T21:59:19+09:00
2023-07-10,011170,롯데케미칼,19,3649122700,151000,2520.7,,2026-09-09T21:59:19+09:00
2023-07-10,128940,한미약품,20,3523526000,276500,2520.7,,2026-09-09T21:59:19+09:00
2023-07-11,005930,삼성전자,1,62515021500,71500,2562.49,,2026-09-09T21:59:24+09:00
2023-07-11,001570,금양,2,54163688400,105900,2562.49,,2026-09-09T21:59:24+09:00
2023-07-11,005380,현대차,3,24985619500,207000,2562.49,,2026-09-09T21:59:24+09:00
2023-07-11,034020,두산에너빌리티,4,24595036190,18850,2562.49,,2026-09-09T21:59:24+09:00
2023-07-11,272210,한화시스템,5,23529716610,17220,2562.49,,2026-09-09T21:59:24+09:00
2023-07-11,064350,현대로템,6,22153278750,37250,2562.49,,2026-09-09T21:59:24+09:00
2023-07-11,009150,삼성전기,7,21786261700,145300,2562.49,,2026-09-09T21:59:24+09:00
2023-07-11,010140,삼성중공업,8,20702839390,7540,2562.49,,2026-09-09T21:59:24+09:00
2023-07-11,000270,기아,9,17645469100,88500,2562.49,,2026-09-09T21:59:24+09:00
2023-07-11,005070,코스모신소재,10,14947154200,198300,2562.49,,2026-09-09T21:59:24+09:00
2023-07-11,035420,NAVER,11,14721073700,197400,2562.49,,2026-09-09T21:59:24+09:00
2023-07-11,005420,코스모화학,12,13938349600,57400,2562.49,,2026-09-09T21:59:24+09:00
2023-07-11,009540,HD한국조선해양,13,12562784100,124000,2562.49,,2026-09-09T21:59:24+09:00
2023-07-11,112610,씨에스윈드,14,12431410900,86900,2562.49,,2026-09-09T21:59:24+09:00
2023-07-11,352820,하이브,15,10279252500,270000,2562.49,,2026-09-09T21:59:24+09:00
2023-07-11,042700,한미반도체,16,10179127800,30500,2562.49,,2026-09-09T21:59:24+09:00
2023-07-11,035720,카카오,17,9957722100,50700,2562.49,,2026-09-09T21:59:24+09:00
2023-07-11,042660,한화오션,18,9916237050,44900,2562.49,,2026-09-09T21:59:24+09:00
2023-07-11,052690,한전기술,19,8777778700,78000,2562.49,,2026-09-09T21:59:24+09:00
2023-07-11,096770,SK이노베이션,20,8398555200,164500,2562.49,,2026-09-09T21:59:24+09:00
2023-07-12,005930,삼성전자,1,123148920300,71900,2574.72,,2026-09-09T21:59:28+09:00
2023-07-12,010140,삼성중공업,2,61465756950,8170,2574.72,,2026-09-09T21:59:28+09:00
2023-07-12,005490,POSCO홀딩스,3,57704364500,417500,2574.72,,2026-09-09T21:59:28+09:00
2023-07-12,028050,삼성엔지니어링,4,46539184950,32050,2574.72,,2026-09-09T21:59:28+09:00
2023-07-12,064350,현대로템,5,26169507500,37800,2574.72,,2026-09-09T21:59:28+09:00
2023-07-12,000660,SK하이닉스,6,25925726200,115400,2574.72,,2026-09-09T21:59:28+09:00
2023-07-12,042660,한화오션,7,25676915050,46000,2574.72,,2026-09-09T21:59:28+09:00
2023-07-12,000270,기아,8,19672008300,88400,2574.72,,2026-09-09T21:59:28+09:00
2023-07-12,035420,NAVER,9,16845996500,202000,2574.72,,2026-09-09T21:59:28+09:00
2023-07-12,002710,TCC스틸,10,12490734900,51700,2574.72,,2026-09-09T21:59:28+09:00
2023-07-12,011200,HMM,11,11867755960,18890,2574.72,,2026-09-09T21:59:28+09:00
2023-07-12,093370,후성,12,10896233350,13900,2574.72,,2026-09-09T21:59:28+09:00
2023-07-12,009540,HD한국조선해양,13,10466116800,128000,2574.72,,2026-09-09T21:59:28+09:00
2023-07-12,096770,SK이노베이션,14,9698437100,166000,2574.72,,2026-09-09T21:59:28+09:00
2023-07-12,042700,한미반도체,15,8785478100,31700,2574.72,,2026-09-09T21:59:28+09:00
2023-07-12,272210,한화시스템,16,8354253980,17450,2574.72,,2026-09-09T21:59:28+09:00
2023-07-12,005935,삼성전자우,17,8050449300,59500,2574.72,,2026-09-09T21:59:28+09:00
2023-07-12,015760,한국전력,18,7166920930,20000,2574.72,,2026-09-09T21:59:28+09:00
2023-07-12,323410,카카오뱅크,19,6853481850,24550,2574.72,,2026-09-09T21:59:28+09:00
2023-07-12,005010,휴스틸,20,6840454290,7070,2574.72,,2026-09-09T21:59:28+09:00
2023-07-13,042700,한미반도체,1,61975235850,41200,2591.23,,2026-09-09T21:59:33+09:00
2023-07-13,005930,삼성전자,2,31360929000,71900,2591.23,,2026-09-09T21:59:33+09:00
2023-07-13,005380,현대차,3,30636578500,203500,2591.23,,2026-09-09T21:59:33+09:00
2023-07-13,006400,삼성SDI,4,22084115000,715000,2591.23,,2026-09-09T21:59:33+09:00
2023-07-13,005935,삼성전자우,5,20108201800,59900,2591.23,,2026-09-09T21:59:33+09:00
2023-07-13,010140,삼성중공업,6,17915272690,8310,2591.23,,2026-09-09T21:59:33+09:00
2023-07-13,042660,한화오션,7,16043799300,48450,2591.23,,2026-09-09T21:59:33+09:00
2023-07-13,015760,한국전력,8,15353836700,20700,2591.23,,2026-09-09T21:59:33+09:00
2023-07-13,035720,카카오,9,13676721300,51900,2591.23,,2026-09-09T21:59:33+09:00
2023-07-13,033780,KT&G,10,11352478400,82700,2591.23,,2026-09-09T21:59:33+09:00
2023-07-13,207940,삼성바이오로직스,11,11041906000,748000,2591.23,,2026-09-09T21:59:33+09:00
2023-07-13,012450,한화에어로스페이스,12,9600891900,141200,2591.23,,2026-09-09T21:59:33+09:00
2023-07-13,353200,대덕전자,13,9577813350,33900,2591.23,,2026-09-09T21:59:33+09:00
2023-07-13,068270,셀트리온,14,8510666500,156000,2591.23,,2026-09-09T21:59:33+09:00
2023-07-13,323410,카카오뱅크,15,7335917950,25300,2591.23,,2026-09-09T21:59:33+09:00
2023-07-13,000880,한화,16,7144609050,31500,2591.23,,2026-09-09T21:59:33+09:00
2023-07-13,456040,OCI,17,7136602900,156700,2591.23,,2026-09-09T21:59:33+09:00
2023-07-13,035420,NAVER,18,7061510700,199700,2591.23,,2026-09-09T21:59:33+09:00
2023-07-13,034730,SK,19,6700366200,147500,2591.23,,2026-09-09T21:59:33+09:00
2023-07-13,001570,금양,20,6315766100,95000,2591.23,,2026-09-09T21:59:33+09:00
2023-07-14,005930,삼성전자,1,352680389600,73400,2628.3,,2026-09-09T21:59:38+09:00
2023-07-14,000660,SK하이닉스,2,136331040700,118000,2628.3,,2026-09-09T21:59:38+09:00
2023-07-14,001570,금양,3,56211140400,101300,2628.3,,2026-09-09T21:59:38+09:00
2023-07-14,012330,현대모비스,4,39451532500,248500,2628.3,,2026-09-09T21:59:38+09:00
2023-07-14,005380,현대차,5,35314793500,208500,2628.3,,2026-09-09T21:59:38+09:00
2023-07-14,007660,이수페타시스,6,30212968100,38150,2628.3,,2026-09-09T21:59:38+09:00
2023-07-14,105560,KB금융,7,26699068100,48750,2628.3,,2026-09-09T21:59:38+09:00
2023-07-14,066570,LG전자,8,21161182600,125400,2628.3,,2026-09-09T21:59:38+09:00
2023-07-14,010140,삼성중공업,9,17677123840,8310,2628.3,,2026-09-09T21:59:38+09:00
2023-07-14,005935,삼성전자우,10,15485748900,60300,2628.3,,2026-09-09T21:59:38+09:00
2023-07-14,035420,NAVER,11,14616561000,204500,2628.3,,2026-09-09T21:59:38+09:00
2023-07-14,035720,카카오,12,13922031300,52800,2628.3,,2026-09-09T21:59:38+09:00
2023-07-14,009150,삼성전기,13,13102452000,150300,2628.3,,2026-09-09T21:59:38+09:00
2023-07-14,011070,LG이노텍,14,12763136500,294000,2628.3,,2026-09-09T21:59:38+09:00
2023-07-14,323410,카카오뱅크,15,12030307950,25700,2628.3,,2026-09-09T21:59:38+09:00
2023-07-14,138040,메리츠금융지주,16,11753715600,45550,2628.3,,2026-09-09T21:59:38+09:00
2023-07-14,006740,영풍제지,17,10709608950,27950,2628.3,,2026-09-09T21:59:38+09:00
2023-07-14,006400,삼성SDI,18,8971471000,716000,2628.3,,2026-09-09T21:59:38+09:00
2023-07-14,003490,대한항공,19,7370573850,26100,2628.3,,2026-09-09T21:59:38+09:00
2023-07-14,016360,삼성증권,20,6892179500,36900,2628.3,,2026-09-09T21:59:38+09:00
2023-07-17,005930,삼성전자,1,113030452800,73300,2619.0,,2026-09-09T21:59:47+09:00
2023-07-17,009150,삼성전기,2,48590013000,158000,2619.0,,2026-09-09T21:59:47+09:00
2023-07-17,001570,금양,3,37685608200,112500,2619.0,,2026-09-09T21:59:47+09:00
2023-07-17,005070,코스모신소재,4,19825939000,201000,2619.0,,2026-09-09T21:59:47+09:00
2023-07-17,005935,삼성전자우,5,17457443900,60200,2619.0,,2026-09-09T21:59:47+09:00
2023-07-17,035720,카카오,6,14234884600,52700,2619.0,,2026-09-09T21:59:47+09:00
2023-07-17,323410,카카오뱅크,7,10386298150,25950,2619.0,,2026-09-09T21:59:47+09:00
2023-07-17,047040,대우건설,8,7406164880,4695,2619.0,,2026-09-09T21:59:47+09:00
2023-07-17,248070,솔루엠,9,7194941800,30350,2619.0,,2026-09-09T21:59:47+09:00
2023-07-17,011200,HMM,10,7065915150,19200,2619.0,,2026-09-09T21:59:47+09:00
2023-07-17,064350,현대로템,11,6832454550,33700,2619.0,,2026-09-09T21:59:47+09:00
2023-07-17,002710,TCC스틸,12,6631822300,54900,2619.0,,2026-09-09T21:59:47+09:00
2023-07-17,377300,카카오페이,13,6400596500,51900,2619.0,,2026-09-09T21:59:47+09:00
2023-07-17,018260,삼성에스디에스,14,6044608600,133600,2619.0,,2026-09-09T21:59:47+09:00
2023-07-17,010120,LS ELECTRIC,15,5572028800,87900,2619.0,,2026-09-09T21:59:47+09:00
2023-07-17,003490,대한항공,16,4546163800,25750,2619.0,,2026-09-09T21:59:47+09:00
2023-07-17,000990,DB하이텍,17,3942280900,61900,2619.0,,2026-09-09T21:59:47+09:00
2023-07-17,161000,애경케미칼,18,3727836750,23400,2619.0,,2026-09-09T21:59:47+09:00
2023-07-17,007070,GS리테일,19,3571648450,21750,2619.0,,2026-09-09T21:59:47+09:00
2023-07-17,267260,HD현대일렉트릭,20,3539842700,68700,2619.0,,2026-09-09T21:59:47+09:00
2023-07-18,003670,포스코퓨처엠,1,154891787000,458000,2607.62,,2026-09-09T21:59:52+09:00
2023-07-18,383220,F&F,2,32111412300,114600,2607.62,,2026-09-09T21:59:52+09:00
2023-07-18,035720,카카오,3,23352099800,51800,2607.62,,2026-09-09T21:59:52+09:00
2023-07-18,005935,삼성전자우,4,16804022400,59900,2607.62,,2026-09-09T21:59:52+09:00
2023-07-18,000270,기아,5,15519826200,85900,2607.62,,2026-09-09T21:59:52+09:00
2023-07-18,005380,현대차,6,13540077000,201500,2607.62,,2026-09-09T21:59:52+09:00
2023-07-18,005420,코스모화학,7,10691029000,62900,2607.62,,2026-09-09T21:59:52+09:00
2023-07-18,361610,SK아이이테크놀로지,8,8468336300,92900,2607.62,,2026-09-09T21:59:52+09:00
2023-07-18,042660,한화오션,9,7463067750,46500,2607.62,,2026-09-09T21:59:52+09:00
2023-07-18,042700,한미반도체,10,7012055850,49550,2607.62,,2026-09-09T21:59:52+09:00
2023-07-18,329180,HD현대중공업,11,6682280000,142700,2607.62,,2026-09-09T21:59:52+09:00
2023-07-18,009540,HD한국조선해양,12,6530262400,124800,2607.62,,2026-09-09T21:59:52+09:00
2023-07-18,028050,삼성엔지니어링,13,6055272900,32500,2607.62,,2026-09-09T21:59:52+09:00
2023-07-18,003490,대한항공,14,5746682200,25750,2607.62,,2026-09-09T21:59:52+09:00
2023-07-18,000660,SK하이닉스,15,5619800700,117800,2607.62,,2026-09-09T21:59:52+09:00
2023-07-18,267270,HD현대건설기계,16,4907010900,79000,2607.62,,2026-09-09T21:59:52+09:00
2023-07-18,241560,두산밥캣,17,4692208700,59000,2607.62,,2026-09-09T21:59:52+09:00
2023-07-18,204320,HL만도,18,4436472900,50000,2607.62,,2026-09-09T21:59:52+09:00
2023-07-18,096770,SK이노베이션,19,4228924400,170500,2607.62,,2026-09-09T21:59:52+09:00
2023-07-18,005830,DB손해보험,20,4225914500,72400,2607.62,,2026-09-09T21:59:52+09:00
2023-07-19,003670,포스코퓨처엠,1,38654765500,480000,2608.24,,2026-09-09T21:59:57+09:00
2023-07-19,005930,삼성전자,2,34019147600,71700,2608.24,,2026-09-09T21:59:57+09:00
2023-07-19,005380,현대차,3,21912967500,202000,2608.24,,2026-09-09T21:59:57+09:00
2023-07-19,066570,LG전자,4,16166716900,123500,2608.24,,2026-09-09T21:59:57+09:00
2023-07-19,383220,F&F,5,14197977400,105300,2608.24,,2026-09-09T21:59:57+09:00
2023-07-19,005935,삼성전자우,6,11528092200,59800,2608.24,,2026-09-09T21:59:57+09:00
2023-07-19,000270,기아,7,10891094400,86000,2608.24,,2026-09-09T21:59:57+09:00
2023-07-19,042670,HD현대인프라코어,8,10521186970,11520,2608.24,,2026-09-09T21:59:57+09:00
2023-07-19,010140,삼성중공업,9,10172651130,8560,2608.24,,2026-09-09T21:59:57+09:00
2023-07-19,007660,이수페타시스,10,8709287400,34750,2608.24,,2026-09-09T21:59:57+09:00
2023-07-19,011200,HMM,11,7634742060,19020,2608.24,,2026-09-09T21:59:57+09:00
2023-07-19,003490,대한항공,12,7079272300,25450,2608.24,,2026-09-09T21:59:57+09:00
2023-07-19,086280,현대글로비스,13,6711614800,188000,2608.24,,2026-09-09T21:59:57+09:00
2023-07-19,012330,현대모비스,14,6130371500,244000,2608.24,,2026-09-09T21:59:57+09:00
2023-07-19,009540,HD한국조선해양,15,5898185400,126500,2608.24,,2026-09-09T21:59:57+09:00
2023-07-19,011810,STX,16,5685984920,14440,2608.24,,2026-09-09T21:59:57+09:00
2023-07-19,307950,현대오토에버,17,5529886700,147600,2608.24,,2026-09-09T21:59:57+09:00
2023-07-19,302440,SK바이오사이언스,18,5186464500,76000,2608.24,,2026-09-09T21:59:57+09:00
2023-07-19,006740,영풍제지,19,5128237200,30450,2608.24,,2026-09-09T21:59:57+09:00
2023-07-19,068270,셀트리온,20,5067254800,149900,2608.24,,2026-09-09T21:59:57+09:00
2023-07-20,011200,HMM,1,39925422410,20300,2600.23,,2026-09-09T22:00:02+09:00
2023-07-20,035420,NAVER,2,27866887000,204500,2600.23,,2026-09-09T22:00:02+09:00
2023-07-20,361610,SK아이이테크놀로지,3,23572288200,95300,2600.23,,2026-09-09T22:00:02+09:00
2023-07-20,005935,삼성전자우,4,21812789500,59700,2600.23,,2026-09-09T22:00:02+09:00
2023-07-20,047050,포스코인터내셔널,5,21808363900,48800,2600.23,,2026-09-09T22:00:02+09:00
2023-07-20,003490,대한항공,6,21550013350,26250,2600.23,,2026-09-09T22:00:02+09:00
2023-07-20,096770,SK이노베이션,7,19460438900,173700,2600.23,,2026-09-09T22:00:02+09:00
2023-07-20,051910,LG화학,8,16333741000,685000,2600.23,,2026-09-09T22:00:02+09:00
2023-07-20,005070,코스모신소재,9,15965879000,206000,2600.23,,2026-09-09T22:00:02+09:00
2023-07-20,138040,메리츠금융지주,10,13760882350,47150,2600.23,,2026-09-09T22:00:02+09:00
2023-07-20,005380,현대차,11,11787113000,200500,2600.23,,2026-09-09T22:00:02+09:00
2023-07-20,035720,카카오,12,9090221200,50500,2600.23,,2026-09-09T22:00:02+09:00
2023-07-20,086280,현대글로비스,13,9000034800,187300,2600.23,,2026-09-09T22:00:02+09:00
2023-07-20,100090,SK오션플랜트,14,8199911900,22250,2600.23,,2026-09-09T22:00:02+09:00
2023-07-20,112610,씨에스윈드,15,8067945400,84000,2600.23,,2026-09-09T22:00:02+09:00
2023-07-20,105560,KB금융,16,7928587450,48200,2600.23,,2026-09-09T22:00:02+09:00
2023-07-20,042660,한화오션,17,7258641900,44350,2600.23,,2026-09-09T22:00:02+09:00
2023-07-20,011790,SKC,18,7007251800,97900,2600.23,,2026-09-09T22:00:02+09:00
2023-07-20,011170,롯데케미칼,19,6784302700,148900,2600.23,,2026-09-09T22:00:02+09:00
2023-07-20,383220,F&F,20,6414201900,105000,2600.23,,2026-09-09T22:00:02+09:00
2023-07-21,373220,LG에너지솔루션,1,37831435000,569000,2609.76,,2026-09-09T22:00:07+09:00
2023-07-21,001570,금양,2,37613425000,122400,2609.76,,2026-09-09T22:00:07+09:00
2023-07-21,003670,포스코퓨처엠,3,16827007000,490500,2609.76,,2026-09-09T22:00:07+09:00
2023-07-21,042660,한화오션,4,13635872750,44000,2609.76,,2026-09-09T22:00:07+09:00
2023-07-21,000270,기아,5,13555325500,84500,2609.76,,2026-09-09T22:00:07+09:00
2023-07-21,068270,셀트리온,6,12197049700,151000,2609.76,,2026-09-09T22:00:07+09:00
2023-07-21,112610,씨에스윈드,7,11619377300,80100,2609.76,,2026-09-09T22:00:07+09:00
2023-07-21,105560,KB금융,8,10948842550,48650,2609.76,,2026-09-09T22:00:07+09:00
2023-07-21,005070,코스모신소재,9,10870981600,207000,2609.76,,2026-09-09T22:00:07+09:00
2023-07-21,066570,LG전자,10,10828598700,120800,2609.76,,2026-09-09T22:00:07+09:00
2023-07-21,000100,유한양행,11,10639384800,67000,2609.76,,2026-09-09T22:00:07+09:00
2023-07-21,035420,NAVER,12,10358652000,206000,2609.76,,2026-09-09T22:00:07+09:00
2023-07-21,086280,현대글로비스,13,9694496700,185000,2609.76,,2026-09-09T22:00:07+09:00
2023-07-21,028050,삼성엔지니어링,14,9658976900,33450,2609.76,,2026-09-09T22:00:07+09:00
2023-07-21,002710,TCC스틸,15,8235790800,58900,2609.76,,2026-09-09T22:00:07+09:00
2023-07-21,383220,F&F,16,6651998500,103300,2609.76,,2026-09-09T22:00:07+09:00
2023-07-21,010140,삼성중공업,17,6314926430,8590,2609.76,,2026-09-09T22:00:07+09:00
2023-07-21,302440,SK바이오사이언스,18,5832387100,77500,2609.76,,2026-09-09T22:00:07+09:00
2023-07-21,138040,메리츠금융지주,19,5651946500,48000,2609.76,,2026-09-09T22:00:07+09:00
2023-07-21,028260,삼성물산,20,5016755400,103700,2609.76,,2026-09-09T22:00:07+09:00
2023-07-24,005930,삼성전자,1,210994171300,70400,2628.53,,2026-09-09T22:00:16+09:00
2023-07-24,373220,LG에너지솔루션,2,97698674000,597000,2628.53,,2026-09-09T22:00:16+09:00
2023-07-24,006400,삼성SDI,3,56339983000,712000,2628.53,,2026-09-09T22:00:16+09:00
2023-07-24,047050,포스코인터내셔널,4,35856899500,66000,2628.53,,2026-09-09T22:00:16+09:00
2023-07-24,006740,영풍제지,5,33751762150,34600,2628.53,,2026-09-09T22:00:16+09:00
2023-07-24,096770,SK이노베이션,6,26213944000,196500,2628.53,,2026-09-09T22:00:16+09:00
2023-07-24,352820,하이브,7,21395985500,262000,2628.53,,2026-09-09T22:00:16+09:00
2023-07-24,005380,현대차,8,17456855400,199200,2628.53,,2026-09-09T22:00:16+09:00
2023-07-24,007660,이수페타시스,9,16683850900,41850,2628.53,,2026-09-09T22:00:16+09:00
2023-07-24,035420,NAVER,10,10751101000,203000,2628.53,,2026-09-09T22:00:16+09:00
2023-07-24,066570,LG전자,11,10608508100,120000,2628.53,,2026-09-09T22:00:16+09:00
2023-07-24,042670,HD현대인프라코어,12,10581989100,11970,2628.53,,2026-09-09T22:00:16+09:00
2023-07-24,012330,현대모비스,13,9805573500,240000,2628.53,,2026-09-09T22:00:16+09:00
2023-07-24,361610,SK아이이테크놀로지,14,8548154900,100000,2628.53,,2026-09-09T22:00:16+09:00
2023-07-24,009830,한화솔루션,15,8468465850,43200,2628.53,,2026-09-09T22:00:16+09:00
2023-07-24,009540,HD한국조선해양,16,8394861000,126400,2628.53,,2026-09-09T22:00:16+09:00
2023-07-24,034020,두산에너빌리티,17,7824397960,17280,2628.53,,2026-09-09T22:00:16+09:00
2023-07-24,005935,삼성전자우,18,6964472900,58300,2628.53,,2026-09-09T22:00:16+09:00
2023-07-24,003490,대한항공,19,6726568650,25600,2628.53,,2026-09-09T22:00:16+09:00
2023-07-24,004020,현대제철,20,6463590550,33950,2628.53,,2026-09-09T22:00:16+09:00
2023-07-25,005930,삼성전자,1,63586781700,70000,2636.46,,2026-09-09T22:00:21+09:00
2023-07-25,042670,HD현대인프라코어,2,38851177000,14090,2636.46,,2026-09-09T22:00:21+09:00
2023-07-25,005935,삼성전자우,3,29335774900,58300,2636.46,,2026-09-09T22:00:21+09:00
2023-07-25,006400,삼성SDI,4,22978305000,712000,2636.46,,2026-09-09T22:00:21+09:00
2023-07-25,005380,현대차,5,20898163000,200500,2636.46,,2026-09-09T22:00:21+09:00
2023-07-25,096770,SK이노베이션,6,19035039200,205500,2636.46,,2026-09-09T22:00:21+09:00
2023-07-25,035420,NAVER,7,15247388500,201000,2636.46,,2026-09-09T22:00:21+09:00
2023-07-25,009830,한화솔루션,8,14194435550,43050,2636.46,,2026-09-09T22:00:21+09:00
2023-07-25,034020,두산에너빌리티,9,13745849900,17710,2636.46,,2026-09-09T22:00:21+09:00
2023-07-25,010140,삼성중공업,10,10903903290,8500,2636.46,,2026-09-09T22:00:21+09:00
2023-07-25,352820,하이브,11,9590567500,271000,2636.46,,2026-09-09T22:00:21+09:00
2023-07-25,009540,HD한국조선해양,12,9046684700,127200,2636.46,,2026-09-09T22:00:21+09:00
2023-07-25,006260,LS,13,8427006900,120100,2636.46,,2026-09-09T22:00:21+09:00
2023-07-25,105560,KB금융,14,7794367750,47650,2636.46,,2026-09-09T22:00:21+09:00
2023-07-25,003490,대한항공,15,7450841550,24750,2636.46,,2026-09-09T22:00:21+09:00
2023-07-25,051900,LG생활건강,16,7293527000,432000,2636.46,,2026-09-09T22:00:21+09:00
2023-07-25,012330,현대모비스,17,7202906000,241000,2636.46,,2026-09-09T22:00:21+09:00
2023-07-25,012450,한화에어로스페이스,18,7093273700,133000,2636.46,,2026-09-09T22:00:21+09:00
2023-07-25,042660,한화오션,19,7046456000,45350,2636.46,,2026-09-09T22:00:21+09:00
2023-07-25,112610,씨에스윈드,20,4941895200,79800,2636.46,,2026-09-09T22:00:21+09:00
2023-07-26,096770,SK이노베이션,1,78868251100,204500,2592.36,,2026-09-09T22:00:26+09:00
2023-07-26,361610,SK아이이테크놀로지,2,73907497800,108600,2592.36,,2026-09-09T22:00:26+09:00
2023-07-26,373220,LG에너지솔루션,3,53824189000,580000,2592.36,,2026-09-09T22:00:26+09:00
2023-07-26,006400,삼성SDI,4,39962866000,703000,2592.36,,2026-09-09T22:00:26+09:00
2023-07-26,051910,LG화학,5,27629200000,728000,2592.36,,2026-09-09T22:00:26+09:00
2023-07-26,011790,SKC,6,22044683200,103000,2592.36,,2026-09-09T22:00:26+09:00
2023-07-26,010140,삼성중공업,7,18607939790,8370,2592.36,,2026-09-09T22:00:26+09:00
2023-07-26,105560,KB금융,8,18061146150,49600,2592.36,,2026-09-09T22:00:26+09:00
2023-07-26,066570,LG전자,9,16546607600,116300,2592.36,,2026-09-09T22:00:26+09:00
2023-07-26,020150,롯데에너지머티리얼즈,10,14867778400,56700,2592.36,,2026-09-09T22:00:26+09:00
2023-07-26,035420,NAVER,11,13355330800,197700,2592.36,,2026-09-09T22:00:26+09:00
2023-07-26,068270,셀트리온,12,12580154900,142400,2592.36,,2026-09-09T22:00:26+09:00
2023-07-26,012330,현대모비스,13,11743750000,235000,2592.36,,2026-09-09T22:00:26+09:00
2023-07-26,001470,삼부토건,14,10630474870,3740,2592.36,,2026-09-09T22:00:26+09:00
2023-07-26,074610,이엔플러스,15,9561370480,7120,2592.36,,2026-09-09T22:00:26+09:00
2023-07-26,035720,카카오,16,8967641350,47800,2592.36,,2026-09-09T22:00:26+09:00
2023-07-26,457190,이수스페셜티케미컬,17,7215330500,271000,2592.36,,2026-09-09T22:00:26+09:00
2023-07-26,138040,메리츠금융지주,18,7204559200,47950,2592.36,,2026-09-09T22:00:26+09:00
2023-07-26,003490,대한항공,19,6896045500,24150,2592.36,,2026-09-09T22:00:26+09:00
2023-07-26,009540,HD한국조선해양,20,6713244500,125900,2592.36,,2026-09-09T22:00:26+09:00
2023-07-27,000660,SK하이닉스,1,298323164400,124000,2603.81,,2026-09-09T22:00:31+09:00
2023-07-27,003670,포스코퓨처엠,2,106554939000,486000,2603.81,,2026-09-09T22:00:31+09:00
2023-07-27,005930,삼성전자,3,78057576300,71700,2603.81,,2026-09-09T22:00:31+09:00
2023-07-27,207940,삼성바이오로직스,4,71941263000,791000,2603.81,,2026-09-09T22:00:31+09:00
2023-07-27,035720,카카오,5,43849155450,50600,2603.81,,2026-09-09T22:00:31+09:00
2023-07-27,090430,아모레퍼시픽,6,33766906500,111300,2603.81,,2026-09-09T22:00:31+09:00
2023-07-27,055550,신한지주,7,32934661300,35150,2603.81,,2026-09-09T22:00:31+09:00
2023-07-27,316140,우리금융지주,8,29060281640,12140,2603.81,,2026-09-09T22:00:31+09:00
2023-07-27,005935,삼성전자우,9,24861989600,58600,2603.81,,2026-09-09T22:00:31+09:00
2023-07-27,035420,NAVER,10,19311653900,211500,2603.81,,2026-09-09T22:00:31+09:00
2023-07-27,009540,HD한국조선해양,11,17762088700,118500,2603.81,,2026-09-09T22:00:31+09:00
2023-07-27,352820,하이브,12,14817147500,261500,2603.81,,2026-09-09T22:00:31+09:00
2023-07-27,323410,카카오뱅크,13,13934098100,25700,2603.81,,2026-09-09T22:00:31+09:00
2023-07-27,002710,TCC스틸,14,11542773700,55900,2603.81,,2026-09-09T22:00:31+09:00
2023-07-27,004020,현대제철,15,11296662150,34950,2603.81,,2026-09-09T22:00:31+09:00
2023-07-27,086790,하나금융지주,16,11153554650,41200,2603.81,,2026-09-09T22:00:31+09:00
2023-07-27,024110,기업은행,17,9467000380,10390,2603.81,,2026-09-09T22:00:31+09:00
2023-07-27,329180,HD현대중공업,18,9325583600,130900,2603.81,,2026-09-09T22:00:31+09:00
2023-07-27,004170,신세계,19,8293646100,191800,2603.81,,2026-09-09T22:00:31+09:00
2023-07-27,042660,한화오션,20,7127279050,42150,2603.81,,2026-09-09T22:00:31+09:00
2023-07-28,000660,SK하이닉스,1,290494914500,128000,2608.32,,2026-09-09T22:00:35+09:00
2023-07-28,010140,삼성중공업,2,33853241510,8890,2608.32,,2026-09-09T22:00:35+09:00
2023-07-28,007660,이수페타시스,3,25686720350,40000,2608.32,,2026-09-09T22:00:35+09:00
2023-07-28,035420,NAVER,4,23339148000,211000,2608.32,,2026-09-09T22:00:35+09:00
2023-07-28,010120,LS ELECTRIC,5,21358445700,101000,2608.32,,2026-09-09T22:00:35+09:00
2023-07-28,000270,기아,6,20529935200,84200,2608.32,,2026-09-09T22:00:35+09:00
2023-07-28,207940,삼성바이오로직스,7,20526499000,784000,2608.32,,2026-09-09T22:00:35+09:00
2023-07-28,003670,포스코퓨처엠,8,18690736000,510000,2608.32,,2026-09-09T22:00:35+09:00
2023-07-28,047050,포스코인터내셔널,9,16087287300,80000,2608.32,,2026-09-09T22:00:35+09:00
2023-07-28,028050,삼성엔지니어링,10,14670108100,35750,2608.32,,2026-09-09T22:00:35+09:00
2023-07-28,005935,삼성전자우,11,13444266800,58600,2608.32,,2026-09-09T22:00:35+09:00
2023-07-28,055550,신한지주,12,11346515950,34900,2608.32,,2026-09-09T22:00:35+09:00
2023-07-28,042660,한화오션,13,10294388950,45200,2608.32,,2026-09-09T22:00:35+09:00
2023-07-28,009540,HD한국조선해양,14,8522743500,123700,2608.32,,2026-09-09T22:00:35+09:00
2023-07-28,006740,영풍제지,15,8253455100,40600,2608.32,,2026-09-09T22:00:35+09:00
2023-07-28,005420,코스모화학,16,8149275850,52400,2608.32,,2026-09-09T22:00:35+09:00
2023-07-28,012330,현대모비스,17,7787888000,232500,2608.32,,2026-09-09T22:00:35+09:00
2023-07-28,011200,HMM,18,7726808440,17610,2608.32,,2026-09-09T22:00:35+09:00
2023-07-28,001120,LX인터내셔널,19,6604735450,37600,2608.32,,2026-09-09T22:00:35+09:00
2023-07-28,361610,SK아이이테크놀로지,20,6506849600,102200,2608.32,,2026-09-09T22:00:35+09:00
2023-07-31,035420,NAVER,1,52809429500,227000,2632.58,,2026-09-09T22:00:44+09:00
2023-07-31,096770,SK이노베이션,2,37243831900,216000,2632.58,,2026-09-09T22:00:44+09:00
2023-07-31,001570,금양,3,36486645400,159100,2632.58,,2026-09-09T22:00:44+09:00
2023-07-31,012450,한화에어로스페이스,4,21241607300,122200,2632.58,,2026-09-09T22:00:44+09:00
2023-07-31,361610,SK아이이테크놀로지,5,20165814200,107300,2632.58,,2026-09-09T22:00:44+09:00
2023-07-31,298050,효성첨단소재,6,20151366500,475000,2632.58,,2026-09-09T22:00:44+09:00
2023-07-31,008770,호텔신라,7,19360846600,75300,2632.58,,2026-09-09T22:00:44+09:00
2023-07-31,028050,삼성엔지니어링,8,17711908550,37000,2632.58,,2026-09-09T22:00:44+09:00
2023-07-31,373220,LG에너지솔루션,9,16770381000,560000,2632.58,,2026-09-09T22:00:44+09:00
2023-07-31,035720,카카오,10,12882407700,51300,2632.58,,2026-09-09T22:00:44+09:00
2023-07-31,012330,현대모비스,11,11895086500,233000,2632.58,,2026-09-09T22:00:44+09:00
2023-07-31,352820,하이브,12,10775003000,262500,2632.58,,2026-09-09T22:00:44+09:00
2023-07-31,006360,GS건설,13,10036370830,14610,2632.58,,2026-09-09T22:00:44+09:00
2023-07-31,068270,셀트리온,14,8687488800,146600,2632.58,,2026-09-09T22:00:44+09:00
2023-07-31,034730,SK,15,8501657000,152800,2632.58,,2026-09-09T22:00:44+09:00
2023-07-31,011790,SKC,16,8195194800,99200,2632.58,,2026-09-09T22:00:44+09:00
2023-07-31,005420,코스모화학,17,8079651500,55500,2632.58,,2026-09-09T22:00:44+09:00
2023-07-31,042670,HD현대인프라코어,18,8040723860,12320,2632.58,,2026-09-09T22:00:44+09:00
2023-07-31,120110,코오롱인더,19,6470793100,51700,2632.58,,2026-09-09T22:00:44+09:00
2023-07-31,137310,에스디바이오센서,20,6346153870,12950,2632.58,,2026-09-09T22:00:44+09:00
2023-08-01,005930,삼성전자,1,126062506100,71100,2667.07,,2026-09-09T22:00:50+09:00
2023-08-01,035720,카카오,2,66911972800,54900,2667.07,,2026-09-09T22:00:50+09:00
2023-08-01,323410,카카오뱅크,3,48329642000,29650,2667.07,,2026-09-09T22:00:50+09:00
2023-08-01,005380,현대차,4,43547295700,199400,2667.07,,2026-09-09T22:00:50+09:00
2023-08-01,030200,KT,5,26017170500,31050,2667.07,,2026-09-09T22:00:50+09:00
2023-08-01,055550,신한지주,6,18596999500,35950,2667.07,,2026-09-09T22:00:50+09:00
2023-08-01,207940,삼성바이오로직스,7,18449164000,802000,2667.07,,2026-09-09T22:00:50+09:00
2023-08-01,003670,포스코퓨처엠,8,16716403000,509000,2667.07,,2026-09-09T22:00:50+09:00
2023-08-01,377300,카카오페이,9,12822902650,54200,2667.07,,2026-09-09T22:00:50+09:00
2023-08-01,007660,이수페타시스,10,12625744900,39900,2667.07,,2026-09-09T22:00:50+09:00
2023-08-01,028260,삼성물산,11,11814201200,106000,2667.07,,2026-09-09T22:00:50+09:00
2023-08-01,000150,두산,12,10654658600,116300,2667.07,,2026-09-09T22:00:50+09:00
2023-08-01,011200,HMM,13,10397156040,18120,2667.07,,2026-09-09T22:00:50+09:00
2023-08-01,042660,한화오션,14,10281216200,48900,2667.07,,2026-09-09T22:00:50+09:00
2023-08-01,000990,DB하이텍,15,10236278300,61200,2667.07,,2026-09-09T22:00:50+09:00
2023-08-01,011790,SKC,16,10232607900,103000,2667.07,,2026-09-09T22:00:50+09:00
2023-08-01,302440,SK바이오사이언스,17,10207064700,77400,2667.07,,2026-09-09T22:00:50+09:00
2023-08-01,326030,SK바이오팜,18,10172443600,90000,2667.07,,2026-09-09T22:00:50+09:00
2023-08-01,011170,롯데케미칼,19,10172352700,159000,2667.07,,2026-09-09T22:00:50+09:00
2023-08-01,105560,KB금융,20,9799404000,52800,2667.07,,2026-09-09T22:00:50+09:00
2023-08-02,005490,POSCO홀딩스,1,76207691000,585000,2616.47,,2026-09-09T22:00:55+09:00
2023-08-02,003670,포스코퓨처엠,2,59240093000,486000,2616.47,,2026-09-09T22:00:55+09:00
2023-08-02,000660,SK하이닉스,3,23502203200,119500,2616.47,,2026-09-09T22:00:55+09:00
2023-08-02,034020,두산에너빌리티,4,20019246170,17690,2616.47,,2026-09-09T22:00:55+09:00
2023-08-02,005935,삼성전자우,5,18995806200,57800,2616.47,,2026-09-09T22:00:55+09:00
2023-08-02,005930,삼성전자,6,17899610600,69900,2616.47,,2026-09-09T22:00:55+09:00
2023-08-02,002710,TCC스틸,7,16348099705,59300,2616.47,,2026-09-09T22:00:55+09:00
2023-08-02,105560,KB금융,8,13940276600,52600,2616.47,,2026-09-09T22:00:55+09:00
2023-08-02,352820,하이브,9,12438385000,252000,2616.47,,2026-09-09T22:00:55+09:00
2023-08-02,006740,영풍제지,10,12436809200,46000,2616.47,,2026-09-09T22:00:55+09:00
2023-08-02,000150,두산,11,12205467600,109900,2616.47,,2026-09-09T22:00:55+09:00
2023-08-02,028050,삼성엔지니어링,12,9519590850,36900,2616.47,,2026-09-09T22:00:55+09:00
2023-08-02,010140,삼성중공업,13,9260466830,9110,2616.47,,2026-09-09T22:00:55+09:00
2023-08-02,003550,LG,14,8022564100,86100,2616.47,,2026-09-09T22:00:55+09:00
2023-08-02,010130,고려아연,15,7540083500,497000,2616.47,,2026-09-09T22:00:55+09:00
2023-08-02,028260,삼성물산,16,7333179400,104600,2616.47,,2026-09-09T22:00:55+09:00
2023-08-02,009150,삼성전기,17,6937759100,156100,2616.47,,2026-09-09T22:00:55+09:00
2023-08-02,267270,HD현대건설기계,18,6924174800,77000,2616.47,,2026-09-09T22:00:55+09:00
2023-08-02,035720,카카오,19,6677597700,53200,2616.47,,2026-09-09T22:00:55+09:00
2023-08-02,307950,현대오토에버,20,6417665800,160000,2616.47,,2026-09-09T22:00:55+09:00
2023-08-03,000660,SK하이닉스,1,40650616700,120000,2605.39,,2026-09-09T22:01:00+09:00
2023-08-03,302440,SK바이오사이언스,2,22491145900,84300,2605.39,,2026-09-09T22:01:00+09:00
2023-08-03,012330,현대모비스,3,15052889000,230000,2605.39,,2026-09-09T22:01:00+09:00
2023-08-03,051910,LG화학,4,14442062000,643000,2605.39,,2026-09-09T22:01:00+09:00
2023-08-03,207940,삼성바이오로직스,5,13440273000,807000,2605.39,,2026-09-09T22:01:00+09:00
2023-08-03,028050,삼성엔지니어링,6,12595229550,36400,2605.39,,2026-09-09T22:01:00+09:00
2023-08-03,353200,대덕전자,7,12512591350,32600,2605.39,,2026-09-09T22:01:00+09:00
2023-08-03,005490,POSCO홀딩스,8,11582026000,592000,2605.39,,2026-09-09T22:01:00+09:00
2023-08-03,068270,셀트리온,9,10900681200,151200,2605.39,,2026-09-09T22:01:00+09:00
2023-08-03,009540,HD한국조선해양,10,9744243100,120000,2605.39,,2026-09-09T22:01:00+09:00
2023-08-03,010950,S-Oil,11,9708800500,77100,2605.39,,2026-09-09T22:01:00+09:00
2023-08-03,028260,삼성물산,12,8199115300,105400,2605.39,,2026-09-09T22:01:00+09:00
2023-08-03,000270,기아,13,8104395000,80700,2605.39,,2026-09-09T22:01:00+09:00
2023-08-03,352820,하이브,14,7729435500,248000,2605.39,,2026-09-09T22:01:00+09:00
2023-08-03,323410,카카오뱅크,15,7024461400,28350,2605.39,,2026-09-09T22:01:00+09:00
2023-08-03,004020,현대제철,16,5767243300,36900,2605.39,,2026-09-09T22:01:00+09:00
2023-08-03,298020,효성티앤씨,17,5596161000,345500,2605.39,,2026-09-09T22:01:00+09:00
2023-08-03,001570,금양,18,5352975800,149000,2605.39,,2026-09-09T22:01:00+09:00
2023-08-03,457190,이수스페셜티케미컬,19,5303901500,244000,2605.39,,2026-09-09T22:01:00+09:00
2023-08-03,112610,씨에스윈드,20,5041339500,72500,2605.39,,2026-09-09T22:01:00+09:00
2023-08-04,047050,포스코인터내셔널,1,48632183600,85100,2602.8,,2026-09-09T22:01:04+09:00
2023-08-04,352820,하이브,2,24741682000,272000,2602.8,,2026-09-09T22:01:04+09:00
2023-08-04,005380,현대차,3,17371644800,192200,2602.8,,2026-09-09T22:01:04+09:00
2023-08-04,000660,SK하이닉스,4,12878608300,120100,2602.8,,2026-09-09T22:01:04+09:00
2023-08-04,007660,이수페타시스,5,12101760200,31600,2602.8,,2026-09-09T22:01:04+09:00
2023-08-04,006260,LS,6,12066985400,112600,2602.8,,2026-09-09T22:01:04+09:00
2023-08-04,011200,HMM,7,11018077670,17940,2602.8,,2026-09-09T22:01:04+09:00
2023-08-04,241560,두산밥캣,8,10380359700,54100,2602.8,,2026-09-09T22:01:04+09:00
2023-08-04,028050,삼성엔지니어링,9,9579652750,35800,2602.8,,2026-09-09T22:01:04+09:00
2023-08-04,010140,삼성중공업,10,9133012940,8910,2602.8,,2026-09-09T22:01:04+09:00
2023-08-04,326030,SK바이오팜,11,6275626000,96300,2602.8,,2026-09-09T22:01:04+09:00
2023-08-04,000120,CJ대한통운,12,5197834900,82500,2602.8,,2026-09-09T22:01:04+09:00
2023-08-04,010120,LS ELECTRIC,13,4852331900,100000,2602.8,,2026-09-09T22:01:04+09:00
2023-08-04,323410,카카오뱅크,14,4707123400,28700,2602.8,,2026-09-09T22:01:04+09:00
2023-08-04,042670,HD현대인프라코어,15,4434461920,11050,2602.8,,2026-09-09T22:01:04+09:00
2023-08-04,001570,금양,16,4303537900,155400,2602.8,,2026-09-09T22:01:04+09:00
2023-08-04,004170,신세계,17,4231839800,199300,2602.8,,2026-09-09T22:01:04+09:00
2023-08-04,011170,롯데케미칼,18,4115973900,157200,2602.8,,2026-09-09T22:01:04+09:00
2023-08-04,071970,STX중공업,19,4073765840,12550,2602.8,,2026-09-09T22:01:04+09:00
2023-08-04,047810,한국항공우주,20,4015824400,49250,2602.8,,2026-09-09T22:01:04+09:00
2023-08-07,005930,삼성전자,1,97914881200,68500,2580.71,,2026-09-09T22:01:14+09:00
2023-08-07,000660,SK하이닉스,2,80670295300,121900,2580.71,,2026-09-09T22:01:14+09:00
2023-08-07,003670,포스코퓨처엠,3,68971884500,439000,2580.71,,2026-09-09T22:01:14+09:00
2023-08-07,005490,POSCO홀딩스,4,48752165000,561000,2580.71,,2026-09-09T22:01:14+09:00
2023-08-07,012330,현대모비스,5,21019043000,226500,2580.71,,2026-09-09T22:01:14+09:00
2023-08-07,035420,NAVER,6,17806362000,234500,2580.71,,2026-09-09T22:01:14+09:00
2023-08-07,006740,영풍제지,7,15563456300,49500,2580.71,,2026-09-09T22:01:14+09:00
2023-08-07,005070,코스모신소재,8,14561735000,157800,2580.71,,2026-09-09T22:01:14+09:00
2023-08-07,035720,카카오,9,13452976200,52700,2580.71,,2026-09-09T22:01:14+09:00
2023-08-07,457190,이수스페셜티케미컬,10,10707403500,206500,2580.71,,2026-09-09T22:01:14+09:00
2023-08-07,006260,LS,11,7846736500,109900,2580.71,,2026-09-09T22:01:14+09:00
2023-08-07,005850,에스엘,12,7657107600,34200,2580.71,,2026-09-09T22:01:14+09:00
2023-08-07,030200,KT,13,7375461000,32000,2580.71,,2026-09-09T22:01:14+09:00
2023-08-07,042660,한화오션,14,6949779950,45250,2580.71,,2026-09-09T22:01:14+09:00
2023-08-07,055550,신한지주,15,6931424500,35550,2580.71,,2026-09-09T22:01:14+09:00
2023-08-07,241560,두산밥캣,16,6282240300,55400,2580.71,,2026-09-09T22:01:14+09:00
2023-08-07,047050,포스코인터내셔널,17,5992901300,76400,2580.71,,2026-09-09T22:01:14+09:00
2023-08-07,010120,LS ELECTRIC,18,5714255400,99500,2580.71,,2026-09-09T22:01:14+09:00
2023-08-07,010690,화신,19,5657099300,15830,2580.71,,2026-09-09T22:01:14+09:00
2023-08-07,071050,한국금융지주,20,5595686400,52700,2580.71,,2026-09-09T22:01:14+09:00
2023-08-08,047050,포스코인터내셔널,1,55401841500,87000,2573.98,,2026-09-09T22:01:19+09:00
2023-08-08,373220,LG에너지솔루션,2,25852312000,525000,2573.98,,2026-09-09T22:01:19+09:00
2023-08-08,005380,현대차,3,19723421000,188400,2573.98,,2026-09-09T22:01:19+09:00
2023-08-08,003490,대한항공,4,18917557950,24550,2573.98,,2026-09-09T22:01:19+09:00
2023-08-08,010140,삼성중공업,5,17946948760,9160,2573.98,,2026-09-09T22:01:19+09:00
2023-08-08,323410,카카오뱅크,6,14822772950,28300,2573.98,,2026-09-09T22:01:19+09:00
2023-08-08,009150,삼성전기,7,14387664200,151300,2573.98,,2026-09-09T22:01:19+09:00
2023-08-08,010120,LS ELECTRIC,8,11293737000,102200,2573.98,,2026-09-09T22:01:19+09:00
2023-08-08,005070,코스모신소재,9,10519818700,161900,2573.98,,2026-09-09T22:01:19+09:00
2023-08-08,030200,KT,10,10278334000,31950,2573.98,,2026-09-09T22:01:19+09:00
2023-08-08,105560,KB금융,11,9970377700,51800,2573.98,,2026-09-09T22:01:19+09:00
2023-08-08,010130,고려아연,12,9309876000,505000,2573.98,,2026-09-09T22:01:19+09:00
2023-08-08,064350,현대로템,13,8915949650,29650,2573.98,,2026-09-09T22:01:19+09:00
2023-08-08,012330,현대모비스,14,7255434500,227500,2573.98,,2026-09-09T22:01:19+09:00
2023-08-08,000810,삼성화재,15,6156276500,253000,2573.98,,2026-09-09T22:01:19+09:00
2023-08-08,241560,두산밥캣,16,5590616800,57000,2573.98,,2026-09-09T22:01:19+09:00
2023-08-08,207940,삼성바이오로직스,17,5439004000,790000,2573.98,,2026-09-09T22:01:19+09:00
2023-08-08,006260,LS,18,5437053400,115000,2573.98,,2026-09-09T22:01:19+09:00
2023-08-08,042660,한화오션,19,4926678250,46500,2573.98,,2026-09-09T22:01:19+09:00
2023-08-08,267260,HD현대일렉트릭,20,4693509500,76200,2573.98,,2026-09-09T22:01:19+09:00
2023-08-09,005930,삼성전자,1,244461063500,68900,2605.12,,2026-09-09T22:01:24+09:00
2023-08-09,373220,LG에너지솔루션,2,62261378000,553000,2605.12,,2026-09-09T22:01:24+09:00
2023-08-09,035420,NAVER,3,50937566500,227500,2605.12,,2026-09-09T22:01:24+09:00
2023-08-09,068270,셀트리온,4,32392016800,154900,2605.12,,2026-09-09T22:01:24+09:00
2023-08-09,000660,SK하이닉스,5,21247326400,118500,2605.12,,2026-09-09T22:01:24+09:00
2023-08-09,047050,포스코인터내셔널,6,13895997500,89000,2605.12,,2026-09-09T22:01:24+09:00
2023-08-09,001570,금양,7,12796334300,143100,2605.12,,2026-09-09T22:01:24+09:00
2023-08-09,051910,LG화학,8,8912218000,630000,2605.12,,2026-09-09T22:01:24+09:00
2023-08-09,020150,롯데에너지머티리얼즈,9,8751784700,54100,2605.12,,2026-09-09T22:01:24+09:00
2023-08-09,302440,SK바이오사이언스,10,8046390200,84500,2605.12,,2026-09-09T22:01:24+09:00
2023-08-09,323410,카카오뱅크,11,7647309300,28050,2605.12,,2026-09-09T22:01:24+09:00
2023-08-09,005380,현대차,12,7621312100,189400,2605.12,,2026-09-09T22:01:24+09:00
2023-08-09,005935,삼성전자우,13,7294367600,56800,2605.12,,2026-09-09T22:01:24+09:00
2023-08-09,207940,삼성바이오로직스,14,7278917000,798000,2605.12,,2026-09-09T22:01:24+09:00
2023-08-09,326030,SK바이오팜,15,7181659200,99300,2605.12,,2026-09-09T22:01:24+09:00
2023-08-09,010120,LS ELECTRIC,16,6647162800,104800,2605.12,,2026-09-09T22:01:24+09:00
2023-08-09,035720,카카오,17,6389020800,52800,2605.12,,2026-09-09T22:01:24+09:00
2023-08-09,128940,한미약품,18,6300214000,325500,2605.12,,2026-09-09T22:01:24+09:00
2023-08-09,003550,LG,19,6010378700,84000,2605.12,,2026-09-09T22:01:24+09:00
2023-08-09,066570,LG전자,20,5741883800,104700,2605.12,,2026-09-09T22:01:24+09:00
2023-08-10,008770,호텔신라,1,73749563600,86800,2601.56,,2026-09-09T22:01:29+09:00
2023-08-10,373220,LG에너지솔루션,2,26974276000,556000,2601.56,,2026-09-09T22:01:29+09:00
2023-08-10,003490,대한항공,3,16249515850,24850,2601.56,,2026-09-09T22:01:29+09:00
2023-08-10,096770,SK이노베이션,4,14176636800,190500,2601.56,,2026-09-09T22:01:29+09:00
2023-08-10,032350,롯데관광개발,5,8826892730,13350,2601.56,,2026-09-09T22:01:29+09:00
2023-08-10,323410,카카오뱅크,6,8283579900,27750,2601.56,,2026-09-09T22:01:29+09:00
2023-08-10,039130,하나투어,7,7388346600,52800,2601.56,,2026-09-09T22:01:29+09:00
2023-08-10,195870,해성디에스,8,7149039300,64200,2601.56,,2026-09-09T22:01:29+09:00
2023-08-10,004170,신세계,9,6851412500,211000,2601.56,,2026-09-09T22:01:29+09:00
2023-08-10,036570,엔씨소프트,10,6034156500,261500,2601.56,,2026-09-09T22:01:29+09:00
2023-08-10,069960,현대백화점,11,5907484100,65200,2601.56,,2026-09-09T22:01:29+09:00
2023-08-10,042660,한화오션,12,5799521750,46450,2601.56,,2026-09-09T22:01:29+09:00
2023-08-10,353200,대덕전자,13,5609258650,29350,2601.56,,2026-09-09T22:01:29+09:00
2023-08-10,034730,SK,14,5472092100,151200,2601.56,,2026-09-09T22:01:29+09:00
2023-08-10,086280,현대글로비스,15,5124454600,167500,2601.56,,2026-09-09T22:01:29+09:00
2023-08-10,010620,현대미포조선,16,4798616700,92900,2601.56,,2026-09-09T22:01:29+09:00
2023-08-10,248070,솔루엠,17,4765775400,28300,2601.56,,2026-09-09T22:01:29+09:00
2023-08-10,005380,현대차,18,4760340100,188400,2601.56,,2026-09-09T22:01:29+09:00
2023-08-10,282330,BGF리테일,19,4626966200,170000,2601.56,,2026-09-09T22:01:29+09:00
2023-08-10,064350,현대로템,20,4341664600,28950,2601.56,,2026-09-09T22:01:29+09:00
2023-08-11,000270,기아,1,29394649500,80300,2591.26,,2026-09-09T22:01:34+09:00
2023-08-11,012330,현대모비스,2,18136431500,233000,2591.26,,2026-09-09T22:01:34+09:00
2023-08-11,011790,SKC,3,15421421900,103700,2591.26,,2026-09-09T22:01:34+09:00
2023-08-11,005380,현대차,4,15214099200,190500,2591.26,,2026-09-09T22:01:34+09:00
2023-08-11,020150,롯데에너지머티리얼즈,5,14159876800,57500,2591.26,,2026-09-09T22:01:34+09:00
2023-08-11,006260,LS,6,13196408900,116500,2591.26,,2026-09-09T22:01:34+09:00
2023-08-11,042700,한미반도체,7,12876239600,47850,2591.26,,2026-09-09T22:01:34+09:00
2023-08-11,066570,LG전자,8,12157851800,103800,2591.26,,2026-09-09T22:01:34+09:00
2023-08-11,010120,LS ELECTRIC,9,12070042200,100300,2591.26,,2026-09-09T22:01:34+09:00
2023-08-11,042660,한화오션,10,10321662800,46400,2591.26,,2026-09-09T22:01:34+09:00
2023-08-11,008770,호텔신라,11,9968867400,89200,2591.26,,2026-09-09T22:01:34+09:00
2023-08-11,192820,코스맥스,12,8823460800,133100,2591.26,,2026-09-09T22:01:34+09:00
2023-08-11,259960,크래프톤,13,8747535500,163100,2591.26,,2026-09-09T22:01:34+09:00
2023-08-11,161890,한국콜마,14,8603900100,56800,2591.26,,2026-09-09T22:01:34+09:00
2023-08-11,005070,코스모신소재,15,8562438900,155900,2591.26,,2026-09-09T22:01:34+09:00
2023-08-11,009150,삼성전기,16,8056162100,151400,2591.26,,2026-09-09T22:01:34+09:00
2023-08-11,018880,한온시스템,17,6830850240,9610,2591.26,,2026-09-09T22:01:34+09:00
2023-08-11,248070,솔루엠,18,6282427800,29000,2591.26,,2026-09-09T22:01:34+09:00
2023-08-11,047810,한국항공우주,19,6154373850,49300,2591.26,,2026-09-09T22:01:34+09:00
2023-08-11,064350,현대로템,20,5308775000,30250,2591.26,,2026-09-09T22:01:34+09:00
2023-08-14,005490,POSCO홀딩스,1,60820040000,577000,2570.87,,2026-09-09T22:01:42+09:00
2023-08-14,047050,포스코인터내셔널,2,42989592700,90600,2570.87,,2026-09-09T22:01:42+09:00
2023-08-14,001570,금양,3,20839474000,131100,2570.87,,2026-09-09T22:01:42+09:00
2023-08-14,003670,포스코퓨처엠,4,20669832500,434000,2570.87,,2026-09-09T22:01:42+09:00
2023-08-14,005930,삼성전자,5,18439777500,67300,2570.87,,2026-09-09T22:01:42+09:00
2023-08-14,008770,호텔신라,6,17913946300,91000,2570.87,,2026-09-09T22:01:42+09:00
2023-08-14,009540,HD한국조선해양,7,13839623600,116500,2570.87,,2026-09-09T22:01:42+09:00
2023-08-14,035420,NAVER,8,13583308500,221000,2570.87,,2026-09-09T22:01:42+09:00
2023-08-14,192820,코스맥스,9,13359477600,142100,2570.87,,2026-09-09T22:01:42+09:00
2023-08-14,005070,코스모신소재,10,10662503300,154900,2570.87,,2026-09-09T22:01:42+09:00
2023-08-14,352820,하이브,11,8731228500,252000,2570.87,,2026-09-09T22:01:42+09:00
2023-08-14,012330,현대모비스,12,7914481500,233000,2570.87,,2026-09-09T22:01:42+09:00
2023-08-14,003230,삼양식품,13,7129323600,176900,2570.87,,2026-09-09T22:01:42+09:00
2023-08-14,010120,LS ELECTRIC,14,6165258400,102500,2570.87,,2026-09-09T22:01:42+09:00
2023-08-14,068270,셀트리온,15,5803229100,154000,2570.87,,2026-09-09T22:01:42+09:00
2023-08-14,207940,삼성바이오로직스,16,5766236000,794000,2570.87,,2026-09-09T22:01:42+09:00
2023-08-14,323410,카카오뱅크,17,5029684350,27100,2570.87,,2026-09-09T22:01:42+09:00
2023-08-14,032350,롯데관광개발,18,4950453750,14790,2570.87,,2026-09-09T22:01:42+09:00
2023-08-14,195870,해성디에스,19,4804296600,61800,2570.87,,2026-09-09T22:01:42+09:00
2023-08-14,005380,현대차,20,4763596900,188800,2570.87,,2026-09-09T22:01:42+09:00
2023-08-16,005930,삼성전자,1,32532601000,67000,2525.64,,2026-09-09T22:01:48+09:00
2023-08-16,000660,SK하이닉스,2,30603896100,115800,2525.64,,2026-09-09T22:01:48+09:00
2023-08-16,042700,한미반도체,3,27191445850,48150,2525.64,,2026-09-09T22:01:48+09:00
2023-08-16,005490,POSCO홀딩스,4,24435619000,546000,2525.64,,2026-09-09T22:01:48+09:00
2023-08-16,010140,삼성중공업,5,19955855660,8510,2525.64,,2026-09-09T22:01:48+09:00
2023-08-16,042660,한화오션,6,14864957700,40650,2525.64,,2026-09-09T22:01:48+09:00
2023-08-16,352820,하이브,7,13792880000,241000,2525.64,,2026-09-09T22:01:48+09:00
2023-08-16,030200,KT,8,9210402550,32500,2525.64,,2026-09-09T22:01:48+09:00
2023-08-16,028050,삼성엔지니어링,9,8968013650,36350,2525.64,,2026-09-09T22:01:48+09:00
2023-08-16,009540,HD한국조선해양,10,8251845600,114000,2525.64,,2026-09-09T22:01:48+09:00
2023-08-16,105560,KB금융,11,8067836600,51000,2525.64,,2026-09-09T22:01:48+09:00
2023-08-16,006260,LS,12,8052969200,122600,2525.64,,2026-09-09T22:01:48+09:00
2023-08-16,100090,SK오션플랜트,13,7249291750,22350,2525.64,,2026-09-09T22:01:48+09:00
2023-08-16,003230,삼양식품,14,7218527100,176000,2525.64,,2026-09-09T22:01:48+09:00
2023-08-16,000270,기아,15,7158823200,78000,2525.64,,2026-09-09T22:01:48+09:00
2023-08-16,003490,대한항공,16,6905184450,24350,2525.64,,2026-09-09T22:01:48+09:00
2023-08-16,323410,카카오뱅크,17,6225732200,26600,2525.64,,2026-09-09T22:01:48+09:00
2023-08-16,248070,솔루엠,18,5693775250,28550,2525.64,,2026-09-09T22:01:48+09:00
2023-08-16,035420,NAVER,19,5134090000,222500,2525.64,,2026-09-09T22:01:48+09:00
2023-08-16,161890,한국콜마,20,5037442500,58000,2525.64,,2026-09-09T22:01:48+09:00
2023-08-17,005490,POSCO홀딩스,1,69703807000,553000,2519.85,,2026-09-09T22:01:53+09:00
2023-08-17,001570,금양,2,41355282200,132500,2519.85,,2026-09-09T22:01:53+09:00
2023-08-17,352820,하이브,3,13714758500,239500,2519.85,,2026-09-09T22:01:53+09:00
2023-08-17,010140,삼성중공업,4,12564178270,8450,2519.85,,2026-09-09T22:01:53+09:00
2023-08-17,009540,HD한국조선해양,5,11918179900,112700,2519.85,,2026-09-09T22:01:53+09:00
2023-08-17,248070,솔루엠,6,10750976350,29900,2519.85,,2026-09-09T22:01:53+09:00
2023-08-17,011070,LG이노텍,7,10463163000,260500,2519.85,,2026-09-09T22:01:53+09:00
2023-08-17,145720,덴티움,8,9225097400,123400,2519.85,,2026-09-09T22:01:53+09:00
2023-08-17,005070,코스모신소재,9,9152474300,153600,2519.85,,2026-09-09T22:01:53+09:00
2023-08-17,010120,LS ELECTRIC,10,7651522100,98700,2519.85,,2026-09-09T22:01:53+09:00
2023-08-17,007660,이수페타시스,11,7224807850,32300,2519.85,,2026-09-09T22:01:53+09:00
2023-08-17,003230,삼양식품,12,7064961100,173500,2519.85,,2026-09-09T22:01:53+09:00
2023-08-17,012330,현대모비스,13,6834684000,230500,2519.85,,2026-09-09T22:01:53+09:00
2023-08-17,028050,삼성엔지니어링,14,6304307700,36400,2519.85,,2026-09-09T22:01:53+09:00
2023-08-17,011200,HMM,15,6287926930,17740,2519.85,,2026-09-09T22:01:53+09:00
2023-08-17,042670,HD현대인프라코어,16,6028535300,10140,2519.85,,2026-09-09T22:01:53+09:00
2023-08-17,000100,유한양행,17,5998732900,73300,2519.85,,2026-09-09T22:01:53+09:00
2023-08-17,259960,크래프톤,18,5838091700,159700,2519.85,,2026-09-09T22:01:53+09:00
2023-08-17,005420,코스모화학,19,5737934550,45550,2519.85,,2026-09-09T22:01:53+09:00
2023-08-17,051900,LG생활건강,20,5355998500,450000,2519.85,,2026-09-09T22:01:53+09:00
2023-08-18,042700,한미반도체,1,27307514400,57800,2504.5,,2026-09-09T22:01:58+09:00
2023-08-18,005380,현대차,2,14610710400,186100,2504.5,,2026-09-09T22:01:58+09:00
2023-08-18,005930,삼성전자,3,10850271600,66300,2504.5,,2026-09-09T22:01:58+09:00
2023-08-18,352820,하이브,4,10389663000,236500,2504.5,,2026-09-09T22:01:58+09:00
2023-08-18,248070,솔루엠,5,9864247500,30150,2504.5,,2026-09-09T22:01:58+09:00
2023-08-18,008770,호텔신라,6,9397235000,87800,2504.5,,2026-09-09T22:01:58+09:00
2023-08-18,012450,한화에어로스페이스,7,8778192400,107600,2504.5,,2026-09-09T22:01:58+09:00
2023-08-18,010120,LS ELECTRIC,8,8755190300,95800,2504.5,,2026-09-09T22:01:58+09:00
2023-08-18,005850,에스엘,9,8075772900,34550,2504.5,,2026-09-09T22:01:58+09:00
2023-08-18,383220,F&F,10,8058712800,103600,2504.5,,2026-09-09T22:01:58+09:00
2023-08-18,010140,삼성중공업,11,7619246860,8310,2504.5,,2026-09-09T22:01:58+09:00
2023-08-18,009540,HD한국조선해양,12,6627483300,114000,2504.5,,2026-09-09T22:01:58+09:00
2023-08-18,030200,KT,13,6605991550,32650,2504.5,,2026-09-09T22:01:58+09:00
2023-08-18,090430,아모레퍼시픽,14,6571221500,122000,2504.5,,2026-09-09T22:01:58+09:00
2023-08-18,229640,LS전선아시아,15,6205743190,10300,2504.5,,2026-09-09T22:01:58+09:00
2023-08-18,192820,코스맥스,16,5731898200,140000,2504.5,,2026-09-09T22:01:58+09:00
2023-08-18,028050,삼성엔지니어링,17,5576406150,35500,2504.5,,2026-09-09T22:01:58+09:00
2023-08-18,064350,현대로템,18,5105572450,28700,2504.5,,2026-09-09T22:01:58+09:00
2023-08-18,001470,삼부토건,19,4842805600,3370,2504.5,,2026-09-09T22:01:58+09:00
2023-08-18,009150,삼성전기,20,4665305500,144600,2504.5,,2026-09-09T22:01:58+09:00
2023-08-21,001570,금양,1,26465215000,132900,2508.8,,2026-09-09T22:02:07+09:00
2023-08-21,006260,LS,2,14391938500,105400,2508.8,,2026-09-09T22:02:07+09:00
2023-08-21,248070,솔루엠,3,10300512350,30350,2508.8,,2026-09-09T22:02:07+09:00
2023-08-21,005930,삼성전자,4,10013020800,66600,2508.8,,2026-09-09T22:02:07+09:00
2023-08-21,010120,LS ELECTRIC,5,9977087900,94800,2508.8,,2026-09-09T22:02:07+09:00
2023-08-21,047050,포스코인터내셔널,6,9128238200,80000,2508.8,,2026-09-09T22:02:07+09:00
2023-08-21,005380,현대차,7,8146703100,186100,2508.8,,2026-09-09T22:02:07+09:00
2023-08-21,005420,코스모화학,8,7465764800,42400,2508.8,,2026-09-09T22:02:07+09:00
2023-08-21,036570,엔씨소프트,9,7275218500,256500,2508.8,,2026-09-09T22:02:07+09:00
2023-08-21,192820,코스맥스,10,6989293200,140000,2508.8,,2026-09-09T22:02:07+09:00
2023-08-21,000660,SK하이닉스,11,6031938700,116400,2508.8,,2026-09-09T22:02:07+09:00
2023-08-21,006110,삼아알미늄,12,6024971600,105500,2508.8,,2026-09-09T22:02:07+09:00
2023-08-21,028050,삼성엔지니어링,13,5489396700,35000,2508.8,,2026-09-09T22:02:07+09:00
2023-08-21,004370,농심,14,5129374000,465000,2508.8,,2026-09-09T22:02:07+09:00
2023-08-21,161000,애경케미칼,15,5116401310,16400,2508.8,,2026-09-09T22:02:07+09:00
2023-08-21,066570,LG전자,16,4810114800,98600,2508.8,,2026-09-09T22:02:07+09:00
2023-08-21,010140,삼성중공업,17,4714495110,8210,2508.8,,2026-09-09T22:02:07+09:00
2023-08-21,090430,아모레퍼시픽,18,4469021400,120000,2508.8,,2026-09-09T22:02:07+09:00
2023-08-21,001120,LX인터내셔널,19,4358406100,32550,2508.8,,2026-09-09T22:02:07+09:00
2023-08-21,001740,SK네트웍스,20,4140485940,6630,2508.8,,2026-09-09T22:02:07+09:00
2023-08-22,373220,LG에너지솔루션,1,26407672000,539000,2515.74,,2026-09-09T22:02:12+09:00
2023-08-22,042660,한화오션,2,17471761700,35850,2515.74,,2026-09-09T22:02:12+09:00
2023-08-22,006260,LS,3,13235052200,110300,2515.74,,2026-09-09T22:02:12+09:00
2023-08-22,047050,포스코인터내셔널,4,9652240200,79300,2515.74,,2026-09-09T22:02:12+09:00
2023-08-22,000270,기아,5,7921708500,78800,2515.74,,2026-09-09T22:02:12+09:00
2023-08-22,005380,현대차,6,7599759000,187900,2515.74,,2026-09-09T22:02:12+09:00
2023-08-22,001120,LX인터내셔널,7,7484556100,31450,2515.74,,2026-09-09T22:02:12+09:00
2023-08-22,248070,솔루엠,8,7370345250,31400,2515.74,,2026-09-09T22:02:12+09:00
2023-08-22,010140,삼성중공업,9,7097938090,8290,2515.74,,2026-09-09T22:02:12+09:00
2023-08-22,005420,코스모화학,10,6278083550,43500,2515.74,,2026-09-09T22:02:12+09:00
2023-08-22,011070,LG이노텍,11,6133804000,259000,2515.74,,2026-09-09T22:02:12+09:00
2023-08-22,032350,롯데관광개발,12,5580164200,15000,2515.74,,2026-09-09T22:02:12+09:00
2023-08-22,000720,현대건설,13,5160311050,34100,2515.74,,2026-09-09T22:02:12+09:00
2023-08-22,004370,농심,14,5147549000,464000,2515.74,,2026-09-09T22:02:12+09:00
2023-08-22,009540,HD한국조선해양,15,4888913900,113000,2515.74,,2026-09-09T22:02:12+09:00
2023-08-22,383220,F&F,16,4723086900,100700,2515.74,,2026-09-09T22:02:12+09:00
2023-08-22,001060,JW중외제약,17,4501399500,43950,2515.74,,2026-09-09T22:02:12+09:00
2023-08-22,011810,STX,18,4337600450,32550,2515.74,,2026-09-09T22:02:12+09:00
2023-08-22,010120,LS ELECTRIC,19,4114138900,97900,2515.74,,2026-09-09T22:02:12+09:00
2023-08-22,004020,현대제철,20,4091113250,34450,2515.74,,2026-09-09T22:02:12+09:00
2023-08-23,005930,삼성전자,1,41570173100,67100,2505.5,,2026-09-09T22:02:17+09:00
2023-08-23,047050,포스코인터내셔널,2,31308711400,77200,2505.5,,2026-09-09T22:02:17+09:00
2023-08-23,161000,애경케미칼,3,27950567710,15720,2505.5,,2026-09-09T22:02:17+09:00
2023-08-23,005490,POSCO홀딩스,4,13828721000,551000,2505.5,,2026-09-09T22:02:17+09:00
2023-08-23,086790,하나금융지주,5,13143368600,38800,2505.5,,2026-09-09T22:02:17+09:00
2023-08-23,017800,현대엘리베이,6,10114428200,49300,2505.5,,2026-09-09T22:02:17+09:00
2023-08-23,105560,KB금융,7,9317454300,52600,2505.5,,2026-09-09T22:02:17+09:00
2023-08-23,034020,두산에너빌리티,8,9101956730,16380,2505.5,,2026-09-09T22:02:17+09:00
2023-08-23,042700,한미반도체,9,8955045400,57000,2505.5,,2026-09-09T22:02:17+09:00
2023-08-23,138040,메리츠금융지주,10,8829984600,50900,2505.5,,2026-09-09T22:02:17+09:00
2023-08-23,006260,LS,11,8660134700,110100,2505.5,,2026-09-09T22:02:17+09:00
2023-08-23,011810,STX,12,6364870950,29950,2505.5,,2026-09-09T22:02:17+09:00
2023-08-23,241560,두산밥캣,13,6340485100,54200,2505.5,,2026-09-09T22:02:17+09:00
2023-08-23,000270,기아,14,5715328200,78700,2505.5,,2026-09-09T22:02:17+09:00
2023-08-23,011930,신성이엔지,15,5679766110,2840,2505.5,,2026-09-09T22:02:17+09:00
2023-08-23,001470,삼부토건,16,5625570205,3270,2505.5,,2026-09-09T22:02:17+09:00
2023-08-23,010140,삼성중공업,17,5480147320,8210,2505.5,,2026-09-09T22:02:17+09:00
2023-08-23,316140,우리금융지주,18,5254500010,11570,2505.5,,2026-09-09T22:02:17+09:00
2023-08-23,004370,농심,19,4443276500,460000,2505.5,,2026-09-09T22:02:17+09:00
2023-08-23,012450,한화에어로스페이스,20,4247961600,112300,2505.5,,2026-09-09T22:02:17+09:00
2023-08-24,000660,SK하이닉스,1,108433426500,120900,2537.68,,2026-09-09T22:02:21+09:00
2023-08-24,035420,NAVER,2,60849314500,229000,2537.68,,2026-09-09T22:02:21+09:00
2023-08-24,005930,삼성전자,3,45201849500,68200,2537.68,,2026-09-09T22:02:21+09:00
2023-08-24,006740,영풍제지,4,10414901600,46300,2537.68,,2026-09-09T22:02:21+09:00
2023-08-24,009150,삼성전기,5,8445991300,149100,2537.68,,2026-09-09T22:02:21+09:00
2023-08-24,010140,삼성중공업,6,7816490330,8210,2537.68,,2026-09-09T22:02:21+09:00
2023-08-24,011070,LG이노텍,7,7706329500,258000,2537.68,,2026-09-09T22:02:21+09:00
2023-08-24,036570,엔씨소프트,8,6591248500,252500,2537.68,,2026-09-09T22:02:21+09:00
2023-08-24,105560,KB금융,9,5920748200,53200,2537.68,,2026-09-09T22:02:21+09:00
2023-08-24,207940,삼성바이오로직스,10,5752277000,763000,2537.68,,2026-09-09T22:02:21+09:00
2023-08-24,003720,삼영,11,5580611720,6090,2537.68,,2026-09-09T22:02:21+09:00
2023-08-24,000150,두산,12,4830998900,112600,2537.68,,2026-09-09T22:02:21+09:00
2023-08-24,457190,이수스페셜티케미컬,13,4758705600,204500,2537.68,,2026-09-09T22:02:21+09:00
2023-08-24,032350,롯데관광개발,14,4748607530,16110,2537.68,,2026-09-09T22:02:21+09:00
2023-08-24,001570,금양,15,4405327500,124400,2537.68,,2026-09-09T22:02:21+09:00
2023-08-24,000270,기아,16,4193297600,78800,2537.68,,2026-09-09T22:02:21+09:00
2023-08-24,005420,코스모화학,17,3949502350,43200,2537.68,,2026-09-09T22:02:21+09:00
2023-08-24,028260,삼성물산,18,3910859800,104600,2537.68,,2026-09-09T22:02:21+09:00
2023-08-24,010120,LS ELECTRIC,19,3302472900,96600,2537.68,,2026-09-09T22:02:21+09:00
2023-08-24,042660,한화오션,20,3028071750,35050,2537.68,,2026-09-09T22:02:21+09:00
2023-08-25,373220,LG에너지솔루션,1,31327126000,546000,2519.14,,2026-09-09T22:02:27+09:00
2023-08-25,005380,현대차,2,16088788300,186200,2519.14,,2026-09-09T22:02:27+09:00
2023-08-25,001570,금양,3,10421816200,126500,2519.14,,2026-09-09T22:02:27+09:00
2023-08-25,005935,삼성전자우,4,9210405500,55200,2519.14,,2026-09-09T22:02:27+09:00
2023-08-25,042700,한미반도체,5,8731496900,54400,2519.14,,2026-09-09T22:02:27+09:00
2023-08-25,006260,LS,6,7567341300,108300,2519.14,,2026-09-09T22:02:27+09:00
2023-08-25,024110,기업은행,7,6367710710,10650,2519.14,,2026-09-09T22:02:27+09:00
2023-08-25,103590,일진전기,8,6328870890,11500,2519.14,,2026-09-09T22:02:27+09:00
2023-08-25,005070,코스모신소재,9,5162484900,163600,2519.14,,2026-09-09T22:02:27+09:00
2023-08-25,003230,삼양식품,10,5074086600,189000,2519.14,,2026-09-09T22:02:27+09:00
2023-08-25,047050,포스코인터내셔널,11,4875116200,79000,2519.14,,2026-09-09T22:02:27+09:00
2023-08-25,036570,엔씨소프트,12,4838966500,247000,2519.14,,2026-09-09T22:02:27+09:00
2023-08-25,138040,메리츠금융지주,13,4699445700,51500,2519.14,,2026-09-09T22:02:27+09:00
2023-08-25,034020,두산에너빌리티,14,4433705290,16700,2519.14,,2026-09-09T22:02:27+09:00
2023-08-25,009830,한화솔루션,15,4271381750,35300,2519.14,,2026-09-09T22:02:27+09:00
2023-08-25,112610,씨에스윈드,16,3999021100,63100,2519.14,,2026-09-09T22:02:27+09:00
2023-08-25,010950,S-Oil,17,3960795300,71000,2519.14,,2026-09-09T22:02:27+09:00
2023-08-25,352820,하이브,18,3915055000,237000,2519.14,,2026-09-09T22:02:27+09:00
2023-08-25,001450,현대해상,19,3665461000,30450,2519.14,,2026-09-09T22:02:27+09:00
2023-08-25,014680,한솔케미칼,20,3565302300,167500,2519.14,,2026-09-09T22:02:27+09:00
2023-08-28,373220,LG에너지솔루션,1,42680430000,553000,2543.41,,2026-09-09T22:02:37+09:00
2023-08-28,047050,포스코인터내셔널,2,34437489900,87600,2543.41,,2026-09-09T22:02:37+09:00
2023-08-28,006740,영풍제지,3,31233821200,47650,2543.41,,2026-09-09T22:02:37+09:00
2023-08-28,001570,금양,4,20981176000,132000,2543.41,,2026-09-09T22:02:37+09:00
2023-08-28,034020,두산에너빌리티,5,12204092410,17170,2543.41,,2026-09-09T22:02:37+09:00
2023-08-28,000720,현대건설,6,7284244450,36150,2543.41,,2026-09-09T22:02:37+09:00
2023-08-28,000100,유한양행,7,6827378600,72000,2543.41,,2026-09-09T22:02:37+09:00
2023-08-28,011200,HMM,8,6348422090,17150,2543.41,,2026-09-09T22:02:37+09:00
2023-08-28,005380,현대차,9,5921168900,185400,2543.41,,2026-09-09T22:02:37+09:00
2023-08-28,248070,솔루엠,10,5913462950,32100,2543.41,,2026-09-09T22:02:37+09:00
2023-08-28,120110,코오롱인더,11,5611344050,50700,2543.41,,2026-09-09T22:02:37+09:00
2023-08-28,000270,기아,12,5502424200,78300,2543.41,,2026-09-09T22:02:37+09:00
2023-08-28,010120,LS ELECTRIC,13,5279772600,96000,2543.41,,2026-09-09T22:02:37+09:00
2023-08-28,028050,삼성엔지니어링,14,5185711650,34650,2543.41,,2026-09-09T22:02:37+09:00
2023-08-28,042660,한화오션,15,4350274700,37650,2543.41,,2026-09-09T22:02:37+09:00
2023-08-28,006360,GS건설,16,3971188230,14480,2543.41,,2026-09-09T22:02:37+09:00
2023-08-28,316140,우리금융지주,17,3945672710,11650,2543.41,,2026-09-09T22:02:37+09:00
2023-08-28,064350,현대로템,18,3837098700,29950,2543.41,,2026-09-09T22:02:37+09:00
2023-08-28,042700,한미반도체,19,3688918500,55000,2543.41,,2026-09-09T22:02:37+09:00
2023-08-28,009540,HD한국조선해양,20,3642547000,120400,2543.41,,2026-09-09T22:02:37+09:00
2023-08-29,035420,NAVER,1,34341845500,218000,2552.16,,2026-09-09T22:02:43+09:00
2023-08-29,000270,기아,2,22110798400,80200,2552.16,,2026-09-09T22:02:43+09:00
2023-08-29,000660,SK하이닉스,3,21814290900,118600,2552.16,,2026-09-09T22:02:43+09:00
2023-08-29,068270,셀트리온,4,14622235000,147500,2552.16,,2026-09-09T22:02:43+09:00
2023-08-29,034020,두산에너빌리티,5,13268579830,17360,2552.16,,2026-09-09T22:02:43+09:00
2023-08-29,035720,카카오,6,9840861600,48600,2552.16,,2026-09-09T22:02:43+09:00
2023-08-29,011070,LG이노텍,7,9563205500,264500,2552.16,,2026-09-09T22:02:43+09:00
2023-08-29,086790,하나금융지주,8,8866608500,39400,2552.16,,2026-09-09T22:02:43+09:00
2023-08-29,011200,HMM,9,8621774500,17500,2552.16,,2026-09-09T22:02:43+09:00
2023-08-29,000100,유한양행,10,7189669100,72700,2552.16,,2026-09-09T22:02:43+09:00
2023-08-29,138040,메리츠금융지주,11,6972702400,53200,2552.16,,2026-09-09T22:02:43+09:00
2023-08-29,105560,KB금융,12,6833592700,52900,2552.16,,2026-09-09T22:02:43+09:00
2023-08-29,005380,현대차,13,6592337600,186700,2552.16,,2026-09-09T22:02:43+09:00
2023-08-29,079550,LIG넥스원,14,5117846100,83200,2552.16,,2026-09-09T22:02:43+09:00
2023-08-29,006740,영풍제지,15,5109361800,48450,2552.16,,2026-09-09T22:02:43+09:00
2023-08-29,373220,LG에너지솔루션,16,5011167000,552000,2552.16,,2026-09-09T22:02:43+09:00
2023-08-29,003230,삼양식품,17,4806943100,188500,2552.16,,2026-09-09T22:02:43+09:00
2023-08-29,010600,웰바이오텍,18,4642700235,3375,2552.16,,2026-09-09T22:02:43+09:00
2023-08-29,002380,KCC,19,4448209000,218500,2552.16,,2026-09-09T22:02:43+09:00
2023-08-29,006260,LS,20,4347275300,106400,2552.16,,2026-09-09T22:02:43+09:00
2023-08-30,034020,두산에너빌리티,1,34528027350,17750,2561.22,,2026-09-09T22:02:48+09:00
2023-08-30,007660,이수페타시스,2,28122687700,33850,2561.22,,2026-09-09T22:02:48+09:00
2023-08-30,373220,LG에너지솔루션,3,27241556000,553000,2561.22,,2026-09-09T22:02:48+09:00
2023-08-30,042700,한미반도체,4,23430810700,57100,2561.22,,2026-09-09T22:02:48+09:00
2023-08-30,005930,삼성전자,5,15745364800,67100,2561.22,,2026-09-09T22:02:48+09:00
2023-08-30,000660,SK하이닉스,6,13842198900,119400,2561.22,,2026-09-09T22:02:48+09:00
2023-08-30,005380,현대차,7,12706992800,187800,2561.22,,2026-09-09T22:02:48+09:00
2023-08-30,307950,현대오토에버,8,8887700200,174900,2561.22,,2026-09-09T22:02:48+09:00
2023-08-30,000270,기아,9,7315899700,80400,2561.22,,2026-09-09T22:02:48+09:00
2023-08-30,096770,SK이노베이션,10,7169599800,180000,2561.22,,2026-09-09T22:02:48+09:00
2023-08-30,042660,한화오션,11,7010026700,39550,2561.22,,2026-09-09T22:02:48+09:00
2023-08-30,323410,카카오뱅크,12,4803462850,25850,2561.22,,2026-09-09T22:02:48+09:00
2023-08-30,009540,HD한국조선해양,13,4406673300,123000,2561.22,,2026-09-09T22:02:48+09:00
2023-08-30,000100,유한양행,14,3782679700,72600,2561.22,,2026-09-09T22:02:48+09:00
2023-08-30,377300,카카오페이,15,3202318150,45700,2561.22,,2026-09-09T22:02:48+09:00
2023-08-30,003620,KG모빌리티,16,3178042720,8890,2561.22,,2026-09-09T22:02:48+09:00
2023-08-30,028050,삼성엔지니어링,17,3160885000,35350,2561.22,,2026-09-09T22:02:48+09:00
2023-08-30,003230,삼양식품,18,3117251600,189900,2561.22,,2026-09-09T22:02:48+09:00
2023-08-30,192820,코스맥스,19,2897588300,149000,2561.22,,2026-09-09T22:02:48+09:00
2023-08-30,316140,우리금융지주,20,2824578940,11690,2561.22,,2026-09-09T22:02:48+09:00
2023-08-31,000660,SK하이닉스,1,67700958100,121800,2556.27,,2026-09-09T22:16:32+09:00
2023-08-31,034020,두산에너빌리티,2,49037868280,18220,2556.27,,2026-09-09T22:16:32+09:00
2023-08-31,042700,한미반도체,3,43943389000,59800,2556.27,,2026-09-09T22:16:32+09:00
2023-08-31,316140,우리금융지주,4,14619536270,11910,2556.27,,2026-09-09T22:16:32+09:00
2023-08-31,007660,이수페타시스,5,14064418200,34350,2556.27,,2026-09-09T22:16:32+09:00
2023-08-31,105560,KB금융,6,10685218700,54100,2556.27,,2026-09-09T22:16:32+09:00
2023-08-31,457190,이수스페셜티케미컬,7,8942745000,281000,2556.27,,2026-09-09T22:16:32+09:00
2023-08-31,001470,삼부토건,8,8682957265,3480,2556.27,,2026-09-09T22:16:32+09:00
2023-08-31,010140,삼성중공업,9,7730462070,8810,2556.27,,2026-09-09T22:16:32+09:00
2023-08-31,005070,코스모신소재,10,5875658200,157700,2556.27,,2026-09-09T22:16:32+09:00
2023-08-31,042660,한화오션,11,5857517650,38350,2556.27,,2026-09-09T22:16:32+09:00
2023-08-31,006260,LS,12,4997607500,107100,2556.27,,2026-09-09T22:16:32+09:00
2023-08-31,017960,한국카본,13,4938564360,14490,2556.27,,2026-09-09T22:16:32+09:00
2023-08-31,456040,OCI,14,4643112700,127600,2556.27,,2026-09-09T22:16:32+09:00
2023-08-31,030200,KT,15,4606661100,33000,2556.27,,2026-09-09T22:16:32+09:00
2023-08-31,298040,효성중공업,16,4606572100,200500,2556.27,,2026-09-09T22:16:32+09:00
2023-08-31,267270,HD현대건설기계,17,4228164000,71200,2556.27,,2026-09-09T22:16:32+09:00
2023-08-31,192820,코스맥스,18,4194198700,153500,2556.27,,2026-09-09T22:16:32+09:00
2023-08-31,010120,LS ELECTRIC,19,4104585000,99800,2556.27,,2026-09-09T22:16:32+09:00
2023-08-31,055550,신한지주,20,4027790300,35550,2556.27,,2026-09-09T22:16:32+09:00
2023-09-01,005930,삼성전자,1,554045698800,71000,2563.71,,2026-09-09T22:16:37+09:00
2023-09-01,004020,현대제철,2,21119428550,38000,2563.71,,2026-09-09T22:16:37+09:00
2023-09-01,035720,카카오,3,16188787550,48950,2563.71,,2026-09-09T22:16:37+09:00
2023-09-01,035420,NAVER,4,12390480500,214500,2563.71,,2026-09-09T22:16:37+09:00
2023-09-01,005490,POSCO홀딩스,5,11955225000,560000,2563.71,,2026-09-09T22:16:37+09:00
2023-09-01,066570,LG전자,6,10657267500,99600,2563.71,,2026-09-09T22:16:37+09:00
2023-09-01,086790,하나금융지주,7,7496292100,39500,2563.71,,2026-09-09T22:16:37+09:00
2023-09-01,028260,삼성물산,8,7466521500,107100,2563.71,,2026-09-09T22:16:37+09:00
2023-09-01,034730,SK,9,6132587300,149300,2563.71,,2026-09-09T22:16:37+09:00
2023-09-01,000270,기아,10,5411853800,79700,2563.71,,2026-09-09T22:16:37+09:00
2023-09-01,055550,신한지주,11,4965114700,35450,2563.71,,2026-09-09T22:16:37+09:00
2023-09-01,009150,삼성전기,12,4755010600,139200,2563.71,,2026-09-09T22:16:37+09:00
2023-09-01,000810,삼성화재,13,4619935500,246500,2563.71,,2026-09-09T22:16:37+09:00
2023-09-01,000100,유한양행,14,4476021700,70500,2563.71,,2026-09-09T22:16:37+09:00
2023-09-01,161390,한국타이어앤테크놀로지,15,4288576000,39850,2563.71,,2026-09-09T22:16:37+09:00
2023-09-01,086280,현대글로비스,16,4167876000,175900,2563.71,,2026-09-09T22:16:37+09:00
2023-09-01,003550,LG,17,4148238800,82900,2563.71,,2026-09-09T22:16:37+09:00
2023-09-01,316140,우리금융지주,18,4100820200,11870,2563.71,,2026-09-09T22:16:37+09:00
2023-09-01,028050,삼성엔지니어링,19,4068064650,33250,2563.71,,2026-09-09T22:16:37+09:00
2023-09-01,259960,크래프톤,20,4017474900,155500,2563.71,,2026-09-09T22:16:37+09:00
2023-09-04,005930,삼성전자,1,244265220400,71200,2584.55,,2026-09-09T22:16:45+09:00
2023-09-04,005490,POSCO홀딩스,2,54627098000,590000,2584.55,,2026-09-09T22:16:45+09:00
2023-09-04,005935,삼성전자우,3,25331600400,57500,2584.55,,2026-09-09T22:16:45+09:00
2023-09-04,047050,포스코인터내셔널,4,23004834500,81400,2584.55,,2026-09-09T22:16:45+09:00
2023-09-04,010120,LS ELECTRIC,5,17805413700,94700,2584.55,,2026-09-09T22:16:45+09:00
2023-09-04,373220,LG에너지솔루션,6,13367676000,530000,2584.55,,2026-09-09T22:16:45+09:00
2023-09-04,005070,코스모신소재,7,10435993900,156100,2584.55,,2026-09-09T22:16:45+09:00
2023-09-04,361610,SK아이이테크놀로지,8,9933592800,85900,2584.55,,2026-09-09T22:16:45+09:00
2023-09-04,298050,효성첨단소재,9,9101401500,462500,2584.55,,2026-09-09T22:16:45+09:00
2023-09-04,006400,삼성SDI,10,8590123000,610000,2584.55,,2026-09-09T22:16:45+09:00
2023-09-04,042700,한미반도체,11,7834766900,58200,2584.55,,2026-09-09T22:16:45+09:00
2023-09-04,010950,S-Oil,12,7824114300,77200,2584.55,,2026-09-09T22:16:45+09:00
2023-09-04,032350,롯데관광개발,13,7520875210,15700,2584.55,,2026-09-09T22:16:45+09:00
2023-09-04,051910,LG화학,14,7328434000,586000,2584.55,,2026-09-09T22:16:45+09:00
2023-09-04,005380,현대차,15,6131081300,187300,2584.55,,2026-09-09T22:16:45+09:00
2023-09-04,006260,LS,16,6017395300,101100,2584.55,,2026-09-09T22:16:45+09:00
2023-09-04,298020,효성티앤씨,17,5795192500,369000,2584.55,,2026-09-09T22:16:45+09:00
2023-09-04,001570,금양,18,5624732400,126300,2584.55,,2026-09-09T22:16:45+09:00
2023-09-04,000100,유한양행,19,5555909700,70500,2584.55,,2026-09-09T22:16:45+09:00
2023-09-04,004020,현대제철,20,5324202500,39500,2584.55,,2026-09-09T22:16:45+09:00
2023-09-05,005930,삼성전자,1,121908612100,70700,2582.18,,2026-09-09T22:16:50+09:00
2023-09-05,047050,포스코인터내셔널,2,22028140200,84300,2582.18,,2026-09-09T22:16:50+09:00
2023-09-05,007660,이수페타시스,3,19652775800,33700,2582.18,,2026-09-09T22:16:50+09:00
2023-09-05,373220,LG에너지솔루션,4,17854317000,536000,2582.18,,2026-09-09T22:16:50+09:00
2023-09-05,004370,농심,5,15727971397,460500,2582.18,,2026-09-09T22:16:50+09:00
2023-09-05,003670,포스코퓨처엠,6,14185430500,452000,2582.18,,2026-09-09T22:16:50+09:00
2023-09-05,000660,SK하이닉스,7,13348689700,119400,2582.18,,2026-09-09T22:16:50+09:00
2023-09-05,042700,한미반도체,8,12214374300,58800,2582.18,,2026-09-09T22:16:50+09:00
2023-09-05,001570,금양,9,11817596200,128200,2582.18,,2026-09-09T22:16:50+09:00
2023-09-05,006400,삼성SDI,10,11609087000,616000,2582.18,,2026-09-09T22:16:50+09:00
2023-09-05,005935,삼성전자우,11,10446844400,57600,2582.18,,2026-09-09T22:16:50+09:00
2023-09-05,005070,코스모신소재,12,8140486900,164200,2582.18,,2026-09-09T22:16:50+09:00
2023-09-05,035420,NAVER,13,6890216000,212000,2582.18,,2026-09-09T22:16:50+09:00
2023-09-05,051910,LG화학,14,5789051000,592000,2582.18,,2026-09-09T22:16:50+09:00
2023-09-05,195870,해성디에스,15,5488291500,72900,2582.18,,2026-09-09T22:16:50+09:00
2023-09-05,011070,LG이노텍,16,5424656500,272000,2582.18,,2026-09-09T22:16:50+09:00
2023-09-05,003230,삼양식품,17,5240958800,201000,2582.18,,2026-09-09T22:16:50+09:00
2023-09-05,298040,효성중공업,18,4555404400,183400,2582.18,,2026-09-09T22:16:50+09:00
2023-09-05,011790,SKC,19,4376252100,91700,2582.18,,2026-09-09T22:16:50+09:00
2023-09-05,192820,코스맥스,20,4050713100,148500,2582.18,,2026-09-09T22:16:50+09:00
2023-09-06,005930,삼성전자,1,62652332000,70000,2563.34,,2026-09-09T22:16:55+09:00
2023-09-06,001570,금양,2,34327677700,132900,2563.34,,2026-09-09T22:16:55+09:00
2023-09-06,005380,현대차,3,13123684700,186700,2563.34,,2026-09-09T22:16:55+09:00
2023-09-06,051910,LG화학,4,8839290000,585000,2563.34,,2026-09-09T22:16:55+09:00
2023-09-06,006400,삼성SDI,5,8452906000,603000,2563.34,,2026-09-09T22:16:55+09:00
2023-09-06,086790,하나금융지주,6,8013073250,39950,2563.34,,2026-09-09T22:16:55+09:00
2023-09-06,373220,LG에너지솔루션,7,6872483000,527000,2563.34,,2026-09-09T22:16:55+09:00
2023-09-06,010120,LS ELECTRIC,8,6747170700,95000,2563.34,,2026-09-09T22:16:55+09:00
2023-09-06,030200,KT,9,6687321550,32050,2563.34,,2026-09-09T22:16:55+09:00
2023-09-06,055550,신한지주,10,6435403950,35700,2563.34,,2026-09-09T22:16:55+09:00
2023-09-06,006260,LS,11,6434520600,98500,2563.34,,2026-09-09T22:16:55+09:00
2023-09-06,079550,LIG넥스원,12,6378481000,86200,2563.34,,2026-09-09T22:16:55+09:00
2023-09-06,012330,현대모비스,13,5581019500,237500,2563.34,,2026-09-09T22:16:55+09:00
2023-09-06,195870,해성디에스,14,4936763700,71200,2563.34,,2026-09-09T22:16:55+09:00
2023-09-06,000270,기아,15,4747497600,78900,2563.34,,2026-09-09T22:16:55+09:00
2023-09-06,138040,메리츠금융지주,16,4716101600,54400,2563.34,,2026-09-09T22:16:55+09:00
2023-09-06,298040,효성중공업,17,4069054600,180700,2563.34,,2026-09-09T22:16:55+09:00
2023-09-06,192820,코스맥스,18,4028252600,148300,2563.34,,2026-09-09T22:16:55+09:00
2023-09-06,004020,현대제철,19,3974369550,39150,2563.34,,2026-09-09T22:16:55+09:00
2023-09-06,010140,삼성중공업,20,3605296910,8270,2563.34,,2026-09-09T22:16:55+09:00
2023-09-07,005930,삼성전자,1,92352357500,70400,2548.26,,2026-09-09T22:17:00+09:00
2023-09-07,000660,SK하이닉스,2,28539400600,118500,2548.26,,2026-09-09T22:17:00+09:00
2023-09-07,005490,POSCO홀딩스,3,28100173000,568000,2548.26,,2026-09-09T22:17:00+09:00
2023-09-07,035420,NAVER,4,23414891500,216500,2548.26,,2026-09-09T22:17:00+09:00
2023-09-07,005935,삼성전자우,5,20758099700,57600,2548.26,,2026-09-09T22:17:00+09:00
2023-09-07,051910,LG화학,6,15779008000,577000,2548.26,,2026-09-09T22:17:00+09:00
2023-09-07,005380,현대차,7,12188584400,187200,2548.26,,2026-09-09T22:17:00+09:00
2023-09-07,042700,한미반도체,8,10549946600,57300,2548.26,,2026-09-09T22:17:00+09:00
2023-09-07,010120,LS ELECTRIC,9,8986673800,92500,2548.26,,2026-09-09T22:17:00+09:00
2023-09-07,006260,LS,10,8634234400,96000,2548.26,,2026-09-09T22:17:00+09:00
2023-09-07,195870,해성디에스,11,8619443600,74100,2548.26,,2026-09-09T22:17:00+09:00
2023-09-07,267260,HD현대일렉트릭,12,8014404300,62600,2548.26,,2026-09-09T22:17:00+09:00
2023-09-07,267250,HD현대,13,7002202600,63700,2548.26,,2026-09-09T22:17:00+09:00
2023-09-07,003230,삼양식품,14,6768575600,192200,2548.26,,2026-09-09T22:17:00+09:00
2023-09-07,352820,하이브,15,5929639000,245500,2548.26,,2026-09-09T22:17:00+09:00
2023-09-07,192820,코스맥스,16,4935316900,145700,2548.26,,2026-09-09T22:17:00+09:00
2023-09-07,009540,HD한국조선해양,17,4731221900,119000,2548.26,,2026-09-09T22:17:00+09:00
2023-09-07,012330,현대모비스,18,4236358000,237000,2548.26,,2026-09-09T22:17:00+09:00
2023-09-07,001740,SK네트웍스,19,4108326240,6680,2548.26,,2026-09-09T22:17:00+09:00
2023-09-07,000150,두산,20,4021549500,106500,2548.26,,2026-09-09T22:17:00+09:00
2023-09-08,001570,금양,1,27522072500,136200,2547.68,,2026-09-09T22:17:04+09:00
2023-09-08,267250,HD현대,2,12122159300,67500,2547.68,,2026-09-09T22:17:04+09:00
2023-09-08,012450,한화에어로스페이스,3,10580808600,117300,2547.68,,2026-09-09T22:17:04+09:00
2023-09-08,015760,한국전력,4,9922205910,18420,2547.68,,2026-09-09T22:17:04+09:00
2023-09-08,068270,셀트리온,5,8094906100,147500,2547.68,,2026-09-09T22:17:04+09:00
2023-09-08,352820,하이브,6,7575262500,245500,2547.68,,2026-09-09T22:17:04+09:00
2023-09-08,192820,코스맥스,7,4513469200,145300,2547.68,,2026-09-09T22:17:04+09:00
2023-09-08,017670,SK텔레콤,8,3999838250,48750,2547.68,,2026-09-09T22:17:04+09:00
2023-09-08,009150,삼성전기,9,3974342400,139200,2547.68,,2026-09-09T22:17:04+09:00
2023-09-08,361610,SK아이이테크놀로지,10,3960339300,82700,2547.68,,2026-09-09T22:17:04+09:00
2023-09-08,028260,삼성물산,11,3955612300,107900,2547.68,,2026-09-09T22:17:04+09:00
2023-09-08,112610,씨에스윈드,12,3868106700,59200,2547.68,,2026-09-09T22:17:04+09:00
2023-09-08,316140,우리금융지주,13,3846000830,12000,2547.68,,2026-09-09T22:17:04+09:00
2023-09-08,001740,SK네트웍스,14,3546695890,6530,2547.68,,2026-09-09T22:17:04+09:00
2023-09-08,010120,LS ELECTRIC,15,3337026600,92700,2547.68,,2026-09-09T22:17:04+09:00
2023-09-08,138040,메리츠금융지주,16,3195698000,55000,2547.68,,2026-09-09T22:17:04+09:00
2023-09-08,011200,HMM,17,3154505200,16810,2547.68,,2026-09-09T22:17:04+09:00
2023-09-08,030200,KT,18,3152008650,32350,2547.68,,2026-09-09T22:17:04+09:00
2023-09-08,001060,JW중외제약,19,3132851150,43650,2547.68,,2026-09-09T22:17:04+09:00
2023-09-08,009420,한올바이오파마,20,3011133000,24300,2547.68,,2026-09-09T22:17:04+09:00
2023-09-11,005930,삼성전자,1,52180011200,70800,2556.88,,2026-09-09T22:17:13+09:00
2023-09-11,000660,SK하이닉스,2,19609867300,115900,2556.88,,2026-09-09T22:17:13+09:00
2023-09-11,267250,HD현대,3,15789205000,70800,2556.88,,2026-09-09T22:17:13+09:00
2023-09-11,055550,신한지주,4,10901932400,36450,2556.88,,2026-09-09T22:17:13+09:00
2023-09-11,307950,현대오토에버,5,10720425500,240000,2556.88,,2026-09-09T22:17:13+09:00
2023-09-11,035420,NAVER,6,10337518000,211500,2556.88,,2026-09-09T22:17:13+09:00
2023-09-11,192820,코스맥스,7,9276798000,145400,2556.88,,2026-09-09T22:17:13+09:00
2023-09-11,003670,포스코퓨처엠,8,7289088500,407500,2556.88,,2026-09-09T22:17:13+09:00
2023-09-11,030200,KT,9,6846981650,31200,2556.88,,2026-09-09T22:17:13+09:00
2023-09-11,006400,삼성SDI,10,6472348000,573000,2556.88,,2026-09-09T22:17:13+09:00
2023-09-11,009420,한올바이오파마,11,6310973300,27050,2556.88,,2026-09-09T22:17:13+09:00
2023-09-11,068270,셀트리온,12,6174693500,149300,2556.88,,2026-09-09T22:17:13+09:00
2023-09-11,010620,현대미포조선,13,5934875500,90800,2556.88,,2026-09-09T22:17:13+09:00
2023-09-11,267270,HD현대건설기계,14,5299275600,77500,2556.88,,2026-09-09T22:17:13+09:00
2023-09-11,032350,롯데관광개발,15,5058087940,14300,2556.88,,2026-09-09T22:17:13+09:00
2023-09-11,034020,두산에너빌리티,16,4460374210,17220,2556.88,,2026-09-09T22:17:13+09:00
2023-09-11,105560,KB금융,17,4328776000,55200,2556.88,,2026-09-09T22:17:13+09:00
2023-09-11,316140,우리금융지주,18,4244667680,12100,2556.88,,2026-09-09T22:17:13+09:00
2023-09-11,028260,삼성물산,19,3810882800,108400,2556.88,,2026-09-09T22:17:13+09:00
2023-09-11,088350,한화생명,20,3677904555,2695,2556.88,,2026-09-09T22:17:13+09:00
2023-09-12,035420,NAVER,1,69166502000,219500,2536.58,,2026-09-09T22:17:17+09:00
2023-09-12,307950,현대오토에버,2,14325082000,204500,2536.58,,2026-09-09T22:17:17+09:00
2023-09-12,005935,삼성전자우,3,14239704400,57200,2536.58,,2026-09-09T22:17:17+09:00
2023-09-12,005070,코스모신소재,4,12031034700,141300,2536.58,,2026-09-09T22:17:17+09:00
2023-09-12,051900,LG생활건강,5,9387188500,466000,2536.58,,2026-09-09T22:17:17+09:00
2023-09-12,003670,포스코퓨처엠,6,9359719500,397000,2536.58,,2026-09-09T22:17:17+09:00
2023-09-12,005380,현대차,7,9033659500,186200,2536.58,,2026-09-09T22:17:17+09:00
2023-09-12,018260,삼성에스디에스,8,7853611200,138000,2536.58,,2026-09-09T22:17:17+09:00
2023-09-12,090430,아모레퍼시픽,9,4189822300,127200,2536.58,,2026-09-09T22:17:17+09:00
2023-09-12,009420,한올바이오파마,10,4013372600,26800,2536.58,,2026-09-09T22:17:17+09:00
2023-09-12,259960,크래프톤,11,3953684200,152900,2536.58,,2026-09-09T22:17:17+09:00
2023-09-12,402340,SK스퀘어,12,3703830200,40400,2536.58,,2026-09-09T22:17:17+09:00
2023-09-12,000150,두산,13,3514885900,139700,2536.58,,2026-09-09T22:17:17+09:00
2023-09-12,192820,코스맥스,14,3418595700,140000,2536.58,,2026-09-09T22:17:17+09:00
2023-09-12,028260,삼성물산,15,3384066500,108700,2536.58,,2026-09-09T22:17:17+09:00
2023-09-12,326030,SK바이오팜,16,3160236300,87700,2536.58,,2026-09-09T22:17:17+09:00
2023-09-12,003620,KG모빌리티,17,3015301640,9430,2536.58,,2026-09-09T22:17:17+09:00
2023-09-12,047050,포스코인터내셔널,18,2251947700,76500,2536.58,,2026-09-09T22:17:17+09:00
2023-09-12,030200,KT,19,2205638900,30800,2536.58,,2026-09-09T22:17:17+09:00
2023-09-12,000990,DB하이텍,20,2133398650,50100,2536.58,,2026-09-09T22:17:17+09:00
2023-09-13,005490,POSCO홀딩스,1,58299011000,529000,2534.7,,2026-09-09T22:17:22+09:00
2023-09-13,005380,현대차,2,22688056600,189800,2534.7,,2026-09-09T22:17:22+09:00
2023-09-13,003670,포스코퓨처엠,3,21217087500,387000,2534.7,,2026-09-09T22:17:22+09:00
2023-09-13,047050,포스코인터내셔널,4,18909830900,73800,2534.7,,2026-09-09T22:17:22+09:00
2023-09-13,005935,삼성전자우,5,17288568400,57500,2534.7,,2026-09-09T22:17:22+09:00
2023-09-13,192820,코스맥스,6,15620580600,134900,2534.7,,2026-09-09T22:17:22+09:00
2023-09-13,307950,현대오토에버,7,13735469300,191100,2534.7,,2026-09-09T22:17:22+09:00
2023-09-13,316140,우리금융지주,8,12897221230,12250,2534.7,,2026-09-09T22:17:22+09:00
2023-09-13,066570,LG전자,9,11647343600,104200,2534.7,,2026-09-09T22:17:22+09:00
2023-09-13,055550,신한지주,10,10748134900,36750,2534.7,,2026-09-09T22:17:22+09:00
2023-09-13,035420,NAVER,11,10545202000,222000,2534.7,,2026-09-09T22:17:22+09:00
2023-09-13,032830,삼성생명,12,9772189700,71600,2534.7,,2026-09-09T22:17:22+09:00
2023-09-13,017670,SK텔레콤,13,9530874500,49700,2534.7,,2026-09-09T22:17:22+09:00
2023-09-13,086790,하나금융지주,14,9442850050,41300,2534.7,,2026-09-09T22:17:22+09:00
2023-09-13,096770,SK이노베이션,15,8340103500,159900,2534.7,,2026-09-09T22:17:22+09:00
2023-09-13,005930,삼성전자,16,7130649000,70900,2534.7,,2026-09-09T22:17:22+09:00
2023-09-13,030200,KT,17,6797966450,31250,2534.7,,2026-09-09T22:17:22+09:00
2023-09-13,068270,셀트리온,18,5248560900,146200,2534.7,,2026-09-09T22:17:22+09:00
2023-09-13,016360,삼성증권,19,5061721850,38300,2534.7,,2026-09-09T22:17:22+09:00
2023-09-13,138040,메리츠금융지주,20,4535855500,54800,2534.7,,2026-09-09T22:17:22+09:00
2023-09-14,402340,SK스퀘어,1,57460937850,41400,2572.89,,2026-09-09T22:17:26+09:00
2023-09-14,003670,포스코퓨처엠,2,41083798000,401500,2572.89,,2026-09-09T22:17:26+09:00
2023-09-14,000660,SK하이닉스,3,25262185500,122200,2572.89,,2026-09-09T22:17:26+09:00
2023-09-14,005490,POSCO홀딩스,4,16587661000,553000,2572.89,,2026-09-09T22:17:26+09:00
2023-09-14,035420,NAVER,5,16523313000,225500,2572.89,,2026-09-09T22:17:26+09:00
2023-09-14,096770,SK이노베이션,6,12705854000,162200,2572.89,,2026-09-09T22:17:26+09:00
2023-09-14,000990,DB하이텍,7,11540380100,51800,2572.89,,2026-09-09T22:17:26+09:00
2023-09-14,042660,한화오션,8,9650001100,34400,2572.89,,2026-09-09T22:17:26+09:00
2023-09-14,302440,SK바이오사이언스,9,8494689200,71300,2572.89,,2026-09-09T22:17:26+09:00
2023-09-14,011200,HMM,10,8471440010,16230,2572.89,,2026-09-09T22:17:26+09:00
2023-09-14,047050,포스코인터내셔널,11,6845955300,77000,2572.89,,2026-09-09T22:17:26+09:00
2023-09-14,042700,한미반도체,12,6359280500,53800,2572.89,,2026-09-09T22:17:26+09:00
2023-09-14,267250,HD현대,13,6154778700,69800,2572.89,,2026-09-09T22:17:26+09:00
2023-09-14,012510,더존비즈온,14,5417184200,34350,2572.89,,2026-09-09T22:17:26+09:00
2023-09-14,066570,LG전자,15,5227346800,104300,2572.89,,2026-09-09T22:17:26+09:00
2023-09-14,030200,KT,16,4628452800,32000,2572.89,,2026-09-09T22:17:26+09:00
2023-09-14,249420,일동제약,17,4206434980,22200,2572.89,,2026-09-09T22:17:26+09:00
2023-09-14,195870,해성디에스,18,4177004000,67800,2572.89,,2026-09-09T22:17:26+09:00
2023-09-14,007660,이수페타시스,19,4120388150,28900,2572.89,,2026-09-09T22:17:26+09:00
2023-09-14,036570,엔씨소프트,20,4094053500,250500,2572.89,,2026-09-09T22:17:26+09:00
2023-09-15,001570,금양,1,31553706500,129300,2601.28,,2026-09-09T22:17:31+09:00
2023-09-15,086790,하나금융지주,2,30877894500,43500,2601.28,,2026-09-09T22:17:31+09:00
2023-09-15,066570,LG전자,3,28858906500,107400,2601.28,,2026-09-09T22:17:31+09:00
2023-09-15,316140,우리금융지주,4,25177630470,12590,2601.28,,2026-09-09T22:17:31+09:00
2023-09-15,096770,SK이노베이션,5,21622535600,159600,2601.28,,2026-09-09T22:17:31+09:00
2023-09-15,047050,포스코인터내셔널,6,21298846600,79600,2601.28,,2026-09-09T22:17:31+09:00
2023-09-15,011200,HMM,7,16963356190,16830,2601.28,,2026-09-09T22:17:31+09:00
2023-09-15,010950,S-Oil,8,15828759300,80700,2601.28,,2026-09-09T22:17:31+09:00
2023-09-15,007660,이수페타시스,9,13891553000,28900,2601.28,,2026-09-09T22:17:31+09:00
2023-09-15,302440,SK바이오사이언스,10,10996946000,72700,2601.28,,2026-09-09T22:17:31+09:00
2023-09-15,003670,포스코퓨처엠,11,10122923000,408500,2601.28,,2026-09-09T22:17:31+09:00
2023-09-15,030200,KT,12,9928608800,32850,2601.28,,2026-09-09T22:17:31+09:00
2023-09-15,055550,신한지주,13,9817495300,38000,2601.28,,2026-09-09T22:17:31+09:00
2023-09-15,035420,NAVER,14,9309497000,229500,2601.28,,2026-09-09T22:17:31+09:00
2023-09-15,006400,삼성SDI,15,9002370000,581000,2601.28,,2026-09-09T22:17:31+09:00
2023-09-15,028670,팬오션,16,8695421530,4820,2601.28,,2026-09-09T22:17:31+09:00
2023-09-15,005070,코스모신소재,17,7789775800,162600,2601.28,,2026-09-09T22:17:31+09:00
2023-09-15,024110,기업은행,18,7772017640,11340,2601.28,,2026-09-09T22:17:31+09:00
2023-09-15,009830,한화솔루션,19,7516770150,32650,2601.28,,2026-09-09T22:17:31+09:00
2023-09-15,088350,한화생명,20,6348179305,3120,2601.28,,2026-09-09T22:17:31+09:00
2023-09-18,096770,SK이노베이션,1,43281048100,164600,2574.72,,2026-09-09T22:17:40+09:00
2023-09-18,003670,포스코퓨처엠,2,26482343000,410500,2574.72,,2026-09-09T22:17:40+09:00
2023-09-18,007660,이수페타시스,3,15243279700,28750,2574.72,,2026-09-09T22:17:40+09:00
2023-09-18,006400,삼성SDI,4,14586836000,567000,2574.72,,2026-09-09T22:17:40+09:00
2023-09-18,241560,두산밥캣,5,11363129100,55200,2574.72,,2026-09-09T22:17:40+09:00
2023-09-18,001570,금양,6,10110255300,131900,2574.72,,2026-09-09T22:17:40+09:00
2023-09-18,005830,DB손해보험,7,8642116500,90900,2574.72,,2026-09-09T22:17:40+09:00
2023-09-18,005380,현대차,8,8142255200,191000,2574.72,,2026-09-09T22:17:40+09:00
2023-09-18,008770,호텔신라,9,7852382300,90100,2574.72,,2026-09-09T22:17:40+09:00
2023-09-18,000120,CJ대한통운,10,7360136800,85600,2574.72,,2026-09-09T22:17:40+09:00
2023-09-18,068270,셀트리온,11,5410976400,146400,2574.72,,2026-09-09T22:17:40+09:00
2023-09-18,307950,현대오토에버,12,5353051600,185400,2574.72,,2026-09-09T22:17:40+09:00
2023-09-18,011790,SKC,13,5280351500,82000,2574.72,,2026-09-09T22:17:40+09:00
2023-09-18,361610,SK아이이테크놀로지,14,5216294100,81000,2574.72,,2026-09-09T22:17:40+09:00
2023-09-18,078520,에이블씨엔씨,15,3423607310,14300,2574.72,,2026-09-09T22:17:40+09:00
2023-09-18,011200,HMM,16,3164117050,16870,2574.72,,2026-09-09T22:17:40+09:00
2023-09-18,017670,SK텔레콤,17,3045733300,50700,2574.72,,2026-09-09T22:17:40+09:00
2023-09-18,195870,해성디에스,18,2900459400,62800,2574.72,,2026-09-09T22:17:40+09:00
2023-09-18,002380,KCC,19,2752492500,265500,2574.72,,2026-09-09T22:17:40+09:00
2023-09-18,004980,성신양회,20,2708144930,9760,2574.72,,2026-09-09T22:17:40+09:00
2023-09-19,005930,삼성전자,1,44621235400,69800,2559.21,,2026-09-09T22:17:44+09:00
2023-09-19,096770,SK이노베이션,2,30646567900,164200,2559.21,,2026-09-09T22:17:44+09:00
2023-09-19,034020,두산에너빌리티,3,27586436630,17900,2559.21,,2026-09-09T22:17:44+09:00
2023-09-19,006400,삼성SDI,4,16172318000,558000,2559.21,,2026-09-09T22:17:44+09:00
2023-09-19,005380,현대차,5,9234309400,190000,2559.21,,2026-09-09T22:17:44+09:00
2023-09-19,000270,기아,6,8775591700,79400,2559.21,,2026-09-09T22:17:44+09:00
2023-09-19,009150,삼성전기,7,7966053700,141800,2559.21,,2026-09-09T22:17:44+09:00
2023-09-19,028260,삼성물산,8,7053064600,108900,2559.21,,2026-09-09T22:17:44+09:00
2023-09-19,316140,우리금융지주,9,6479666440,12490,2559.21,,2026-09-09T22:17:44+09:00
2023-09-19,005830,DB손해보험,10,5981741300,92600,2559.21,,2026-09-09T22:17:44+09:00
2023-09-19,192820,코스맥스,11,5743541500,132500,2559.21,,2026-09-09T22:17:44+09:00
2023-09-19,058430,포스코스틸리온,12,5640528300,76600,2559.21,,2026-09-09T22:17:44+09:00
2023-09-19,267250,HD현대,13,5458214600,70100,2559.21,,2026-09-09T22:17:44+09:00
2023-09-19,248070,솔루엠,14,5209856050,30600,2559.21,,2026-09-09T22:17:44+09:00
2023-09-19,012330,현대모비스,15,5051493500,237000,2559.21,,2026-09-09T22:17:44+09:00
2023-09-19,005935,삼성전자우,16,5004531800,56900,2559.21,,2026-09-09T22:17:44+09:00
2023-09-19,047050,포스코인터내셔널,17,4862617200,79400,2559.21,,2026-09-09T22:17:44+09:00
2023-09-19,017670,SK텔레콤,18,4743304400,50600,2559.21,,2026-09-09T22:17:44+09:00
2023-09-19,006740,영풍제지,19,4248829650,46400,2559.21,,2026-09-09T22:17:44+09:00
2023-09-19,030200,KT,20,4225917100,32250,2559.21,,2026-09-09T22:17:44+09:00
2023-09-20,005380,현대차,1,46591516700,194900,2559.74,,2026-09-09T22:17:48+09:00
2023-09-20,000270,기아,2,34670650300,81400,2559.74,,2026-09-09T22:17:48+09:00
2023-09-20,047050,포스코인터내셔널,3,23548574500,81300,2559.74,,2026-09-09T22:17:48+09:00
2023-09-20,011200,HMM,4,15286118560,17210,2559.74,,2026-09-09T22:17:48+09:00
2023-09-20,030200,KT,5,14287593650,32900,2559.74,,2026-09-09T22:17:48+09:00
2023-09-20,267250,HD현대,6,9956407000,67600,2559.74,,2026-09-09T22:17:48+09:00
2023-09-20,005940,NH투자증권,7,6887423850,10810,2559.74,,2026-09-09T22:17:48+09:00
2023-09-20,003670,포스코퓨처엠,8,6729405500,411000,2559.74,,2026-09-09T22:17:48+09:00
2023-09-20,012330,현대모비스,9,6091995500,242500,2559.74,,2026-09-09T22:17:48+09:00
2023-09-20,017670,SK텔레콤,10,5177038900,50700,2559.74,,2026-09-09T22:17:48+09:00
2023-09-20,010140,삼성중공업,11,4564678260,8430,2559.74,,2026-09-09T22:17:48+09:00
2023-09-20,034730,SK,12,4373945200,152600,2559.74,,2026-09-09T22:17:48+09:00
2023-09-20,001570,금양,13,4334473400,130800,2559.74,,2026-09-09T22:17:48+09:00
2023-09-20,316140,우리금융지주,14,4031798670,12560,2559.74,,2026-09-09T22:17:48+09:00
2023-09-20,090430,아모레퍼시픽,15,3670011700,123700,2559.74,,2026-09-09T22:17:48+09:00
2023-09-20,007660,이수페타시스,16,3574217150,28050,2559.74,,2026-09-09T22:17:48+09:00
2023-09-20,009150,삼성전기,17,3488276800,142200,2559.74,,2026-09-09T22:17:48+09:00
2023-09-20,068270,셀트리온,18,3241287800,145300,2559.74,,2026-09-09T22:17:48+09:00
2023-09-20,064350,현대로템,19,2975739500,29700,2559.74,,2026-09-09T22:17:48+09:00
2023-09-20,002710,TCC스틸,20,2615561100,55800,2559.74,,2026-09-09T22:17:48+09:00
2023-09-21,005930,삼성전자,1,151304948300,68900,2514.97,,2026-09-09T22:17:52+09:00
2023-09-21,001570,금양,2,16426882000,129500,2514.97,,2026-09-09T22:17:52+09:00
2023-09-21,005380,현대차,3,10816694000,191900,2514.97,,2026-09-09T22:17:52+09:00
2023-09-21,005935,삼성전자우,4,9608900400,55800,2514.97,,2026-09-09T22:17:52+09:00
2023-09-21,007660,이수페타시스,5,8892651750,26550,2514.97,,2026-09-09T22:17:52+09:00
2023-09-21,086790,하나금융지주,6,8262901600,44250,2514.97,,2026-09-09T22:17:52+09:00
2023-09-21,055550,신한지주,7,7900430750,37500,2514.97,,2026-09-09T22:17:52+09:00
2023-09-21,000270,기아,8,7838591500,79800,2514.97,,2026-09-09T22:17:52+09:00
2023-09-21,066570,LG전자,9,7679830900,102900,2514.97,,2026-09-09T22:17:52+09:00
2023-09-21,028260,삼성물산,10,7401653900,108200,2514.97,,2026-09-09T22:17:52+09:00
2023-09-21,105560,KB금융,11,7138497100,57300,2514.97,,2026-09-09T22:17:52+09:00
2023-09-21,012450,한화에어로스페이스,12,5903490500,109200,2514.97,,2026-09-09T22:17:52+09:00
2023-09-21,009420,한올바이오파마,13,5626040200,25600,2514.97,,2026-09-09T22:17:52+09:00
2023-09-21,000810,삼성화재,14,4929379500,263500,2514.97,,2026-09-09T22:17:52+09:00
2023-09-21,030200,KT,15,4873524500,32800,2514.97,,2026-09-09T22:17:52+09:00
2023-09-21,011200,HMM,16,4799103870,17260,2514.97,,2026-09-09T22:17:52+09:00
2023-09-21,009540,HD한국조선해양,17,4645794900,118000,2514.97,,2026-09-09T22:17:52+09:00
2023-09-21,353200,대덕전자,18,4462485250,25900,2514.97,,2026-09-09T22:17:52+09:00
2023-09-21,004020,현대제철,19,4448789650,39400,2514.97,,2026-09-09T22:17:52+09:00
2023-09-21,009830,한화솔루션,20,4265229800,30600,2514.97,,2026-09-09T22:17:52+09:00
2023-09-22,105560,KB금융,1,9051839400,57500,2508.13,,2026-09-09T22:17:57+09:00
2023-09-22,000270,기아,2,8663625400,80200,2508.13,,2026-09-09T22:17:57+09:00
2023-09-22,086790,하나금융지주,3,8623051750,44400,2508.13,,2026-09-09T22:17:57+09:00
2023-09-22,138040,메리츠금융지주,4,7327278400,57400,2508.13,,2026-09-09T22:17:57+09:00
2023-09-22,042700,한미반도체,5,7224557700,49800,2508.13,,2026-09-09T22:17:57+09:00
2023-09-22,034220,LG디스플레이,6,6230714270,13660,2508.13,,2026-09-09T22:17:57+09:00
2023-09-22,352820,하이브,7,6003954000,230500,2508.13,,2026-09-09T22:17:57+09:00
2023-09-22,316140,우리금융지주,8,5512287170,12530,2508.13,,2026-09-09T22:17:57+09:00
2023-09-22,000810,삼성화재,9,5318248500,268500,2508.13,,2026-09-09T22:17:57+09:00
2023-09-22,058430,포스코스틸리온,10,4195466900,73000,2508.13,,2026-09-09T22:17:57+09:00
2023-09-22,009540,HD한국조선해양,11,4047134900,115800,2508.13,,2026-09-09T22:17:57+09:00
2023-09-22,010620,현대미포조선,12,3681426800,86600,2508.13,,2026-09-09T22:17:57+09:00
2023-09-22,456040,OCI,13,3486820300,131800,2508.13,,2026-09-09T22:17:57+09:00
2023-09-22,082740,HSD엔진,14,3318168010,9040,2508.13,,2026-09-09T22:17:57+09:00
2023-09-22,030200,KT,15,3154328700,32650,2508.13,,2026-09-09T22:17:57+09:00
2023-09-22,010140,삼성중공업,16,2980373950,8050,2508.13,,2026-09-09T22:17:57+09:00
2023-09-22,011810,STX,17,2974869300,22750,2508.13,,2026-09-09T22:17:57+09:00
2023-09-22,161890,한국콜마,18,2906278900,49600,2508.13,,2026-09-09T22:17:57+09:00
2023-09-22,012330,현대모비스,19,2877531000,239500,2508.13,,2026-09-09T22:17:57+09:00
2023-09-22,058850,KTcs,20,2719814675,4265,2508.13,,2026-09-09T22:17:57+09:00
2023-09-25,000270,기아,1,31554744300,82100,2495.76,,2026-09-09T22:18:06+09:00
2023-09-25,005930,삼성전자,2,31062902000,69400,2495.76,,2026-09-09T22:18:06+09:00
2023-09-25,352820,하이브,3,21871822500,242500,2495.76,,2026-09-09T22:18:06+09:00
2023-09-25,047050,포스코인터내셔널,4,14216689700,72800,2495.76,,2026-09-09T22:18:06+09:00
2023-09-25,138040,메리츠금융지주,5,8161878100,58600,2495.76,,2026-09-09T22:18:06+09:00
2023-09-25,017670,SK텔레콤,6,7746940100,51000,2495.76,,2026-09-09T22:18:06+09:00
2023-09-25,009150,삼성전기,7,7292361100,138400,2495.76,,2026-09-09T22:18:06+09:00
2023-09-25,010140,삼성중공업,8,6880921140,7900,2495.76,,2026-09-09T22:18:06+09:00
2023-09-25,009540,HD한국조선해양,9,6840572200,116300,2495.76,,2026-09-09T22:18:06+09:00
2023-09-25,011810,STX,10,6724960500,21500,2495.76,,2026-09-09T22:18:06+09:00
2023-09-25,267260,HD현대일렉트릭,11,5170706800,67300,2495.76,,2026-09-09T22:18:06+09:00
2023-09-25,006740,영풍제지,12,4792324800,47800,2495.76,,2026-09-09T22:18:06+09:00
2023-09-25,064350,현대로템,13,4694195150,27650,2495.76,,2026-09-09T22:18:06+09:00
2023-09-25,012450,한화에어로스페이스,14,4373503100,104400,2495.76,,2026-09-09T22:18:06+09:00
2023-09-25,008770,호텔신라,15,4302209800,87100,2495.76,,2026-09-09T22:18:06+09:00
2023-09-25,361610,SK아이이테크놀로지,16,4272944200,74900,2495.76,,2026-09-09T22:18:06+09:00
2023-09-25,030200,KT,17,4040834050,32900,2495.76,,2026-09-09T22:18:06+09:00
2023-09-25,058430,포스코스틸리온,18,3550584400,67800,2495.76,,2026-09-09T22:18:06+09:00
2023-09-25,028260,삼성물산,19,3475007200,108900,2495.76,,2026-09-09T22:18:06+09:00
2023-09-25,010620,현대미포조선,20,3405446300,85900,2495.76,,2026-09-09T22:18:06+09:00
2023-09-26,005930,삼성전자,1,26937685100,68600,2462.97,,2026-09-09T22:18:11+09:00
2023-09-26,003670,포스코퓨처엠,2,21103501000,368000,2462.97,,2026-09-09T22:18:11+09:00
2023-09-26,047050,포스코인터내셔널,3,18535968800,72700,2462.97,,2026-09-09T22:18:11+09:00
2023-09-26,017670,SK텔레콤,4,7890665200,51500,2462.97,,2026-09-09T22:18:11+09:00
2023-09-26,105560,KB금융,5,7872574100,55700,2462.97,,2026-09-09T22:18:11+09:00
2023-09-26,241560,두산밥캣,6,7134918800,51400,2462.97,,2026-09-09T22:18:11+09:00
2023-09-26,006400,삼성SDI,7,7126605000,522000,2462.97,,2026-09-09T22:18:11+09:00
2023-09-26,009540,HD한국조선해양,8,6515083800,114500,2462.97,,2026-09-09T22:18:11+09:00
2023-09-26,005490,POSCO홀딩스,9,6365755000,533000,2462.97,,2026-09-09T22:18:11+09:00
2023-09-26,030200,KT,10,6212255850,32850,2462.97,,2026-09-09T22:18:11+09:00
2023-09-26,007660,이수페타시스,11,6137890850,26100,2462.97,,2026-09-09T22:18:11+09:00
2023-09-26,028260,삼성물산,12,5875417900,107800,2462.97,,2026-09-09T22:18:11+09:00
2023-09-26,373220,LG에너지솔루션,13,5512162500,475500,2462.97,,2026-09-09T22:18:11+09:00
2023-09-26,298040,효성중공업,14,5341770800,166500,2462.97,,2026-09-09T22:18:11+09:00
2023-09-26,011790,SKC,15,4900284600,75100,2462.97,,2026-09-09T22:18:11+09:00
2023-09-26,011810,STX,16,4511902700,20350,2462.97,,2026-09-09T22:18:11+09:00
2023-09-26,352820,하이브,17,4153377000,242500,2462.97,,2026-09-09T22:18:11+09:00
2023-09-26,064350,현대로템,18,3784819100,27250,2462.97,,2026-09-09T22:18:11+09:00
2023-09-26,088350,한화생명,19,3648980575,2890,2462.97,,2026-09-09T22:18:11+09:00
2023-09-26,000270,기아,20,3403800400,80900,2462.97,,2026-09-09T22:18:11+09:00
2023-09-27,005930,삼성전자,1,56530253000,68400,2465.07,,2026-09-09T22:18:15+09:00
2023-09-27,005380,현대차,2,17240530500,191100,2465.07,,2026-09-09T22:18:15+09:00
2023-09-27,000270,기아,3,12372927100,81400,2465.07,,2026-09-09T22:18:15+09:00
2023-09-27,017670,SK텔레콤,4,12203155900,52000,2465.07,,2026-09-09T22:18:15+09:00
2023-09-27,068270,셀트리온,5,10099347700,139200,2465.07,,2026-09-09T22:18:15+09:00
2023-09-27,030200,KT,6,9936917050,33150,2465.07,,2026-09-09T22:18:15+09:00
2023-09-27,105560,KB금융,7,7633730800,55300,2465.07,,2026-09-09T22:18:15+09:00
2023-09-27,028260,삼성물산,8,6009585300,107600,2465.07,,2026-09-09T22:18:15+09:00
2023-09-27,047050,포스코인터내셔널,9,4865646300,71400,2465.07,,2026-09-09T22:18:15+09:00
2023-09-27,241560,두산밥캣,10,4562677700,51000,2465.07,,2026-09-09T22:18:15+09:00
2023-09-27,009540,HD한국조선해양,11,4231801000,111000,2465.07,,2026-09-09T22:18:15+09:00
2023-09-27,012330,현대모비스,12,4188344500,240500,2465.07,,2026-09-09T22:18:15+09:00
2023-09-27,204320,HL만도,13,4016808900,42000,2465.07,,2026-09-09T22:18:15+09:00
2023-09-27,011790,SKC,14,3968268700,75900,2465.07,,2026-09-09T22:18:15+09:00
2023-09-27,069620,대웅제약,15,3891941900,112800,2465.07,,2026-09-09T22:18:15+09:00
2023-09-27,018880,한온시스템,16,3824198880,9420,2465.07,,2026-09-09T22:18:15+09:00
2023-09-27,055550,신한지주,17,3823244250,35600,2465.07,,2026-09-09T22:18:15+09:00
2023-09-27,006740,영풍제지,18,3533601450,47750,2465.07,,2026-09-09T22:18:15+09:00
2023-09-27,161390,한국타이어앤테크놀로지,19,3145735100,39600,2465.07,,2026-09-09T22:18:15+09:00
2023-09-27,092200,디아이씨,20,3133509420,6580,2465.07,,2026-09-09T22:18:15+09:00
2023-10-04,000660,SK하이닉스,1,52216785500,115400,2405.69,,2026-09-09T22:18:33+09:00
2023-10-04,030200,KT,2,19259494050,33150,2405.69,,2026-09-09T22:18:33+09:00
2023-10-04,000270,기아,3,19196158900,81900,2405.69,,2026-09-09T22:18:33+09:00
2023-10-04,001570,금양,4,11096352200,119100,2405.69,,2026-09-09T22:18:33+09:00
2023-10-04,047050,포스코인터내셔널,5,8791660800,68000,2405.69,,2026-09-09T22:18:33+09:00
2023-10-04,018260,삼성에스디에스,6,7572395700,136800,2405.69,,2026-09-09T22:18:33+09:00
2023-10-04,241560,두산밥캣,7,7391120400,48050,2405.69,,2026-09-09T22:18:33+09:00
2023-10-04,009540,HD한국조선해양,8,6882898400,104800,2405.69,,2026-09-09T22:18:33+09:00
2023-10-04,032350,롯데관광개발,9,6536993330,12010,2405.69,,2026-09-09T22:18:33+09:00
2023-10-04,051900,LG생활건강,10,5540387500,438000,2405.69,,2026-09-09T22:18:33+09:00
2023-10-04,105560,KB금융,11,5260010400,54700,2405.69,,2026-09-09T22:18:33+09:00
2023-10-04,005380,현대차,12,5257720900,190800,2405.69,,2026-09-09T22:18:33+09:00
2023-10-04,008770,호텔신라,13,4575053700,79100,2405.69,,2026-09-09T22:18:33+09:00
2023-10-04,012450,한화에어로스페이스,14,4242221900,102200,2405.69,,2026-09-09T22:18:33+09:00
2023-10-04,383220,F&F,15,4101827200,110900,2405.69,,2026-09-09T22:18:33+09:00
2023-10-04,069960,현대백화점,16,4027230200,59200,2405.69,,2026-09-09T22:18:33+09:00
2023-10-04,032640,LG유플러스,17,3404199770,10500,2405.69,,2026-09-09T22:18:33+09:00
2023-10-04,086790,하나금융지주,18,3340067000,41400,2405.69,,2026-09-09T22:18:33+09:00
2023-10-04,042700,한미반도체,19,2699361100,54200,2405.69,,2026-09-09T22:18:33+09:00
2023-10-04,004170,신세계,20,2689595200,185000,2405.69,,2026-09-09T22:18:33+09:00
2023-10-05,000660,SK하이닉스,1,196450787900,120200,2403.6,,2026-09-09T22:18:37+09:00
2023-10-05,000270,기아,2,25948036300,83500,2403.6,,2026-09-09T22:18:37+09:00
2023-10-05,352820,하이브,3,12373356000,227000,2403.6,,2026-09-09T22:18:37+09:00
2023-10-05,003670,포스코퓨처엠,4,12059717500,333000,2403.6,,2026-09-09T22:18:37+09:00
2023-10-05,002710,TCC스틸,5,10872867900,58000,2403.6,,2026-09-09T22:18:37+09:00
2023-10-05,005070,코스모신소재,6,8993400200,151900,2403.6,,2026-09-09T22:18:37+09:00
2023-10-05,047050,포스코인터내셔널,7,7119996200,67200,2403.6,,2026-09-09T22:18:37+09:00
2023-10-05,005935,삼성전자우,8,6986309000,53700,2403.6,,2026-09-09T22:18:37+09:00
2023-10-05,005420,코스모화학,9,6956423800,37300,2403.6,,2026-09-09T22:18:37+09:00
2023-10-05,010950,S-Oil,10,6905063300,72400,2403.6,,2026-09-09T22:18:37+09:00
2023-10-05,012450,한화에어로스페이스,11,5677396200,98700,2403.6,,2026-09-09T22:18:37+09:00
2023-10-05,241560,두산밥캣,12,5229571800,48000,2403.6,,2026-09-09T22:18:37+09:00
2023-10-05,030200,KT,13,5217732650,32850,2403.6,,2026-09-09T22:18:37+09:00
2023-10-05,006110,삼아알미늄,14,5110411500,110000,2403.6,,2026-09-09T22:18:37+09:00
2023-10-05,009540,HD한국조선해양,15,5103884900,103000,2403.6,,2026-09-09T22:18:37+09:00
2023-10-05,032350,롯데관광개발,16,5006289530,11260,2403.6,,2026-09-09T22:18:37+09:00
2023-10-05,010120,LS ELECTRIC,17,4730133600,90100,2403.6,,2026-09-09T22:18:37+09:00
2023-10-05,010140,삼성중공업,18,4200550620,7280,2403.6,,2026-09-09T22:18:37+09:00
2023-10-05,066570,LG전자,19,4092282900,98600,2403.6,,2026-09-09T22:18:37+09:00
2023-10-05,259960,크래프톤,20,3127433900,148000,2403.6,,2026-09-09T22:18:37+09:00
2023-10-06,000270,기아,1,22657215700,85200,2408.73,,2026-09-09T22:18:41+09:00
2023-10-06,000100,유한양행,2,18532872500,77100,2408.73,,2026-09-09T22:18:41+09:00
2023-10-06,006740,영풍제지,3,13580649650,47700,2408.73,,2026-09-09T22:18:41+09:00
2023-10-06,086790,하나금융지주,4,12719224700,42800,2408.73,,2026-09-09T22:18:41+09:00
2023-10-06,068270,셀트리온,5,12643278400,137000,2408.73,,2026-09-09T22:18:41+09:00
2023-10-06,005490,POSCO홀딩스,6,12187041000,514000,2408.73,,2026-09-09T22:18:41+09:00
2023-10-06,001570,금양,7,10117967100,110100,2408.73,,2026-09-09T22:18:41+09:00
2023-10-06,003670,포스코퓨처엠,8,7899973000,333000,2408.73,,2026-09-09T22:18:41+09:00
2023-10-06,010140,삼성중공업,9,7612557580,7190,2408.73,,2026-09-09T22:18:41+09:00
2023-10-06,000150,두산,10,6763532900,88100,2408.73,,2026-09-09T22:18:41+09:00
2023-10-06,090430,아모레퍼시픽,11,6392247100,116000,2408.73,,2026-09-09T22:18:41+09:00
2023-10-06,055550,신한지주,12,5791070200,35350,2408.73,,2026-09-09T22:18:41+09:00
2023-10-06,035720,카카오,13,5209510300,42050,2408.73,,2026-09-09T22:18:41+09:00
2023-10-06,316140,우리금융지주,14,4950911860,12310,2408.73,,2026-09-09T22:18:41+09:00
2023-10-06,042700,한미반도체,15,4240673500,53100,2408.73,,2026-09-09T22:18:41+09:00
2023-10-06,352820,하이브,16,4192239500,229000,2408.73,,2026-09-09T22:18:41+09:00
2023-10-06,008770,호텔신라,17,3816332400,77300,2408.73,,2026-09-09T22:18:41+09:00
2023-10-06,024110,기업은행,18,3597184540,11380,2408.73,,2026-09-09T22:18:41+09:00
2023-10-06,047050,포스코인터내셔널,19,3353687500,67000,2408.73,,2026-09-09T22:18:41+09:00
2023-10-06,128940,한미약품,20,3326662000,311500,2408.73,,2026-09-09T22:18:41+09:00
2023-10-10,000660,SK하이닉스,1,28480746200,119500,2402.58,,2026-09-09T22:18:51+09:00
2023-10-10,001570,금양,2,27837758000,103000,2402.58,,2026-09-09T22:18:51+09:00
2023-10-10,003670,포스코퓨처엠,3,23960285000,314500,2402.58,,2026-09-09T22:18:51+09:00
2023-10-10,047810,한국항공우주,4,16586436850,49850,2402.58,,2026-09-09T22:18:51+09:00
2023-10-10,006400,삼성SDI,5,14148659000,490000,2402.58,,2026-09-09T22:18:51+09:00
2023-10-10,005935,삼성전자우,6,13489772800,53900,2402.58,,2026-09-09T22:18:51+09:00
2023-10-10,030200,KT,7,13440683350,33550,2402.58,,2026-09-09T22:18:51+09:00
2023-10-10,000150,두산,8,13358268000,85700,2402.58,,2026-09-09T22:18:51+09:00
2023-10-10,047050,포스코인터내셔널,9,11344405400,64900,2402.58,,2026-09-09T22:18:51+09:00
2023-10-10,000270,기아,10,9377758400,84100,2402.58,,2026-09-09T22:18:51+09:00
2023-10-10,090430,아모레퍼시픽,11,8607977000,115700,2402.58,,2026-09-09T22:18:51+09:00
2023-10-10,017670,SK텔레콤,12,8480941650,49400,2402.58,,2026-09-09T22:18:51+09:00
2023-10-10,079550,LIG넥스원,13,7338275900,91700,2402.58,,2026-09-09T22:18:51+09:00
2023-10-10,009150,삼성전기,14,6697584500,134400,2402.58,,2026-09-09T22:18:51+09:00
2023-10-10,034220,LG디스플레이,15,6235186840,12120,2402.58,,2026-09-09T22:18:51+09:00
2023-10-10,192820,코스맥스,16,5961385200,115300,2402.58,,2026-09-09T22:18:51+09:00
2023-10-10,016360,삼성증권,17,5656586850,37750,2402.58,,2026-09-09T22:18:51+09:00
2023-10-10,011070,LG이노텍,18,5476248000,234500,2402.58,,2026-09-09T22:18:51+09:00
2023-10-10,010120,LS ELECTRIC,19,5081574100,85000,2402.58,,2026-09-09T22:18:51+09:00
2023-10-10,139130,DGB금융지주,20,4592671620,8230,2402.58,,2026-09-09T22:18:51+09:00
2023-10-11,005930,삼성전자,1,30613523600,68200,2450.08,,2026-09-09T22:18:56+09:00
2023-10-11,000270,기아,2,17443116100,84500,2450.08,,2026-09-09T22:18:56+09:00
2023-10-11,066570,LG전자,3,15088836500,106600,2450.08,,2026-09-09T22:18:56+09:00
2023-10-11,009150,삼성전기,4,10310850200,138600,2450.08,,2026-09-09T22:18:56+09:00
2023-10-11,042700,한미반도체,5,9990348400,51500,2450.08,,2026-09-09T22:18:56+09:00
2023-10-11,007660,이수페타시스,6,9258925800,28400,2450.08,,2026-09-09T22:18:56+09:00
2023-10-11,039490,키움증권,7,8140158800,107500,2450.08,,2026-09-09T22:18:56+09:00
2023-10-11,047810,한국항공우주,8,7571820100,50600,2450.08,,2026-09-09T22:18:56+09:00
2023-10-11,005830,DB손해보험,9,6505950000,89100,2450.08,,2026-09-09T22:18:56+09:00
2023-10-11,012450,한화에어로스페이스,10,6312272600,103600,2450.08,,2026-09-09T22:18:56+09:00
2023-10-11,009420,한올바이오파마,11,5565892200,39450,2450.08,,2026-09-09T22:18:56+09:00
2023-10-11,042660,한화오션,12,5286369000,29600,2450.08,,2026-09-09T22:18:56+09:00
2023-10-11,001570,금양,13,5023447100,111000,2450.08,,2026-09-09T22:18:56+09:00
2023-10-11,034220,LG디스플레이,14,4503673660,12580,2450.08,,2026-09-09T22:18:56+09:00
2023-10-11,001040,CJ,15,4145984300,79600,2450.08,,2026-09-09T22:18:56+09:00
2023-10-11,034020,두산에너빌리티,16,3748445020,15210,2450.08,,2026-09-09T22:18:56+09:00
2023-10-11,361610,SK아이이테크놀로지,17,3729674900,70300,2450.08,,2026-09-09T22:18:56+09:00
2023-10-11,005070,코스모신소재,18,3661515500,159100,2450.08,,2026-09-09T22:18:56+09:00
2023-10-11,030200,KT,19,3549288200,33500,2450.08,,2026-09-09T22:18:56+09:00
2023-10-11,000400,롯데손해보험,20,3512308765,2895,2450.08,,2026-09-09T22:18:56+09:00
2023-10-12,000660,SK하이닉스,1,58751833700,124200,2479.82,,2026-09-09T22:19:02+09:00
2023-10-12,005490,POSCO홀딩스,2,30301075000,518000,2479.82,,2026-09-09T22:19:02+09:00
2023-10-12,034730,SK,3,22065934400,159100,2479.82,,2026-09-09T22:19:02+09:00
2023-10-12,042700,한미반도체,4,19087358700,55700,2479.82,,2026-09-09T22:19:02+09:00
2023-10-12,006740,영풍제지,5,15512556800,47450,2479.82,,2026-09-09T22:19:02+09:00
2023-10-12,204320,HL만도,6,9851939800,40400,2479.82,,2026-09-09T22:19:02+09:00
2023-10-12,066570,LG전자,7,9040100100,106000,2479.82,,2026-09-09T22:19:02+09:00
2023-10-12,008770,호텔신라,8,8700623700,72900,2479.82,,2026-09-09T22:19:02+09:00
2023-10-12,035720,카카오,9,7834750050,43650,2479.82,,2026-09-09T22:19:02+09:00
2023-10-12,002710,TCC스틸,10,7783095400,68900,2479.82,,2026-09-09T22:19:02+09:00
2023-10-12,005070,코스모신소재,11,7146628100,168400,2479.82,,2026-09-09T22:19:02+09:00
2023-10-12,017670,SK텔레콤,12,6940726150,49100,2479.82,,2026-09-09T22:19:02+09:00
2023-10-12,086790,하나금융지주,13,6714409950,43250,2479.82,,2026-09-09T22:19:02+09:00
2023-10-12,036570,엔씨소프트,14,5723709500,228500,2479.82,,2026-09-09T22:19:02+09:00
2023-10-12,000150,두산,15,5122922100,89700,2479.82,,2026-09-09T22:19:02+09:00
2023-10-12,006110,삼아알미늄,16,5055266000,152400,2479.82,,2026-09-09T22:19:02+09:00
2023-10-12,001040,CJ,17,4594856400,80200,2479.82,,2026-09-09T22:19:02+09:00
2023-10-12,011070,LG이노텍,18,3793847000,239500,2479.82,,2026-09-09T22:19:02+09:00
2023-10-12,005830,DB손해보험,19,3682335400,88700,2479.82,,2026-09-09T22:19:02+09:00
2023-10-12,005935,삼성전자우,20,3498123700,55700,2479.82,,2026-09-09T22:19:02+09:00
2023-10-13,000660,SK하이닉스,1,77223627200,124700,2456.15,,2026-09-09T22:19:08+09:00
2023-10-13,000270,기아,2,22243686800,84200,2456.15,,2026-09-09T22:19:08+09:00
2023-10-13,086790,하나금융지주,3,12459576950,43500,2456.15,,2026-09-09T22:19:08+09:00
2023-10-13,009420,한올바이오파마,4,11080260100,35950,2456.15,,2026-09-09T22:19:08+09:00
2023-10-13,032830,삼성생명,5,10587469200,73100,2456.15,,2026-09-09T22:19:08+09:00
2023-10-13,009150,삼성전기,6,9006789100,140000,2456.15,,2026-09-09T22:19:08+09:00
2023-10-13,090430,아모레퍼시픽,7,7812984500,114100,2456.15,,2026-09-09T22:19:08+09:00
2023-10-13,316140,우리금융지주,8,7487077290,12540,2456.15,,2026-09-09T22:19:08+09:00
2023-10-13,042700,한미반도체,9,7389013100,57300,2456.15,,2026-09-09T22:19:08+09:00
2023-10-13,017670,SK텔레콤,10,6963204300,49150,2456.15,,2026-09-09T22:19:08+09:00
2023-10-13,009540,HD한국조선해양,11,6898556100,99900,2456.15,,2026-09-09T22:19:08+09:00
2023-10-13,024110,기업은행,12,5391977540,11750,2456.15,,2026-09-09T22:19:08+09:00
2023-10-13,066570,LG전자,13,5100181700,105100,2456.15,,2026-09-09T22:19:08+09:00
2023-10-13,047810,한국항공우주,14,4502164750,51400,2456.15,,2026-09-09T22:19:08+09:00
2023-10-13,207940,삼성바이오로직스,15,3813636000,721000,2456.15,,2026-09-09T22:19:08+09:00
2023-10-13,241560,두산밥캣,16,3764889700,51000,2456.15,,2026-09-09T22:19:08+09:00
2023-10-13,012330,현대모비스,17,3733026000,232500,2456.15,,2026-09-09T22:19:08+09:00
2023-10-13,001450,현대해상,18,3679787750,33500,2456.15,,2026-09-09T22:19:08+09:00
2023-10-13,005830,DB손해보험,19,3440110400,88700,2456.15,,2026-09-09T22:19:08+09:00
2023-10-13,005935,삼성전자우,20,3372939200,55300,2456.15,,2026-09-09T22:19:08+09:00
2023-10-16,000270,기아,1,16301120100,83900,2436.24,,2026-09-09T22:19:18+09:00
2023-10-16,006740,영풍제지,2,8848776850,48300,2436.24,,2026-09-09T22:19:18+09:00
2023-10-16,034020,두산에너빌리티,3,8376743930,14290,2436.24,,2026-09-09T22:19:18+09:00
2023-10-16,047810,한국항공우주,4,8345017600,50900,2436.24,,2026-09-09T22:19:18+09:00
2023-10-16,042660,한화오션,5,6421218900,27700,2436.24,,2026-09-09T22:19:18+09:00
2023-10-16,033780,KT&G,6,6137072700,89000,2436.24,,2026-09-09T22:19:18+09:00
2023-10-16,011200,HMM,7,5736153100,14710,2436.24,,2026-09-09T22:19:18+09:00
2023-10-16,068270,셀트리온,8,5495499700,144500,2436.24,,2026-09-09T22:19:18+09:00
2023-10-16,001040,CJ,9,5423322000,78700,2436.24,,2026-09-09T22:19:18+09:00
2023-10-16,090430,아모레퍼시픽,10,5397378500,110200,2436.24,,2026-09-09T22:19:18+09:00
2023-10-16,035420,NAVER,11,5347994800,189700,2436.24,,2026-09-09T22:19:18+09:00
2023-10-16,009150,삼성전기,12,4643944100,136800,2436.24,,2026-09-09T22:19:18+09:00
2023-10-16,086790,하나금융지주,13,4635643150,43700,2436.24,,2026-09-09T22:19:18+09:00
2023-10-16,030200,KT,14,3873521950,32950,2436.24,,2026-09-09T22:19:18+09:00
2023-10-16,001570,금양,15,3721106100,118200,2436.24,,2026-09-09T22:19:18+09:00
2023-10-16,000150,두산,16,3535412600,83600,2436.24,,2026-09-09T22:19:18+09:00
2023-10-16,204320,HL만도,17,3444872900,36900,2436.24,,2026-09-09T22:19:18+09:00
2023-10-16,267260,HD현대일렉트릭,18,3250897200,73000,2436.24,,2026-09-09T22:19:18+09:00
2023-10-16,042670,HD현대인프라코어,19,3220773620,9270,2436.24,,2026-09-09T22:19:18+09:00
2023-10-16,018260,삼성에스디에스,20,3204528400,135500,2436.24,,2026-09-09T22:19:18+09:00
2023-10-17,005930,삼성전자,1,325560360700,69400,2460.17,,2026-09-09T22:19:23+09:00
2023-10-17,000660,SK하이닉스,2,146258165400,130000,2460.17,,2026-09-09T22:19:23+09:00
2023-10-17,005380,현대차,3,18284737300,188500,2460.17,,2026-09-09T22:19:23+09:00
2023-10-17,009150,삼성전기,4,12519376700,139800,2460.17,,2026-09-09T22:19:23+09:00
2023-10-17,064350,현대로템,5,8262185300,27650,2460.17,,2026-09-09T22:19:23+09:00
2023-10-17,011070,LG이노텍,6,6679461000,237000,2460.17,,2026-09-09T22:19:23+09:00
2023-10-17,005830,DB손해보험,7,6066618900,88400,2460.17,,2026-09-09T22:19:23+09:00
2023-10-17,000080,하이트진로,8,5574402100,21000,2460.17,,2026-09-09T22:19:23+09:00
2023-10-17,229640,LS전선아시아,9,5389641300,12520,2460.17,,2026-09-09T22:19:23+09:00
2023-10-17,042660,한화오션,10,5354499400,27250,2460.17,,2026-09-09T22:19:23+09:00
2023-10-17,042670,HD현대인프라코어,11,4326949840,9190,2460.17,,2026-09-09T22:19:23+09:00
2023-10-17,066570,LG전자,12,4240970300,106200,2460.17,,2026-09-09T22:19:23+09:00
2023-10-17,267260,HD현대일렉트릭,13,4177763500,76000,2460.17,,2026-09-09T22:19:23+09:00
2023-10-17,009420,한올바이오파마,14,3906166050,35900,2460.17,,2026-09-09T22:19:23+09:00
2023-10-17,018260,삼성에스디에스,15,3825340500,136900,2460.17,,2026-09-09T22:19:23+09:00
2023-10-17,000990,DB하이텍,16,3557811400,52600,2460.17,,2026-09-09T22:19:23+09:00
2023-10-17,006110,삼아알미늄,17,3386464600,150800,2460.17,,2026-09-09T22:19:23+09:00
2023-10-17,068270,셀트리온,18,3381799500,145000,2460.17,,2026-09-09T22:19:23+09:00
2023-10-17,271560,오리온,19,3108267900,126600,2460.17,,2026-09-09T22:19:23+09:00
2023-10-17,241560,두산밥캣,20,2987140750,49950,2460.17,,2026-09-09T22:19:23+09:00
2023-10-18,005930,삼성전자,1,344677378200,70500,2462.6,,2026-09-09T22:19:28+09:00
2023-10-18,005380,현대차,2,31182486700,191800,2462.6,,2026-09-09T22:19:28+09:00
2023-10-18,009150,삼성전기,3,21092348000,144800,2462.6,,2026-09-09T22:19:28+09:00
2023-10-18,009420,한올바이오파마,4,13527386800,33900,2462.6,,2026-09-09T22:19:28+09:00
2023-10-18,105560,KB금융,5,10435878000,57700,2462.6,,2026-09-09T22:19:28+09:00
2023-10-18,000270,기아,6,9884527500,83900,2462.6,,2026-09-09T22:19:28+09:00
2023-10-18,316140,우리금융지주,7,9755709700,12730,2462.6,,2026-09-09T22:19:28+09:00
2023-10-18,086790,하나금융지주,8,8229751400,44000,2462.6,,2026-09-09T22:19:28+09:00
2023-10-18,055550,신한지주,9,8156753500,36400,2462.6,,2026-09-09T22:19:28+09:00
2023-10-18,010950,S-Oil,10,8038640600,72800,2462.6,,2026-09-09T22:19:28+09:00
2023-10-18,047050,포스코인터내셔널,11,7391659400,65500,2462.6,,2026-09-09T22:19:28+09:00
2023-10-18,024110,기업은행,12,6926571520,12080,2462.6,,2026-09-09T22:19:28+09:00
2023-10-18,028260,삼성물산,13,5845497200,107900,2462.6,,2026-09-09T22:19:28+09:00
2023-10-18,042660,한화오션,14,5733524800,26450,2462.6,,2026-09-09T22:19:28+09:00
2023-10-18,229640,LS전선아시아,15,5520525620,11700,2462.6,,2026-09-09T22:19:28+09:00
2023-10-18,066570,LG전자,16,4624018200,106600,2462.6,,2026-09-09T22:19:28+09:00
2023-10-18,012330,현대모비스,17,4557922500,227500,2462.6,,2026-09-09T22:19:28+09:00
2023-10-18,005070,코스모신소재,18,4442038900,170400,2462.6,,2026-09-09T22:19:28+09:00
2023-10-18,000810,삼성화재,19,4374965000,266000,2462.6,,2026-09-09T22:19:28+09:00
2023-10-18,001570,금양,20,4292523000,117000,2462.6,,2026-09-09T22:19:28+09:00
2023-10-19,005930,삼성전자,1,57902932100,69500,2415.8,,2026-09-09T22:19:34+09:00
2023-10-19,047050,포스코인터내셔널,2,21092769300,62800,2415.8,,2026-09-09T22:19:34+09:00
2023-10-19,000270,기아,3,18423044700,84100,2415.8,,2026-09-09T22:19:34+09:00
2023-10-19,010120,LS ELECTRIC,4,13237881700,80300,2415.8,,2026-09-09T22:19:34+09:00
2023-10-19,096770,SK이노베이션,5,9960632500,144000,2415.8,,2026-09-09T22:19:34+09:00
2023-10-19,016380,KG스틸,6,9052362660,8240,2415.8,,2026-09-09T22:19:34+09:00
2023-10-19,007660,이수페타시스,7,8773733550,24300,2415.8,,2026-09-09T22:19:34+09:00
2023-10-19,005935,삼성전자우,8,8448894900,54800,2415.8,,2026-09-09T22:19:34+09:00
2023-10-19,068270,셀트리온,9,7123892900,142300,2415.8,,2026-09-09T22:19:34+09:00
2023-10-19,042660,한화오션,10,6939918400,25850,2415.8,,2026-09-09T22:19:34+09:00
2023-10-19,267260,HD현대일렉트릭,11,5932977600,71000,2415.8,,2026-09-09T22:19:34+09:00
2023-10-19,051910,LG화학,12,5627013500,494000,2415.8,,2026-09-09T22:19:34+09:00
2023-10-19,001060,JW중외제약,13,5070477050,30700,2415.8,,2026-09-09T22:19:34+09:00
2023-10-19,361610,SK아이이테크놀로지,14,4846674700,67200,2415.8,,2026-09-09T22:19:34+09:00
2023-10-19,066570,LG전자,15,4798234900,106200,2415.8,,2026-09-09T22:19:34+09:00
2023-10-19,138040,메리츠금융지주,16,4689875400,51100,2415.8,,2026-09-09T22:19:34+09:00
2023-10-19,307950,현대오토에버,17,4552053300,163300,2415.8,,2026-09-09T22:19:34+09:00
2023-10-19,207940,삼성바이오로직스,18,4328050000,711000,2415.8,,2026-09-09T22:19:34+09:00
2023-10-19,161390,한국타이어앤테크놀로지,19,4204524000,37650,2415.8,,2026-09-09T22:19:34+09:00
2023-10-19,011070,LG이노텍,20,3781792000,218000,2415.8,,2026-09-09T22:19:34+09:00
2023-10-20,001570,금양,1,148831623800,103500,2375.0,,2026-09-09T22:19:39+09:00
2023-10-20,005930,삼성전자,2,45831682300,68800,2375.0,,2026-09-09T22:19:39+09:00
2023-10-20,000660,SK하이닉스,3,40008687000,126200,2375.0,,2026-09-09T22:19:39+09:00
2023-10-20,047050,포스코인터내셔널,4,28129618500,60700,2375.0,,2026-09-09T22:19:39+09:00
2023-10-20,005490,POSCO홀딩스,5,22732102500,453000,2375.0,,2026-09-09T22:19:39+09:00
2023-10-20,005935,삼성전자우,6,9663233500,55000,2375.0,,2026-09-09T22:19:39+09:00
2023-10-20,068270,셀트리온,7,8487674600,142200,2375.0,,2026-09-09T22:19:39+09:00
2023-10-20,066570,LG전자,8,8130527100,105400,2375.0,,2026-09-09T22:19:39+09:00
2023-10-20,009830,한화솔루션,9,7130679350,29900,2375.0,,2026-09-09T22:19:39+09:00
2023-10-20,052690,한전기술,10,6658519600,54700,2375.0,,2026-09-09T22:19:39+09:00
2023-10-20,259960,크래프톤,11,6562544400,159400,2375.0,,2026-09-09T22:19:39+09:00
2023-10-20,011810,STX,12,4903415430,10930,2375.0,,2026-09-09T22:19:39+09:00
2023-10-20,000720,현대건설,13,4510336100,37450,2375.0,,2026-09-09T22:19:39+09:00
2023-10-20,011200,HMM,14,4077078550,14060,2375.0,,2026-09-09T22:19:39+09:00
2023-10-20,241560,두산밥캣,15,3927606100,44650,2375.0,,2026-09-09T22:19:39+09:00
2023-10-20,010120,LS ELECTRIC,16,3887498300,77700,2375.0,,2026-09-09T22:19:39+09:00
2023-10-20,195870,해성디에스,17,3524950450,48350,2375.0,,2026-09-09T22:19:39+09:00
2023-10-20,096770,SK이노베이션,18,3424245200,141000,2375.0,,2026-09-09T22:19:39+09:00
2023-10-20,012450,한화에어로스페이스,19,3404775400,94000,2375.0,,2026-09-09T22:19:39+09:00
2023-10-20,011070,LG이노텍,20,3359812000,219000,2375.0,,2026-09-09T22:19:39+09:00
2023-10-23,005935,삼성전자우,1,28515300000,54600,2357.02,,2026-09-09T22:19:49+09:00
2023-10-23,005490,POSCO홀딩스,2,27559861000,453000,2357.02,,2026-09-09T22:19:49+09:00
2023-10-23,010120,LS ELECTRIC,3,14207942400,73900,2357.02,,2026-09-09T22:19:49+09:00
2023-10-23,003670,포스코퓨처엠,4,10034319500,301500,2357.02,,2026-09-09T22:19:49+09:00
2023-10-23,042660,한화오션,5,7480736200,24400,2357.02,,2026-09-09T22:19:49+09:00
2023-10-23,012450,한화에어로스페이스,6,7309870700,100300,2357.02,,2026-09-09T22:19:49+09:00
2023-10-23,011200,HMM,7,6522362920,13950,2357.02,,2026-09-09T22:19:49+09:00
2023-10-23,009420,한올바이오파마,8,6013557300,31200,2357.02,,2026-09-09T22:19:49+09:00
2023-10-23,007660,이수페타시스,9,6001616950,22900,2357.02,,2026-09-09T22:19:49+09:00
2023-10-23,323410,카카오뱅크,10,5836714100,20950,2357.02,,2026-09-09T22:19:49+09:00
2023-10-23,001060,JW중외제약,11,4907554750,26700,2357.02,,2026-09-09T22:19:49+09:00
2023-10-23,051900,LG생활건강,12,4200264500,388500,2357.02,,2026-09-09T22:19:49+09:00
2023-10-23,138040,메리츠금융지주,13,3676305900,47900,2357.02,,2026-09-09T22:19:49+09:00
2023-10-23,035720,카카오,14,3483471550,37950,2357.02,,2026-09-09T22:19:49+09:00
2023-10-23,302440,SK바이오사이언스,15,3021955900,58900,2357.02,,2026-09-09T22:19:49+09:00
2023-10-23,000490,대동,16,2943639240,12810,2357.02,,2026-09-09T22:19:49+09:00
2023-10-23,006260,LS,17,2828627300,85200,2357.02,,2026-09-09T22:19:49+09:00
2023-10-23,000270,기아,18,2699314400,83000,2357.02,,2026-09-09T22:19:49+09:00
2023-10-23,047810,한국항공우주,19,2614151150,49500,2357.02,,2026-09-09T22:19:49+09:00
2023-10-23,001440,대한전선,20,2306572150,11930,2357.02,,2026-09-09T22:19:49+09:00
2023-10-24,000100,유한양행,1,42379567500,58000,2383.51,,2026-09-09T22:19:54+09:00
2023-10-24,207940,삼성바이오로직스,2,26433753000,738000,2383.51,,2026-09-09T22:19:54+09:00
2023-10-24,035720,카카오,3,17283793450,39600,2383.51,,2026-09-09T22:19:54+09:00
2023-10-24,042700,한미반도체,4,13132316900,58600,2383.51,,2026-09-09T22:19:54+09:00
2023-10-24,248070,솔루엠,5,6515095500,30700,2383.51,,2026-09-09T22:19:54+09:00
2023-10-24,001570,금양,6,5079344100,100800,2383.51,,2026-09-09T22:19:54+09:00
2023-10-24,068270,셀트리온,7,5067591100,150100,2383.51,,2026-09-09T22:19:54+09:00
2023-10-24,229640,LS전선아시아,8,4955639720,12100,2383.51,,2026-09-09T22:19:54+09:00
2023-10-24,012330,현대모비스,9,4666520500,217500,2383.51,,2026-09-09T22:19:54+09:00
2023-10-24,035420,NAVER,10,4579536200,187000,2383.51,,2026-09-09T22:19:54+09:00
2023-10-24,204320,HL만도,11,4291476900,37000,2383.51,,2026-09-09T22:19:54+09:00
2023-10-24,323410,카카오뱅크,12,4107804500,20950,2383.51,,2026-09-09T22:19:54+09:00
2023-10-24,004090,한국석유,13,4031866440,13620,2383.51,,2026-09-09T22:19:54+09:00
2023-10-24,033780,KT&G,14,3999113100,86800,2383.51,,2026-09-09T22:19:54+09:00
2023-10-24,010120,LS ELECTRIC,15,3383075300,75000,2383.51,,2026-09-09T22:19:54+09:00
2023-10-24,267260,HD현대일렉트릭,16,3324129300,73500,2383.51,,2026-09-09T22:19:54+09:00
2023-10-24,192650,드림텍,17,3200971400,10800,2383.51,,2026-09-09T22:19:54+09:00
2023-10-24,009420,한올바이오파마,18,3164500350,30600,2383.51,,2026-09-09T22:19:54+09:00
2023-10-24,009830,한화솔루션,19,3034032050,28900,2383.51,,2026-09-09T22:19:54+09:00
2023-10-24,086790,하나금융지주,20,2883410350,42250,2383.51,,2026-09-09T22:19:54+09:00
2023-10-25,000660,SK하이닉스,1,24443088500,127500,2363.17,,2026-09-09T22:19:59+09:00
2023-10-25,066570,LG전자,2,16668493500,108500,2363.17,,2026-09-09T22:19:59+09:00
2023-10-25,000100,유한양행,3,13979705100,57600,2363.17,,2026-09-09T22:19:59+09:00
2023-10-25,035420,NAVER,4,12521531500,189100,2363.17,,2026-09-09T22:19:59+09:00
2023-10-25,005935,삼성전자우,5,10040200100,54800,2363.17,,2026-09-09T22:19:59+09:00
2023-10-25,051900,LG생활건강,6,9951896500,399500,2363.17,,2026-09-09T22:19:59+09:00
2023-10-25,042700,한미반도체,7,6934468500,59500,2363.17,,2026-09-09T22:19:59+09:00
2023-10-25,035720,카카오,8,6321920200,38950,2363.17,,2026-09-09T22:19:59+09:00
2023-10-25,009150,삼성전기,9,6189305900,143000,2363.17,,2026-09-09T22:19:59+09:00
2023-10-25,012330,현대모비스,10,5696565000,221000,2363.17,,2026-09-09T22:19:59+09:00
2023-10-25,010950,S-Oil,11,5691057300,69800,2363.17,,2026-09-09T22:19:59+09:00
2023-10-25,034220,LG디스플레이,12,4367493380,12580,2363.17,,2026-09-09T22:19:59+09:00
2023-10-25,241560,두산밥캣,13,3773745100,44800,2363.17,,2026-09-09T22:19:59+09:00
2023-10-25,028670,팬오션,14,3672899600,4440,2363.17,,2026-09-09T22:19:59+09:00
2023-10-25,004990,롯데지주,15,3515301950,26000,2363.17,,2026-09-09T22:19:59+09:00
2023-10-25,005830,DB손해보험,16,3214444000,86400,2363.17,,2026-09-09T22:19:59+09:00
2023-10-25,010820,퍼스텍,17,3210819325,3700,2363.17,,2026-09-09T22:19:59+09:00
2023-10-25,023530,롯데쇼핑,18,2891300300,73100,2363.17,,2026-09-09T22:19:59+09:00
2023-10-25,086790,하나금융지주,19,2839273500,42550,2363.17,,2026-09-09T22:19:59+09:00
2023-10-25,316140,우리금융지주,20,2839047450,12370,2363.17,,2026-09-09T22:19:59+09:00
2023-10-26,005490,POSCO홀딩스,1,109978946000,421500,2299.08,,2026-09-09T22:20:06+09:00
2023-10-26,047050,포스코인터내셔널,2,35855892800,52500,2299.08,,2026-09-09T22:20:06+09:00
2023-10-26,003670,포스코퓨처엠,3,29387966500,249500,2299.08,,2026-09-09T22:20:06+09:00
2023-10-26,001570,금양,4,24943029800,85600,2299.08,,2026-09-09T22:20:06+09:00
2023-10-26,241560,두산밥캣,5,10562485800,43200,2299.08,,2026-09-09T22:20:06+09:00
2023-10-26,011200,HMM,6,8709001960,14420,2299.08,,2026-09-09T22:20:06+09:00
2023-10-26,007660,이수페타시스,7,7478489550,22600,2299.08,,2026-09-09T22:20:06+09:00
2023-10-26,000100,유한양행,8,6302186600,56200,2299.08,,2026-09-09T22:20:06+09:00
2023-10-26,373220,LG에너지솔루션,9,5842206500,399500,2299.08,,2026-09-09T22:20:06+09:00
2023-10-26,030200,KT,10,5826355350,32400,2299.08,,2026-09-09T22:20:06+09:00
2023-10-26,051900,LG생활건강,11,5514562000,391000,2299.08,,2026-09-09T22:20:06+09:00
2023-10-26,047810,한국항공우주,12,3626661300,48050,2299.08,,2026-09-09T22:20:06+09:00
2023-10-26,353200,대덕전자,13,3598610400,21750,2299.08,,2026-09-09T22:20:06+09:00
2023-10-26,035720,카카오,14,3551315350,37650,2299.08,,2026-09-09T22:20:06+09:00
2023-10-26,457190,이수스페셜티케미컬,15,3001057300,130700,2299.08,,2026-09-09T22:20:06+09:00
2023-10-26,005420,코스모화학,16,2464837300,31750,2299.08,,2026-09-09T22:20:06+09:00
2023-10-26,000150,두산,17,2071295400,74100,2299.08,,2026-09-09T22:20:06+09:00
2023-10-26,006260,LS,18,2058403800,81800,2299.08,,2026-09-09T22:20:06+09:00
2023-10-26,005935,삼성전자우,19,2029955700,54000,2299.08,,2026-09-09T22:20:06+09:00
2023-10-26,003490,대한항공,20,1811026640,19590,2299.08,,2026-09-09T22:20:06+09:00
2023-10-27,003670,포스코퓨처엠,1,22414859000,251500,2302.81,,2026-09-09T22:20:12+09:00
2023-10-27,051910,LG화학,2,19554276000,438500,2302.81,,2026-09-09T22:20:12+09:00
2023-10-27,352820,하이브,3,12317857000,212000,2302.81,,2026-09-09T22:20:12+09:00
2023-10-27,011070,LG이노텍,4,9398262500,225500,2302.81,,2026-09-09T22:20:12+09:00
2023-10-27,012330,현대모비스,5,8383025500,220000,2302.81,,2026-09-09T22:20:12+09:00
2023-10-27,090430,아모레퍼시픽,6,6760512500,117000,2302.81,,2026-09-09T22:20:12+09:00
2023-10-27,047050,포스코인터내셔널,7,6313541300,53500,2302.81,,2026-09-09T22:20:12+09:00
2023-10-27,001570,금양,8,5930601300,91200,2302.81,,2026-09-09T22:20:12+09:00
2023-10-27,241560,두산밥캣,9,5663048250,42400,2302.81,,2026-09-09T22:20:12+09:00
2023-10-27,353200,대덕전자,10,5014302450,21400,2302.81,,2026-09-09T22:20:12+09:00
2023-10-27,055550,신한지주,11,4986286200,35000,2302.81,,2026-09-09T22:20:12+09:00
2023-10-27,307950,현대오토에버,12,4451321400,153900,2302.81,,2026-09-09T22:20:12+09:00
2023-10-27,011200,HMM,13,4193246380,14810,2302.81,,2026-09-09T22:20:12+09:00
2023-10-27,064350,현대로템,14,3807130550,23750,2302.81,,2026-09-09T22:20:12+09:00
2023-10-27,316140,우리금융지주,15,3762897590,12050,2302.81,,2026-09-09T22:20:12+09:00
2023-10-27,000100,유한양행,16,3722719500,56800,2302.81,,2026-09-09T22:20:12+09:00
2023-10-27,036570,엔씨소프트,17,3602096000,230500,2302.81,,2026-09-09T22:20:12+09:00
2023-10-27,229640,LS전선아시아,18,3598999740,12380,2302.81,,2026-09-09T22:20:12+09:00
2023-10-27,035720,카카오,19,3444346650,37750,2302.81,,2026-09-09T22:20:12+09:00
2023-10-27,294870,HDC현대산업개발,20,3283040660,11700,2302.81,,2026-09-09T22:20:12+09:00
2023-10-30,005490,POSCO홀딩스,1,30010132500,433000,2310.55,,2026-09-09T22:20:22+09:00
2023-10-30,000660,SK하이닉스,2,17815319700,119100,2310.55,,2026-09-09T22:20:22+09:00
2023-10-30,035720,카카오,3,10875928800,38000,2310.55,,2026-09-09T22:20:22+09:00
2023-10-30,009150,삼성전기,4,10762358600,126400,2310.55,,2026-09-09T22:20:22+09:00
2023-10-30,006650,대한유화,5,7555882600,158000,2310.55,,2026-09-09T22:20:22+09:00
2023-10-30,090430,아모레퍼시픽,6,7361401000,113800,2310.55,,2026-09-09T22:20:22+09:00
2023-10-30,012450,한화에어로스페이스,7,7077167200,101700,2310.55,,2026-09-09T22:20:22+09:00
2023-10-30,028260,삼성물산,8,7010506200,106100,2310.55,,2026-09-09T22:20:22+09:00
2023-10-30,047050,포스코인터내셔널,9,6538191800,53900,2310.55,,2026-09-09T22:20:22+09:00
2023-10-30,010130,고려아연,10,6218184500,490000,2310.55,,2026-09-09T22:20:22+09:00
2023-10-30,004090,한국석유,11,5714019180,16870,2310.55,,2026-09-09T22:20:22+09:00
2023-10-30,047810,한국항공우주,12,4796877050,49400,2310.55,,2026-09-09T22:20:22+09:00
2023-10-30,079550,LIG넥스원,13,4665136800,90300,2310.55,,2026-09-09T22:20:22+09:00
2023-10-30,009830,한화솔루션,14,4524324500,27700,2310.55,,2026-09-09T22:20:22+09:00
2023-10-30,272210,한화시스템,15,4260691240,12970,2310.55,,2026-09-09T22:20:22+09:00
2023-10-30,302440,SK바이오사이언스,16,4094983900,61100,2310.55,,2026-09-09T22:20:22+09:00
2023-10-30,241560,두산밥캣,17,3876468650,39700,2310.55,,2026-09-09T22:20:22+09:00
2023-10-30,454910,두산로보틱스,18,3069258500,41150,2310.55,,2026-09-09T22:20:22+09:00
2023-10-30,003670,포스코퓨처엠,19,2985389000,255500,2310.55,,2026-09-09T22:20:22+09:00
2023-10-30,034020,두산에너빌리티,20,2809925410,13780,2310.55,,2026-09-09T22:20:22+09:00
2023-10-31,051900,LG생활건강,1,19251878500,315500,2277.99,,2026-09-09T22:20:28+09:00
2023-10-31,051910,LG화학,2,16096526000,440000,2277.99,,2026-09-09T22:20:28+09:00
2023-10-31,047050,포스코인터내셔널,3,15837641400,50100,2277.99,,2026-09-09T22:20:28+09:00
2023-10-31,090430,아모레퍼시픽,4,11391263400,126400,2277.99,,2026-09-09T22:20:28+09:00
2023-10-31,267260,HD현대일렉트릭,5,11245811900,75000,2277.99,,2026-09-09T22:20:28+09:00
2023-10-31,105560,KB금융,6,9461783400,51500,2277.99,,2026-09-09T22:20:28+09:00
2023-10-31,008770,호텔신라,7,8936664000,62300,2277.99,,2026-09-09T22:20:28+09:00
2023-10-31,028260,삼성물산,8,7647828900,106700,2277.99,,2026-09-09T22:20:28+09:00
2023-10-31,055550,신한지주,9,6882416100,34750,2277.99,,2026-09-09T22:20:28+09:00
2023-10-31,003490,대한항공,10,5457798350,20500,2277.99,,2026-09-09T22:20:28+09:00
2023-10-31,001450,현대해상,11,3813000900,31500,2277.99,,2026-09-09T22:20:28+09:00
2023-10-31,035720,카카오,12,3768225750,37800,2277.99,,2026-09-09T22:20:28+09:00
2023-10-31,000810,삼성화재,13,3516546000,258500,2277.99,,2026-09-09T22:20:28+09:00
2023-10-31,353200,대덕전자,14,3444013860,19970,2277.99,,2026-09-09T22:20:28+09:00
2023-10-31,316140,우리금융지주,15,3302478560,11900,2277.99,,2026-09-09T22:20:28+09:00
2023-10-31,241560,두산밥캣,16,2769561750,38750,2277.99,,2026-09-09T22:20:28+09:00
2023-10-31,005870,휴니드,17,2745731500,8580,2277.99,,2026-09-09T22:20:28+09:00
2023-10-31,011070,LG이노텍,18,2694548500,223000,2277.99,,2026-09-09T22:20:28+09:00
2023-10-31,015760,한국전력,19,2647696750,16920,2277.99,,2026-09-09T22:20:28+09:00
2023-10-31,004170,신세계,20,2556510300,168800,2277.99,,2026-09-09T22:20:28+09:00
2023-11-01,090430,아모레퍼시픽,1,31116727100,134700,2301.56,,2026-09-09T22:20:34+09:00
2023-11-01,005935,삼성전자우,2,29649488600,55600,2301.56,,2026-09-09T22:20:34+09:00
2023-11-01,005490,POSCO홀딩스,3,28391597000,402500,2301.56,,2026-09-09T22:20:34+09:00
2023-11-01,000660,SK하이닉스,4,17818292100,120300,2301.56,,2026-09-09T22:20:34+09:00
2023-11-01,267260,HD현대일렉트릭,5,11575132900,78700,2301.56,,2026-09-09T22:20:34+09:00
2023-11-01,012450,한화에어로스페이스,6,9981748000,113500,2301.56,,2026-09-09T22:20:34+09:00
2023-11-01,047050,포스코인터내셔널,7,9173038900,51800,2301.56,,2026-09-09T22:20:34+09:00
2023-11-01,051900,LG생활건강,8,7314261000,322500,2301.56,,2026-09-09T22:20:34+09:00
2023-11-01,248070,솔루엠,9,6705038750,30600,2301.56,,2026-09-09T22:20:34+09:00
2023-11-01,042700,한미반도체,10,5056864800,52700,2301.56,,2026-09-09T22:20:34+09:00
2023-11-01,012330,현대모비스,11,4937837500,212500,2301.56,,2026-09-09T22:20:34+09:00
2023-11-01,229640,LS전선아시아,12,4718895180,12100,2301.56,,2026-09-09T22:20:34+09:00
2023-11-01,298040,효성중공업,13,4230264000,182800,2301.56,,2026-09-09T22:20:34+09:00
2023-11-01,032640,LG유플러스,14,4184600190,10300,2301.56,,2026-09-09T22:20:34+09:00
2023-11-01,005930,삼성전자,15,4143409000,68600,2301.56,,2026-09-09T22:20:34+09:00
2023-11-01,064350,현대로템,16,3803562700,24000,2301.56,,2026-09-09T22:20:34+09:00
2023-11-01,454910,두산로보틱스,17,3787980600,40200,2301.56,,2026-09-09T22:20:34+09:00
2023-11-01,005070,코스모신소재,18,3485154600,135400,2301.56,,2026-09-09T22:20:34+09:00
2023-11-01,010140,삼성중공업,19,2794254240,6910,2301.56,,2026-09-09T22:20:34+09:00
2023-11-01,009190,대양금속,20,2733505613,1456,2301.56,,2026-09-09T22:20:34+09:00
2023-11-02,005930,삼성전자,1,197419629900,69700,2343.12,,2026-09-09T22:20:39+09:00
2023-11-02,000660,SK하이닉스,2,79668352500,125300,2343.12,,2026-09-09T22:20:39+09:00
2023-11-02,005935,삼성전자우,3,14586616500,56300,2343.12,,2026-09-09T22:20:39+09:00
2023-11-02,011070,LG이노텍,4,14254985500,228500,2343.12,,2026-09-09T22:20:39+09:00
2023-11-02,003670,포스코퓨처엠,5,14214445000,259500,2343.12,,2026-09-09T22:20:39+09:00
2023-11-02,042700,한미반도체,6,13794797400,57400,2343.12,,2026-09-09T22:20:39+09:00
2023-11-02,012330,현대모비스,7,13305018500,218500,2343.12,,2026-09-09T22:20:39+09:00
2023-11-02,068270,셀트리온,8,10294205500,149800,2343.12,,2026-09-09T22:20:39+09:00
2023-11-02,035720,카카오,9,7552153050,38550,2343.12,,2026-09-09T22:20:39+09:00
2023-11-02,161390,한국타이어앤테크놀로지,10,7451139050,41300,2343.12,,2026-09-09T22:20:39+09:00
2023-11-02,047810,한국항공우주,11,7444773400,46900,2343.12,,2026-09-09T22:20:39+09:00
2023-11-02,010120,LS ELECTRIC,12,5754128700,66600,2343.12,,2026-09-09T22:20:39+09:00
2023-11-02,000100,유한양행,13,5378429300,59500,2343.12,,2026-09-09T22:20:39+09:00
2023-11-02,034220,LG디스플레이,14,3704604280,12700,2343.12,,2026-09-09T22:20:39+09:00
2023-11-02,004090,한국석유,15,3569606710,16450,2343.12,,2026-09-09T22:20:39+09:00
2023-11-02,128940,한미약품,16,3364531000,294000,2343.12,,2026-09-09T22:20:39+09:00
2023-11-02,000990,DB하이텍,17,3347595050,51900,2343.12,,2026-09-09T22:20:39+09:00
2023-11-02,011780,금호석유,18,3347589800,117900,2343.12,,2026-09-09T22:20:39+09:00
2023-11-02,326030,SK바이오팜,19,3299629000,77200,2343.12,,2026-09-09T22:20:39+09:00
2023-11-02,042660,한화오션,20,3261526400,23900,2343.12,,2026-09-09T22:20:39+09:00
2023-11-03,000660,SK하이닉스,1,91550600400,125800,2368.34,,2026-09-09T22:20:44+09:00
2023-11-03,005930,삼성전자,2,87720037600,69600,2368.34,,2026-09-09T22:20:44+09:00
2023-11-03,035420,NAVER,3,40271116200,200500,2368.34,,2026-09-09T22:20:44+09:00
2023-11-03,012450,한화에어로스페이스,4,18534637400,120000,2368.34,,2026-09-09T22:20:44+09:00
2023-11-03,005935,삼성전자우,5,16266967900,56600,2368.34,,2026-09-09T22:20:44+09:00
2023-11-03,066570,LG전자,6,12234288200,101400,2368.34,,2026-09-09T22:20:44+09:00
2023-11-03,047810,한국항공우주,7,7915656200,48300,2368.34,,2026-09-09T22:20:44+09:00
2023-11-03,086790,하나금융지주,8,7092173300,40250,2368.34,,2026-09-09T22:20:44+09:00
2023-11-03,161390,한국타이어앤테크놀로지,9,6763064050,42000,2368.34,,2026-09-09T22:20:44+09:00
2023-11-03,000240,한국앤컴퍼니,10,6528604170,13800,2368.34,,2026-09-09T22:20:44+09:00
2023-11-03,096770,SK이노베이션,11,6447306900,137100,2368.34,,2026-09-09T22:20:44+09:00
2023-11-03,042660,한화오션,12,6434459900,23900,2368.34,,2026-09-09T22:20:44+09:00
2023-11-03,034730,SK,13,6055020100,155500,2368.34,,2026-09-09T22:20:44+09:00
2023-11-03,009150,삼성전기,14,5651183200,134200,2368.34,,2026-09-09T22:20:44+09:00
2023-11-03,025540,한국단자,15,4890309900,71700,2368.34,,2026-09-09T22:20:44+09:00
2023-11-03,051900,LG생활건강,16,4616910000,328000,2368.34,,2026-09-09T22:20:44+09:00
2023-11-03,000210,DL,17,4219829850,45500,2368.34,,2026-09-09T22:20:44+09:00
2023-11-03,004170,신세계,18,4163313900,167800,2368.34,,2026-09-09T22:20:44+09:00
2023-11-03,028670,팬오션,19,3940622070,4275,2368.34,,2026-09-09T22:20:44+09:00
2023-11-03,011780,금호석유,20,3908330100,122000,2368.34,,2026-09-09T22:20:44+09:00
2023-11-06,000660,SK하이닉스,1,229589446700,133000,2502.37,,2026-09-09T22:20:53+09:00
2023-11-06,373220,LG에너지솔루션,2,147164173500,493500,2502.37,,2026-09-09T22:20:53+09:00
2023-11-06,005930,삼성전자,3,35673359400,70900,2502.37,,2026-09-09T22:20:53+09:00
2023-11-06,090430,아모레퍼시픽,4,27295108700,143300,2502.37,,2026-09-09T22:20:53+09:00
2023-11-06,011790,SKC,5,25361740800,95200,2502.37,,2026-09-09T22:20:53+09:00
2023-11-06,096770,SK이노베이션,6,22541092700,155500,2502.37,,2026-09-09T22:20:53+09:00
2023-11-06,352820,하이브,7,20883024000,227500,2502.37,,2026-09-09T22:20:53+09:00
2023-11-06,086790,하나금융지주,8,19202559950,42250,2502.37,,2026-09-09T22:20:53+09:00
2023-11-06,042700,한미반도체,9,15414630900,58500,2502.37,,2026-09-09T22:20:53+09:00
2023-11-06,011070,LG이노텍,10,14170218000,242000,2502.37,,2026-09-09T22:20:53+09:00
2023-11-06,009150,삼성전기,11,13757763400,139400,2502.37,,2026-09-09T22:20:53+09:00
2023-11-06,066570,LG전자,12,13095516700,105300,2502.37,,2026-09-09T22:20:53+09:00
2023-11-06,009830,한화솔루션,13,11793803700,33150,2502.37,,2026-09-09T22:20:53+09:00
2023-11-06,011200,HMM,14,11335048480,16750,2502.37,,2026-09-09T22:20:53+09:00
2023-11-06,012450,한화에어로스페이스,15,11313191100,121700,2502.37,,2026-09-09T22:20:53+09:00
2023-11-06,034220,LG디스플레이,16,10930481210,13860,2502.37,,2026-09-09T22:20:53+09:00
2023-11-06,028670,팬오션,17,9763028965,4600,2502.37,,2026-09-09T22:20:53+09:00
2023-11-06,000100,유한양행,18,9616312900,63300,2502.37,,2026-09-09T22:20:53+09:00
2023-11-06,034020,두산에너빌리티,19,9467396730,15000,2502.37,,2026-09-09T22:20:53+09:00
2023-11-06,035420,NAVER,20,9063149500,205500,2502.37,,2026-09-09T22:20:53+09:00
2023-11-07,352820,하이브,1,397847071500,215500,2443.96,,2026-09-09T22:20:58+09:00
2023-11-07,005930,삼성전자,2,291356528100,70900,2443.96,,2026-09-09T22:20:58+09:00
2023-11-07,005935,삼성전자우,3,36813569200,57600,2443.96,,2026-09-09T22:20:58+09:00
2023-11-07,042700,한미반도체,4,33510554900,62600,2443.96,,2026-09-09T22:20:58+09:00
2023-11-07,068270,셀트리온,5,23354678000,155600,2443.96,,2026-09-09T22:20:58+09:00
2023-11-07,012450,한화에어로스페이스,6,13003158500,123900,2443.96,,2026-09-09T22:20:58+09:00
2023-11-07,035720,카카오,7,11305597100,43750,2443.96,,2026-09-09T22:20:58+09:00
2023-11-07,028260,삼성물산,8,11251689500,110100,2443.96,,2026-09-09T22:20:58+09:00
2023-11-07,090430,아모레퍼시픽,9,10176907200,143600,2443.96,,2026-09-09T22:20:58+09:00
2023-11-07,035420,NAVER,10,8435211500,200500,2443.96,,2026-09-09T22:20:58+09:00
2023-11-07,005380,현대차,11,8239469300,176100,2443.96,,2026-09-09T22:20:58+09:00
2023-11-07,267260,HD현대일렉트릭,12,7922453700,80200,2443.96,,2026-09-09T22:20:58+09:00
2023-11-07,051900,LG생활건강,13,5730093000,346000,2443.96,,2026-09-09T22:20:58+09:00
2023-11-07,207940,삼성바이오로직스,14,5474323000,732000,2443.96,,2026-09-09T22:20:58+09:00
2023-11-07,033780,KT&G,15,5354294500,89800,2443.96,,2026-09-09T22:20:58+09:00
2023-11-07,316140,우리금융지주,16,5262723470,12410,2443.96,,2026-09-09T22:20:58+09:00
2023-11-07,047810,한국항공우주,17,5035471600,49450,2443.96,,2026-09-09T22:20:58+09:00
2023-11-07,034730,SK,18,4944417000,159900,2443.96,,2026-09-09T22:20:58+09:00
2023-11-07,000100,유한양행,19,4440297100,62200,2443.96,,2026-09-09T22:20:58+09:00
2023-11-07,017800,현대엘리베이,20,4320793400,47100,2443.96,,2026-09-09T22:20:58+09:00
2023-11-08,259960,크래프톤,1,41838402500,190800,2421.62,,2026-09-09T22:21:04+09:00
2023-11-08,005490,POSCO홀딩스,2,31917431500,456500,2421.62,,2026-09-09T22:21:04+09:00
2023-11-08,373220,LG에너지솔루션,3,25346869500,437500,2421.62,,2026-09-09T22:21:04+09:00
2023-11-08,068270,셀트리온,4,23745008400,157500,2421.62,,2026-09-09T22:21:04+09:00
2023-11-08,000660,SK하이닉스,5,13121902100,127600,2421.62,,2026-09-09T22:21:04+09:00
2023-11-08,090430,아모레퍼시픽,6,9111645500,142800,2421.62,,2026-09-09T22:21:04+09:00
2023-11-08,035720,카카오,7,8149708950,43950,2421.62,,2026-09-09T22:21:04+09:00
2023-11-08,011200,HMM,8,7398876530,16400,2421.62,,2026-09-09T22:21:04+09:00
2023-11-08,139480,이마트,9,7397187000,80700,2421.62,,2026-09-09T22:21:04+09:00
2023-11-08,028260,삼성물산,10,7033476300,111700,2421.62,,2026-09-09T22:21:04+09:00
2023-11-08,267260,HD현대일렉트릭,11,6744953300,82300,2421.62,,2026-09-09T22:21:04+09:00
2023-11-08,018260,삼성에스디에스,12,6014873700,141800,2421.62,,2026-09-09T22:21:04+09:00
2023-11-08,185750,종근당,13,5165557400,129500,2421.62,,2026-09-09T22:21:04+09:00
2023-11-08,000100,유한양행,14,4391731300,63600,2421.62,,2026-09-09T22:21:04+09:00
2023-11-08,023530,롯데쇼핑,15,4108097300,79300,2421.62,,2026-09-09T22:21:04+09:00
2023-11-08,051900,LG생활건강,16,4051495500,347000,2421.62,,2026-09-09T22:21:04+09:00
2023-11-08,326030,SK바이오팜,17,3891214000,87600,2421.62,,2026-09-09T22:21:04+09:00
2023-11-08,039130,하나투어,18,3709788150,49300,2421.62,,2026-09-09T22:21:04+09:00
2023-11-08,161390,한국타이어앤테크놀로지,19,3226060050,43700,2421.62,,2026-09-09T22:21:04+09:00
2023-11-08,011170,롯데케미칼,20,2985233600,157400,2421.62,,2026-09-09T22:21:04+09:00
2023-11-09,005930,삼성전자,1,153213833700,70300,2427.08,,2026-09-09T22:21:09+09:00
2023-11-09,000660,SK하이닉스,2,26681906700,128000,2427.08,,2026-09-09T22:21:09+09:00
2023-11-09,035720,카카오,3,20206616350,45600,2427.08,,2026-09-09T22:21:09+09:00
2023-11-09,028260,삼성물산,4,15365084600,116200,2427.08,,2026-09-09T22:21:09+09:00
2023-11-09,105560,KB금융,5,11714309300,53400,2427.08,,2026-09-09T22:21:09+09:00
2023-11-09,090430,아모레퍼시픽,6,10304218100,145000,2427.08,,2026-09-09T22:21:09+09:00
2023-11-09,108320,LX세미콘,7,9969285100,88200,2427.08,,2026-09-09T22:21:09+09:00
2023-11-09,035420,NAVER,8,7445472200,198200,2427.08,,2026-09-09T22:21:09+09:00
2023-11-09,051910,LG화학,9,7234794500,467500,2427.08,,2026-09-09T22:21:09+09:00
2023-11-09,316140,우리금융지주,10,7181776760,12280,2427.08,,2026-09-09T22:21:09+09:00
2023-11-09,066570,LG전자,11,6788993400,103700,2427.08,,2026-09-09T22:21:09+09:00
2023-11-09,021240,코웨이,12,6133224450,51100,2427.08,,2026-09-09T22:21:09+09:00
2023-11-09,034730,SK,13,5490441800,159600,2427.08,,2026-09-09T22:21:09+09:00
2023-11-09,017670,SK텔레콤,14,4612071850,49650,2427.08,,2026-09-09T22:21:09+09:00
2023-11-09,010950,S-Oil,15,4607647600,67000,2427.08,,2026-09-09T22:21:09+09:00
2023-11-09,000810,삼성화재,16,4303036500,248500,2427.08,,2026-09-09T22:21:09+09:00
2023-11-09,185750,종근당,17,4136892200,125600,2427.08,,2026-09-09T22:21:09+09:00
2023-11-09,033780,KT&G,18,4104500200,88900,2427.08,,2026-09-09T22:21:09+09:00
2023-11-09,005380,현대차,19,4056631300,174700,2427.08,,2026-09-09T22:21:09+09:00
2023-11-09,028050,삼성엔지니어링,20,3938403400,24600,2427.08,,2026-09-09T22:21:09+09:00
2023-11-10,005930,삼성전자,1,41891743700,70500,2409.66,,2026-09-09T22:21:14+09:00
2023-11-10,042700,한미반도체,2,37145361800,66300,2409.66,,2026-09-09T22:21:14+09:00
2023-11-10,000660,SK하이닉스,3,34153979600,130500,2409.66,,2026-09-09T22:21:14+09:00
2023-11-10,005490,POSCO홀딩스,4,15625597000,447500,2409.66,,2026-09-09T22:21:14+09:00
2023-11-10,068270,셀트리온,5,9470467000,157200,2409.66,,2026-09-09T22:21:14+09:00
2023-11-10,003670,포스코퓨처엠,6,8997133000,277000,2409.66,,2026-09-09T22:21:14+09:00
2023-11-10,267260,HD현대일렉트릭,7,7958092300,83500,2409.66,,2026-09-09T22:21:14+09:00
2023-11-10,185750,종근당,8,5282556700,119100,2409.66,,2026-09-09T22:21:14+09:00
2023-11-10,004990,롯데지주,9,5260117750,29150,2409.66,,2026-09-09T22:21:14+09:00
2023-11-10,017670,SK텔레콤,10,5040058100,49900,2409.66,,2026-09-09T22:21:14+09:00
2023-11-10,047810,한국항공우주,11,4219215000,46300,2409.66,,2026-09-09T22:21:14+09:00
2023-11-10,033780,KT&G,12,4115574100,89600,2409.66,,2026-09-09T22:21:14+09:00
2023-11-10,079550,LIG넥스원,13,3380691900,98800,2409.66,,2026-09-09T22:21:14+09:00
2023-11-10,035420,NAVER,14,3340011200,194700,2409.66,,2026-09-09T22:21:14+09:00
2023-11-10,298040,효성중공업,15,3327626200,193400,2409.66,,2026-09-09T22:21:14+09:00
2023-11-10,090430,아모레퍼시픽,16,3311693300,138200,2409.66,,2026-09-09T22:21:14+09:00
2023-11-10,006260,LS,17,2999607900,76700,2409.66,,2026-09-09T22:21:14+09:00
2023-11-10,009420,한올바이오파마,18,2712936900,33600,2409.66,,2026-09-09T22:21:14+09:00
2023-11-10,326030,SK바이오팜,19,2417379100,87600,2409.66,,2026-09-09T22:21:14+09:00
2023-11-10,017800,현대엘리베이,20,2268691500,48200,2409.66,,2026-09-09T22:21:14+09:00
2023-11-13,000660,SK하이닉스,1,59818725400,131800,2403.76,,2026-09-09T22:21:23+09:00
2023-11-13,068270,셀트리온,2,40550215400,156800,2403.76,,2026-09-09T22:21:23+09:00
2023-11-13,005930,삼성전자,3,23284661100,70400,2403.76,,2026-09-09T22:21:23+09:00
2023-11-13,005490,POSCO홀딩스,4,8814939000,452000,2403.76,,2026-09-09T22:21:23+09:00
2023-11-13,090430,아모레퍼시픽,5,6358223800,137000,2403.76,,2026-09-09T22:21:23+09:00
2023-11-13,035720,카카오,6,5950961150,45000,2403.76,,2026-09-09T22:21:23+09:00
2023-11-13,039490,키움증권,7,4165796100,90100,2403.76,,2026-09-09T22:21:23+09:00
2023-11-13,047050,포스코인터내셔널,8,3968540300,58100,2403.76,,2026-09-09T22:21:23+09:00
2023-11-13,051900,LG생활건강,9,3421673500,329500,2403.76,,2026-09-09T22:21:23+09:00
2023-11-13,028670,팬오션,10,3223636805,4460,2403.76,,2026-09-09T22:21:23+09:00
2023-11-13,052690,한전기술,11,3177196200,53700,2403.76,,2026-09-09T22:21:23+09:00
2023-11-13,316140,우리금융지주,12,3057724100,12400,2403.76,,2026-09-09T22:21:23+09:00
2023-11-13,035420,NAVER,13,3053404700,192600,2403.76,,2026-09-09T22:21:23+09:00
2023-11-13,096770,SK이노베이션,14,3034537900,131000,2403.76,,2026-09-09T22:21:23+09:00
2023-11-13,011200,HMM,15,2913286730,16370,2403.76,,2026-09-09T22:21:23+09:00
2023-11-13,185750,종근당,16,2719456000,116800,2403.76,,2026-09-09T22:21:23+09:00
2023-11-13,010120,LS ELECTRIC,17,2699435200,64900,2403.76,,2026-09-09T22:21:23+09:00
2023-11-13,017670,SK텔레콤,18,2455168600,50200,2403.76,,2026-09-09T22:21:23+09:00
2023-11-13,006260,LS,19,2348817900,76500,2403.76,,2026-09-09T22:21:23+09:00
2023-11-13,034730,SK,20,2341844000,155600,2403.76,,2026-09-09T22:21:23+09:00
2023-11-14,005935,삼성전자우,1,21150518200,57200,2433.25,,2026-09-09T22:21:28+09:00
2023-11-14,000080,하이트진로,2,16904870350,23250,2433.25,,2026-09-09T22:21:28+09:00
2023-11-14,017670,SK텔레콤,3,12282194900,51300,2433.25,,2026-09-09T22:21:28+09:00
2023-11-14,000270,기아,4,9902495500,78200,2433.25,,2026-09-09T22:21:28+09:00
2023-11-14,090430,아모레퍼시픽,5,9058086800,133900,2433.25,,2026-09-09T22:21:28+09:00
2023-11-14,352820,하이브,6,8199737500,204500,2433.25,,2026-09-09T22:21:28+09:00
2023-11-14,007660,이수페타시스,7,7474190700,26900,2433.25,,2026-09-09T22:21:28+09:00
2023-11-14,138040,메리츠금융지주,8,6453726300,56400,2433.25,,2026-09-09T22:21:28+09:00
2023-11-14,001570,금양,9,5715179000,104200,2433.25,,2026-09-09T22:21:28+09:00
2023-11-14,259960,크래프톤,10,5315457500,193000,2433.25,,2026-09-09T22:21:28+09:00
2023-11-14,316140,우리금융지주,11,4771016580,12540,2433.25,,2026-09-09T22:21:28+09:00
2023-11-14,033780,KT&G,12,4668345200,91800,2433.25,,2026-09-09T22:21:28+09:00
2023-11-14,112610,씨에스윈드,13,4382855950,47300,2433.25,,2026-09-09T22:21:28+09:00
2023-11-14,028050,삼성엔지니어링,14,4143852300,25450,2433.25,,2026-09-09T22:21:28+09:00
2023-11-14,010620,현대미포조선,15,4121131400,72800,2433.25,,2026-09-09T22:21:28+09:00
2023-11-14,011790,SKC,16,3932086000,90700,2433.25,,2026-09-09T22:21:28+09:00
2023-11-14,034020,두산에너빌리티,17,3903280310,14210,2433.25,,2026-09-09T22:21:28+09:00
2023-11-14,457190,이수스페셜티케미컬,18,3833981300,163100,2433.25,,2026-09-09T22:21:28+09:00
2023-11-14,161390,한국타이어앤테크놀로지,19,3522574700,45350,2433.25,,2026-09-09T22:21:28+09:00
2023-11-14,047810,한국항공우주,20,3297807050,46350,2433.25,,2026-09-09T22:21:28+09:00
2023-11-15,005930,삼성전자,1,331641898600,72200,2486.67,,2026-09-09T22:21:33+09:00
2023-11-15,000660,SK하이닉스,2,102755696300,134100,2486.67,,2026-09-09T22:21:33+09:00
2023-11-15,068270,셀트리온,3,23171004000,165000,2486.67,,2026-09-09T22:21:33+09:00
2023-11-15,005380,현대차,4,22948353200,182500,2486.67,,2026-09-09T22:21:33+09:00
2023-11-15,042700,한미반도체,5,21941955000,62300,2486.67,,2026-09-09T22:21:33+09:00
2023-11-15,000270,기아,6,20072955700,81500,2486.67,,2026-09-09T22:21:33+09:00
2023-11-15,454910,두산로보틱스,7,13596737000,46900,2486.67,,2026-09-09T22:21:33+09:00
2023-11-15,035720,카카오,8,12654336650,48300,2486.67,,2026-09-09T22:21:33+09:00
2023-11-15,009830,한화솔루션,9,12089940800,33350,2486.67,,2026-09-09T22:21:33+09:00
2023-11-15,035420,NAVER,10,11087454500,205500,2486.67,,2026-09-09T22:21:33+09:00
2023-11-15,096770,SK이노베이션,11,10286739100,139700,2486.67,,2026-09-09T22:21:33+09:00
2023-11-15,007660,이수페타시스,12,10267001200,31300,2486.67,,2026-09-09T22:21:33+09:00
2023-11-15,251270,넷마블,13,10244305650,52200,2486.67,,2026-09-09T22:21:33+09:00
2023-11-15,028260,삼성물산,14,9825740800,118300,2486.67,,2026-09-09T22:21:33+09:00
2023-11-15,008770,호텔신라,15,8564750700,67700,2486.67,,2026-09-09T22:21:33+09:00
2023-11-15,011790,SKC,16,8256902600,94200,2486.67,,2026-09-09T22:21:33+09:00
2023-11-15,323410,카카오뱅크,17,8209131100,24350,2486.67,,2026-09-09T22:21:33+09:00
2023-11-15,352820,하이브,18,8183736500,211000,2486.67,,2026-09-09T22:21:33+09:00
2023-11-15,000720,현대건설,19,7693468950,36450,2486.67,,2026-09-09T22:21:33+09:00
2023-11-15,090430,아모레퍼시픽,20,7506616500,136000,2486.67,,2026-09-09T22:21:33+09:00
2023-11-16,005930,삼성전자,1,355815816000,72800,2488.18,,2026-09-09T22:21:38+09:00
2023-11-16,000270,기아,2,65091856300,84500,2488.18,,2026-09-09T22:21:38+09:00
2023-11-16,066570,LG전자,3,13419615500,108400,2488.18,,2026-09-09T22:21:38+09:00
2023-11-16,068270,셀트리온,4,11766121000,168200,2488.18,,2026-09-09T22:21:38+09:00
2023-11-16,267260,HD현대일렉트릭,5,10623797600,86800,2488.18,,2026-09-09T22:21:38+09:00
2023-11-16,012330,현대모비스,6,9241423500,230500,2488.18,,2026-09-09T22:21:38+09:00
2023-11-16,005380,현대차,7,8558790700,184800,2488.18,,2026-09-09T22:21:38+09:00
2023-11-16,005935,삼성전자우,8,7324960200,58000,2488.18,,2026-09-09T22:21:38+09:00
2023-11-16,042700,한미반도체,9,6144987600,62400,2488.18,,2026-09-09T22:21:38+09:00
2023-11-16,298040,효성중공업,10,5592925400,204000,2488.18,,2026-09-09T22:21:38+09:00
2023-11-16,259960,크래프톤,11,5362817000,203500,2488.18,,2026-09-09T22:21:38+09:00
2023-11-16,035720,카카오,12,5273164450,48200,2488.18,,2026-09-09T22:21:38+09:00
2023-11-16,055550,신한지주,13,4456089650,36350,2488.18,,2026-09-09T22:21:38+09:00
2023-11-16,011790,SKC,14,4335744100,94500,2488.18,,2026-09-09T22:21:38+09:00
2023-11-16,251270,넷마블,15,4157968500,51100,2488.18,,2026-09-09T22:21:38+09:00
2023-11-16,003550,LG,16,3997630600,84900,2488.18,,2026-09-09T22:21:38+09:00
2023-11-16,034730,SK,17,3976521300,164600,2488.18,,2026-09-09T22:21:38+09:00
2023-11-16,051910,LG화학,18,3809904000,480000,2488.18,,2026-09-09T22:21:38+09:00
2023-11-16,454910,두산로보틱스,19,3756681850,51100,2488.18,,2026-09-09T22:21:38+09:00
2023-11-16,028260,삼성물산,20,3573427500,117800,2488.18,,2026-09-09T22:21:38+09:00
2023-11-17,005930,삼성전자,1,196601261000,72500,2469.85,,2026-09-09T22:21:43+09:00
2023-11-17,000270,기아,2,38640838400,85200,2469.85,,2026-09-09T22:21:43+09:00
2023-11-17,005490,POSCO홀딩스,3,13831907500,463500,2469.85,,2026-09-09T22:21:43+09:00
2023-11-17,259960,크래프톤,4,8086059700,193100,2469.85,,2026-09-09T22:21:43+09:00
2023-11-17,035420,NAVER,5,7429854500,202000,2469.85,,2026-09-09T22:21:43+09:00
2023-11-17,017670,SK텔레콤,6,6874902000,51900,2469.85,,2026-09-09T22:21:43+09:00
2023-11-17,025540,한국단자,7,6848016400,75400,2469.85,,2026-09-09T22:21:43+09:00
2023-11-17,011790,SKC,8,6651717000,98400,2469.85,,2026-09-09T22:21:43+09:00
2023-11-17,001570,금양,9,6352327100,98000,2469.85,,2026-09-09T22:21:43+09:00
2023-11-17,009150,삼성전기,10,5883126800,139400,2469.85,,2026-09-09T22:21:43+09:00
2023-11-17,003490,대한항공,11,5727444600,22550,2469.85,,2026-09-09T22:21:43+09:00
2023-11-17,005935,삼성전자우,12,5131691700,57500,2469.85,,2026-09-09T22:21:43+09:00
2023-11-17,267260,HD현대일렉트릭,13,4373760700,88000,2469.85,,2026-09-09T22:21:43+09:00
2023-11-17,005380,현대차,14,4092812300,184400,2469.85,,2026-09-09T22:21:43+09:00
2023-11-17,028260,삼성물산,15,3901486200,117900,2469.85,,2026-09-09T22:21:43+09:00
2023-11-17,047810,한국항공우주,16,3671117550,46000,2469.85,,2026-09-09T22:21:43+09:00
2023-11-17,090430,아모레퍼시픽,17,3532795300,135700,2469.85,,2026-09-09T22:21:43+09:00
2023-11-17,051910,LG화학,18,3495097500,484000,2469.85,,2026-09-09T22:21:43+09:00
2023-11-17,000120,CJ대한통운,19,3203918800,87400,2469.85,,2026-09-09T22:21:43+09:00
2023-11-17,006280,녹십자,20,2793272800,116600,2469.85,,2026-09-09T22:21:43+09:00
2023-11-20,005930,삼성전자,1,38166234500,72700,2491.2,,2026-09-09T22:21:53+09:00
2023-11-20,454910,두산로보틱스,2,19127078400,58500,2491.2,,2026-09-09T22:21:53+09:00
2023-11-20,000270,기아,3,16233333600,84400,2491.2,,2026-09-09T22:21:53+09:00
2023-11-20,096770,SK이노베이션,4,10619502500,140600,2491.2,,2026-09-09T22:21:53+09:00
2023-11-20,068270,셀트리온,5,8220467500,169900,2491.2,,2026-09-09T22:21:53+09:00
2023-11-20,017670,SK텔레콤,6,6798873200,52000,2491.2,,2026-09-09T22:21:53+09:00
2023-11-20,035720,카카오,7,5652608800,47800,2491.2,,2026-09-09T22:21:53+09:00
2023-11-20,003670,포스코퓨처엠,8,5571223000,300500,2491.2,,2026-09-09T22:21:53+09:00
2023-11-20,352820,하이브,9,4863646100,193400,2491.2,,2026-09-09T22:21:53+09:00
2023-11-20,001570,금양,10,4858284200,99600,2491.2,,2026-09-09T22:21:53+09:00
2023-11-20,042660,한화오션,11,4745988050,27450,2491.2,,2026-09-09T22:21:53+09:00
2023-11-20,185750,종근당,12,4638282500,116600,2491.2,,2026-09-09T22:21:53+09:00
2023-11-20,034020,두산에너빌리티,13,4242523260,14680,2491.2,,2026-09-09T22:21:53+09:00
2023-11-20,000100,유한양행,14,4041039800,62200,2491.2,,2026-09-09T22:21:53+09:00
2023-11-20,000810,삼성화재,15,3791366500,249500,2491.2,,2026-09-09T22:21:53+09:00
2023-11-20,086790,하나금융지주,16,3739393550,41600,2491.2,,2026-09-09T22:21:53+09:00
2023-11-20,000490,대동,17,3623203890,14000,2491.2,,2026-09-09T22:21:53+09:00
2023-11-20,047050,포스코인터내셔널,18,3084733800,59200,2491.2,,2026-09-09T22:21:53+09:00
2023-11-20,006260,LS,19,3044170000,80500,2491.2,,2026-09-09T22:21:53+09:00
2023-11-20,450080,에코프로머티,20,2833494100,74300,2491.2,,2026-09-09T22:21:53+09:00
2023-11-21,005930,삼성전자,1,80616572100,72800,2510.42,,2026-09-09T22:21:59+09:00
2023-11-21,323410,카카오뱅크,2,21455666450,26000,2510.42,,2026-09-09T22:21:59+09:00
2023-11-21,035720,카카오,3,17741951000,49250,2510.42,,2026-09-09T22:21:59+09:00
2023-11-21,066570,LG전자,4,15912637600,108400,2510.42,,2026-09-09T22:21:59+09:00
2023-11-21,316140,우리금융지주,5,15045997280,12720,2510.42,,2026-09-09T22:21:59+09:00
2023-11-21,000660,SK하이닉스,6,14222073400,132000,2510.42,,2026-09-09T22:21:59+09:00
2023-11-21,068270,셀트리온,7,14147122000,172200,2510.42,,2026-09-09T22:21:59+09:00
2023-11-21,003670,포스코퓨처엠,8,13847889500,303500,2510.42,,2026-09-09T22:21:59+09:00
2023-11-21,012330,현대모비스,9,13831943000,231500,2510.42,,2026-09-09T22:21:59+09:00
2023-11-21,011790,SKC,10,12706677400,102800,2510.42,,2026-09-09T22:21:59+09:00
2023-11-21,454910,두산로보틱스,11,11573370500,59600,2510.42,,2026-09-09T22:21:59+09:00
2023-11-21,028260,삼성물산,12,11109533800,118700,2510.42,,2026-09-09T22:21:59+09:00
2023-11-21,373220,LG에너지솔루션,13,10556613500,447000,2510.42,,2026-09-09T22:21:59+09:00
2023-11-21,352820,하이브,14,10083813200,199200,2510.42,,2026-09-09T22:21:59+09:00
2023-11-21,008770,호텔신라,15,9381258300,68500,2510.42,,2026-09-09T22:21:59+09:00
2023-11-21,005490,POSCO홀딩스,16,8908265500,474000,2510.42,,2026-09-09T22:21:59+09:00
2023-11-21,055550,신한지주,17,8808763850,36950,2510.42,,2026-09-09T22:21:59+09:00
2023-11-21,011070,LG이노텍,18,8296975500,255000,2510.42,,2026-09-09T22:21:59+09:00
2023-11-21,003490,대한항공,19,6775751050,22600,2510.42,,2026-09-09T22:21:59+09:00
2023-11-21,017670,SK텔레콤,20,6704488600,52100,2510.42,,2026-09-09T22:21:59+09:00
2023-11-22,005930,삼성전자,1,162298798600,72800,2511.7,,2026-09-09T22:22:04+09:00
2023-11-22,000660,SK하이닉스,2,24700323400,131300,2511.7,,2026-09-09T22:22:04+09:00
2023-11-22,035420,NAVER,3,11836008500,207500,2511.7,,2026-09-09T22:22:04+09:00
2023-11-22,042700,한미반도체,4,11642141100,61700,2511.7,,2026-09-09T22:22:04+09:00
2023-11-22,035720,카카오,5,8827790200,50300,2511.7,,2026-09-09T22:22:04+09:00
2023-11-22,066570,LG전자,6,6211233200,107600,2511.7,,2026-09-09T22:22:04+09:00
2023-11-22,000810,삼성화재,7,6007497000,254000,2511.7,,2026-09-09T22:22:04+09:00
2023-11-22,011780,금호석유,8,5510142200,130300,2511.7,,2026-09-09T22:22:04+09:00
2023-11-22,005490,POSCO홀딩스,9,4627428000,472000,2511.7,,2026-09-09T22:22:04+09:00
2023-11-22,015760,한국전력,10,4434728420,18140,2511.7,,2026-09-09T22:22:04+09:00
2023-11-22,028260,삼성물산,11,4305875500,118200,2511.7,,2026-09-09T22:22:04+09:00
2023-11-22,047810,한국항공우주,12,4071488300,46750,2511.7,,2026-09-09T22:22:04+09:00
2023-11-22,012450,한화에어로스페이스,13,3664338700,120900,2511.7,,2026-09-09T22:22:04+09:00
2023-11-22,000720,현대건설,14,3480626450,37050,2511.7,,2026-09-09T22:22:04+09:00
2023-11-22,267260,HD현대일렉트릭,15,3466506900,84600,2511.7,,2026-09-09T22:22:04+09:00
2023-11-22,010620,현대미포조선,16,3390848600,80200,2511.7,,2026-09-09T22:22:04+09:00
2023-11-22,001570,금양,17,3362804800,96800,2511.7,,2026-09-09T22:22:04+09:00
2023-11-22,001120,LX인터내셔널,18,3104266800,30050,2511.7,,2026-09-09T22:22:04+09:00
2023-11-22,241560,두산밥캣,19,2953700400,43250,2511.7,,2026-09-09T22:22:04+09:00
2023-11-22,161390,한국타이어앤테크놀로지,20,2516950550,45050,2511.7,,2026-09-09T22:22:04+09:00
2023-11-23,005930,삼성전자,1,27589491400,72400,2514.96,,2026-09-09T22:22:08+09:00
2023-11-23,005935,삼성전자우,2,22376081800,57400,2514.96,,2026-09-09T22:22:08+09:00
2023-11-23,000660,SK하이닉스,3,18736505200,130100,2514.96,,2026-09-09T22:22:08+09:00
2023-11-23,001570,금양,4,16600510400,99900,2514.96,,2026-09-09T22:22:08+09:00
2023-11-23,450080,에코프로머티,5,11156056500,99100,2514.96,,2026-09-09T22:22:08+09:00
2023-11-23,086790,하나금융지주,6,9554480950,42300,2514.96,,2026-09-09T22:22:08+09:00
2023-11-23,034020,두산에너빌리티,7,9296410030,14940,2514.96,,2026-09-09T22:22:08+09:00
2023-11-23,000270,기아,8,7453048600,84500,2514.96,,2026-09-09T22:22:08+09:00
2023-11-23,012330,현대모비스,9,7077212000,233000,2514.96,,2026-09-09T22:22:08+09:00
2023-11-23,015760,한국전력,10,6889837650,18750,2514.96,,2026-09-09T22:22:08+09:00
2023-11-23,005380,현대차,11,6766906400,184800,2514.96,,2026-09-09T22:22:08+09:00
2023-11-23,035420,NAVER,12,6110222500,205500,2514.96,,2026-09-09T22:22:08+09:00
2023-11-23,352820,하이브,13,5759153500,212000,2514.96,,2026-09-09T22:22:08+09:00
2023-11-23,003490,대한항공,14,5592835300,22800,2514.96,,2026-09-09T22:22:08+09:00
2023-11-23,009830,한화솔루션,15,5333881000,34500,2514.96,,2026-09-09T22:22:08+09:00
2023-11-23,454910,두산로보틱스,16,4973005700,64300,2514.96,,2026-09-09T22:22:08+09:00
2023-11-23,047050,포스코인터내셔널,17,4793857000,58200,2514.96,,2026-09-09T22:22:08+09:00
2023-11-23,000720,현대건설,18,4481184950,37300,2514.96,,2026-09-09T22:22:08+09:00
2023-11-23,267260,HD현대일렉트릭,19,4284290300,84100,2514.96,,2026-09-09T22:22:08+09:00
2023-11-23,028260,삼성물산,20,4090877000,118400,2514.96,,2026-09-09T22:22:08+09:00
2023-11-24,454910,두산로보틱스,1,32645362600,74400,2496.63,,2026-09-09T22:22:13+09:00
2023-11-24,018260,삼성에스디에스,2,13532366200,155200,2496.63,,2026-09-09T22:22:13+09:00
2023-11-24,005935,삼성전자우,3,12950287400,57200,2496.63,,2026-09-09T22:22:13+09:00
2023-11-24,001570,금양,4,12808582200,105300,2496.63,,2026-09-09T22:22:13+09:00
2023-11-24,001530,DI동일,5,9558392968,32400,2496.63,,2026-09-09T22:22:13+09:00
2023-11-24,042700,한미반도체,6,6060015300,60800,2496.63,,2026-09-09T22:22:13+09:00
2023-11-24,035420,NAVER,7,5825015000,205500,2496.63,,2026-09-09T22:22:13+09:00
2023-11-24,006110,삼아알미늄,8,4558870500,126300,2496.63,,2026-09-09T22:22:13+09:00
2023-11-24,011070,LG이노텍,9,4084516500,243500,2496.63,,2026-09-09T22:22:13+09:00
2023-11-24,047050,포스코인터내셔널,10,3484899400,58900,2496.63,,2026-09-09T22:22:13+09:00
2023-11-24,103590,일진전기,11,3459743570,14100,2496.63,,2026-09-09T22:22:13+09:00
2023-11-24,006360,GS건설,12,3305696760,16670,2496.63,,2026-09-09T22:22:13+09:00
2023-11-24,001120,LX인터내셔널,13,3249178000,30950,2496.63,,2026-09-09T22:22:13+09:00
2023-11-24,000720,현대건설,14,3109304150,36850,2496.63,,2026-09-09T22:22:13+09:00
2023-11-24,028260,삼성물산,15,3094728800,116100,2496.63,,2026-09-09T22:22:13+09:00
2023-11-24,002710,TCC스틸,16,3051875900,55900,2496.63,,2026-09-09T22:22:13+09:00
2023-11-24,010950,S-Oil,17,3020415800,70100,2496.63,,2026-09-09T22:22:13+09:00
2023-11-24,034020,두산에너빌리티,18,2985242510,15020,2496.63,,2026-09-09T22:22:13+09:00
2023-11-24,000270,기아,19,2964384200,84200,2496.63,,2026-09-09T22:22:13+09:00
2023-11-24,001430,세아베스틸지주,20,2963642850,27100,2496.63,,2026-09-09T22:22:13+09:00
2023-11-27,450080,에코프로머티,1,57292366900,124600,2495.66,,2026-09-09T22:22:22+09:00
2023-11-27,000660,SK하이닉스,2,45244040300,130700,2495.66,,2026-09-09T22:22:22+09:00
2023-11-27,005935,삼성전자우,3,9593698200,57000,2495.66,,2026-09-09T22:22:22+09:00
2023-11-27,017670,SK텔레콤,4,8187772100,52200,2495.66,,2026-09-09T22:22:22+09:00
2023-11-27,009830,한화솔루션,5,5620655800,33250,2495.66,,2026-09-09T22:22:22+09:00
2023-11-27,009540,HD한국조선해양,6,5250330400,106000,2495.66,,2026-09-09T22:22:22+09:00
2023-11-27,138040,메리츠금융지주,7,5227892100,55200,2495.66,,2026-09-09T22:22:22+09:00
2023-11-27,000990,DB하이텍,8,5224426800,60000,2495.66,,2026-09-09T22:22:22+09:00
2023-11-27,068270,셀트리온,9,5152781900,162800,2495.66,,2026-09-09T22:22:22+09:00
2023-11-27,005490,POSCO홀딩스,10,4715220500,468000,2495.66,,2026-09-09T22:22:22+09:00
2023-11-27,034020,두산에너빌리티,11,3951439400,14960,2495.66,,2026-09-09T22:22:22+09:00
2023-11-27,005380,현대차,12,3950153200,184900,2495.66,,2026-09-09T22:22:22+09:00
2023-11-27,090430,아모레퍼시픽,13,3826568000,134400,2495.66,,2026-09-09T22:22:22+09:00
2023-11-27,007660,이수페타시스,14,3671603600,29300,2495.66,,2026-09-09T22:22:22+09:00
2023-11-27,000720,현대건설,15,3033453700,37050,2495.66,,2026-09-09T22:22:22+09:00
2023-11-27,035420,NAVER,16,3030683500,206000,2495.66,,2026-09-09T22:22:22+09:00
2023-11-27,353200,대덕전자,17,2942986400,27050,2495.66,,2026-09-09T22:22:22+09:00
2023-11-27,014680,한솔케미칼,18,2885041600,181300,2495.66,,2026-09-09T22:22:22+09:00
2023-11-27,259960,크래프톤,19,2777648000,217000,2495.66,,2026-09-09T22:22:22+09:00
2023-11-27,042700,한미반도체,20,2693952300,59700,2495.66,,2026-09-09T22:22:22+09:00
2023-11-28,005930,삼성전자,1,40811833500,72700,2521.76,,2026-09-09T22:22:27+09:00
2023-11-28,207940,삼성바이오로직스,2,18106774000,727000,2521.76,,2026-09-09T22:22:27+09:00
2023-11-28,042700,한미반도체,3,16733406000,61600,2521.76,,2026-09-09T22:22:27+09:00
2023-11-28,005935,삼성전자우,4,12316718400,57900,2521.76,,2026-09-09T22:22:27+09:00
2023-11-28,035720,카카오,5,9458354600,51100,2521.76,,2026-09-09T22:22:27+09:00
2023-11-28,005490,POSCO홀딩스,6,8798812500,478000,2521.76,,2026-09-09T22:22:27+09:00
2023-11-28,316140,우리금융지주,7,8131805530,12920,2521.76,,2026-09-09T22:22:27+09:00
2023-11-28,028670,팬오션,8,6744154555,4430,2521.76,,2026-09-09T22:22:27+09:00
2023-11-28,034730,SK,9,6482703800,166600,2521.76,,2026-09-09T22:22:27+09:00
2023-11-28,001570,금양,10,5686173100,115700,2521.76,,2026-09-09T22:22:27+09:00
2023-11-28,017670,SK텔레콤,11,5109691400,52300,2521.76,,2026-09-09T22:22:27+09:00
2023-11-28,047050,포스코인터내셔널,12,5036669400,57600,2521.76,,2026-09-09T22:22:27+09:00
2023-11-28,009150,삼성전기,13,4316284000,144000,2521.76,,2026-09-09T22:22:27+09:00
2023-11-28,267260,HD현대일렉트릭,14,4125711800,85100,2521.76,,2026-09-09T22:22:27+09:00
2023-11-28,007660,이수페타시스,15,4002683150,30350,2521.76,,2026-09-09T22:22:27+09:00
2023-11-28,003670,포스코퓨처엠,16,3971434500,304500,2521.76,,2026-09-09T22:22:27+09:00
2023-11-28,010140,삼성중공업,17,3842025740,8160,2521.76,,2026-09-09T22:22:27+09:00
2023-11-28,018260,삼성에스디에스,18,3705724100,158800,2521.76,,2026-09-09T22:22:27+09:00
2023-11-28,068270,셀트리온,19,3435945700,165000,2521.76,,2026-09-09T22:22:27+09:00
2023-11-28,096770,SK이노베이션,20,3193368500,141300,2521.76,,2026-09-09T22:22:27+09:00
2023-11-29,005930,삼성전자,1,166549761500,72700,2519.81,,2026-09-09T22:22:32+09:00
2023-11-29,000270,기아,2,45103694000,86000,2519.81,,2026-09-09T22:22:32+09:00
2023-11-29,003670,포스코퓨처엠,3,22351117000,327500,2519.81,,2026-09-09T22:22:32+09:00
2023-11-29,018260,삼성에스디에스,4,12974654600,166200,2519.81,,2026-09-09T22:22:32+09:00
2023-11-29,373220,LG에너지솔루션,5,12729121000,447000,2519.81,,2026-09-09T22:22:32+09:00
2023-11-29,086790,하나금융지주,6,9326205900,41250,2519.81,,2026-09-09T22:22:32+09:00
2023-11-29,035420,NAVER,7,9082231000,207500,2519.81,,2026-09-09T22:22:32+09:00
2023-11-29,042700,한미반도체,8,9007703300,61100,2519.81,,2026-09-09T22:22:32+09:00
2023-11-29,025540,한국단자,9,7938448650,74900,2519.81,,2026-09-09T22:22:32+09:00
2023-11-29,047050,포스코인터내셔널,10,5685670600,58000,2519.81,,2026-09-09T22:22:32+09:00
2023-11-29,207940,삼성바이오로직스,11,5113002000,729000,2519.81,,2026-09-09T22:22:32+09:00
2023-11-29,017670,SK텔레콤,12,4696214500,51900,2519.81,,2026-09-09T22:22:32+09:00
2023-11-29,259960,크래프톤,13,4374746500,216000,2519.81,,2026-09-09T22:22:32+09:00
2023-11-29,005070,코스모신소재,14,3824627400,164600,2519.81,,2026-09-09T22:22:32+09:00
2023-11-29,006360,GS건설,15,3702014140,16000,2519.81,,2026-09-09T22:22:32+09:00
2023-11-29,005935,삼성전자우,16,3603183100,57800,2519.81,,2026-09-09T22:22:32+09:00
2023-11-29,086280,현대글로비스,17,3512572400,177700,2519.81,,2026-09-09T22:22:32+09:00
2023-11-29,005380,현대차,18,3497362600,184800,2519.81,,2026-09-09T22:22:32+09:00
2023-11-29,138040,메리츠금융지주,19,3151561900,54200,2519.81,,2026-09-09T22:22:32+09:00
2023-11-29,241560,두산밥캣,20,2767669700,45250,2519.81,,2026-09-09T22:22:32+09:00
2023-11-30,000660,SK하이닉스,1,107067801300,133900,2535.29,,2026-09-09T22:22:36+09:00
2023-11-30,001570,금양,2,59499008900,128300,2535.29,,2026-09-09T22:22:36+09:00
2023-11-30,454910,두산로보틱스,3,53892740700,92900,2535.29,,2026-09-09T22:22:36+09:00
2023-11-30,042700,한미반도체,4,30461707700,63600,2535.29,,2026-09-09T22:22:36+09:00
2023-11-30,017670,SK텔레콤,5,21944574300,52200,2535.29,,2026-09-09T22:22:36+09:00
2023-11-30,373220,LG에너지솔루션,6,19038514000,454500,2535.29,,2026-09-09T22:22:36+09:00
2023-11-30,034020,두산에너빌리티,7,12633912280,15800,2535.29,,2026-09-09T22:22:36+09:00
2023-11-30,316140,우리금융지주,8,12034025840,13020,2535.29,,2026-09-09T22:22:36+09:00
2023-11-30,402340,SK스퀘어,9,12010716650,51000,2535.29,,2026-09-09T22:22:36+09:00
2023-11-30,009830,한화솔루션,10,8134846750,33400,2535.29,,2026-09-09T22:22:36+09:00
2023-11-30,259960,크래프톤,11,7165346500,213000,2535.29,,2026-09-09T22:22:36+09:00
2023-11-30,105560,KB금융,12,6838727800,52400,2535.29,,2026-09-09T22:22:36+09:00
2023-11-30,014680,한솔케미칼,13,6815641100,201000,2535.29,,2026-09-09T22:22:36+09:00
2023-11-30,028260,삼성물산,14,6794212200,119300,2535.29,,2026-09-09T22:22:36+09:00
2023-11-30,138040,메리츠금융지주,15,6662927300,55500,2535.29,,2026-09-09T22:22:36+09:00
2023-11-30,011810,STX,16,6629342220,18800,2535.29,,2026-09-09T22:22:36+09:00
2023-11-30,024110,기업은행,17,5802290610,11830,2535.29,,2026-09-09T22:22:36+09:00
2023-11-30,010620,현대미포조선,18,4753942100,81100,2535.29,,2026-09-09T22:22:36+09:00
2023-11-30,001470,삼부토건,19,4605876765,2690,2535.29,,2026-09-09T22:22:36+09:00
2023-11-30,457190,이수스페셜티케미컬,20,4505658500,192800,2535.29,,2026-09-09T22:22:36+09:00
2023-12-01,000660,SK하이닉스,1,40711785100,132600,2505.01,,2026-09-09T22:22:40+09:00
2023-12-01,012450,한화에어로스페이스,2,20331958700,136000,2505.01,,2026-09-09T22:22:40+09:00
2023-12-01,047810,한국항공우주,3,16347595550,47900,2505.01,,2026-09-09T22:22:40+09:00
2023-12-01,005935,삼성전자우,4,13365316400,57900,2505.01,,2026-09-09T22:22:40+09:00
2023-12-01,064350,현대로템,5,13096083200,28050,2505.01,,2026-09-09T22:22:40+09:00
2023-12-01,000270,기아,6,11498342200,85800,2505.01,,2026-09-09T22:22:40+09:00
2023-12-01,012330,현대모비스,7,9581994000,227000,2505.01,,2026-09-09T22:22:40+09:00
2023-12-01,005380,현대차,8,9182490100,182800,2505.01,,2026-09-09T22:22:40+09:00
2023-12-01,036570,엔씨소프트,9,8184873500,281000,2505.01,,2026-09-09T22:22:40+09:00
2023-12-01,086790,하나금융지주,10,7856007600,41850,2505.01,,2026-09-09T22:22:40+09:00
2023-12-01,329180,HD현대중공업,11,6278773800,128900,2505.01,,2026-09-09T22:22:40+09:00
2023-12-01,000100,유한양행,12,5700916700,61500,2505.01,,2026-09-09T22:22:40+09:00
2023-12-01,018260,삼성에스디에스,13,5658725400,168500,2505.01,,2026-09-09T22:22:40+09:00
2023-12-01,047050,포스코인터내셔널,14,5469434300,55700,2505.01,,2026-09-09T22:22:40+09:00
2023-12-01,033780,KT&G,15,5291234200,89400,2505.01,,2026-09-09T22:22:40+09:00
2023-12-01,004370,농심,16,5244267000,409500,2505.01,,2026-09-09T22:22:40+09:00
2023-12-01,267260,HD현대일렉트릭,17,5243885800,86300,2505.01,,2026-09-09T22:22:40+09:00
2023-12-01,011200,HMM,18,5234974240,15870,2505.01,,2026-09-09T22:22:40+09:00
2023-12-01,079550,LIG넥스원,19,4853128200,100100,2505.01,,2026-09-09T22:22:40+09:00
2023-12-01,352820,하이브,20,4485118500,211500,2505.01,,2026-09-09T22:22:40+09:00
2023-12-04,005930,삼성전자,1,111211577300,72600,2514.95,,2026-09-09T22:22:49+09:00
2023-12-04,003670,포스코퓨처엠,2,54558357500,348000,2514.95,,2026-09-09T22:22:49+09:00
2023-12-04,005935,삼성전자우,3,38843338100,58700,2514.95,,2026-09-09T22:22:49+09:00
2023-12-04,035720,카카오,4,24139629750,50800,2514.95,,2026-09-09T22:22:49+09:00
2023-12-04,373220,LG에너지솔루션,5,18615469500,430000,2514.95,,2026-09-09T22:22:49+09:00
2023-12-04,454910,두산로보틱스,6,16875504500,79900,2514.95,,2026-09-09T22:22:49+09:00
2023-12-04,005490,POSCO홀딩스,7,13847980000,475000,2514.95,,2026-09-09T22:22:49+09:00
2023-12-04,035420,NAVER,8,12957202000,210500,2514.95,,2026-09-09T22:22:49+09:00
2023-12-04,028260,삼성물산,9,12318926200,120500,2514.95,,2026-09-09T22:22:49+09:00
2023-12-04,034020,두산에너빌리티,10,10975557980,15610,2514.95,,2026-09-09T22:22:49+09:00
2023-12-04,361610,SK아이이테크놀로지,11,9429548200,78700,2514.95,,2026-09-09T22:22:49+09:00
2023-12-04,096770,SK이노베이션,12,8630384900,135800,2514.95,,2026-09-09T22:22:49+09:00
2023-12-04,001570,금양,13,8050368200,116900,2514.95,,2026-09-09T22:22:49+09:00
2023-12-04,329180,HD현대중공업,14,6577181200,133800,2514.95,,2026-09-09T22:22:49+09:00
2023-12-04,003490,대한항공,15,6303081400,22600,2514.95,,2026-09-09T22:22:49+09:00
2023-12-04,007660,이수페타시스,16,5506943050,28000,2514.95,,2026-09-09T22:22:49+09:00
2023-12-04,030200,KT,17,5047090100,33600,2514.95,,2026-09-09T22:22:49+09:00
2023-12-04,009540,HD한국조선해양,18,4824021700,114500,2514.95,,2026-09-09T22:22:49+09:00
2023-12-04,011200,HMM,19,4731808450,16780,2514.95,,2026-09-09T22:22:49+09:00
2023-12-04,001440,대한전선,20,4481772460,12130,2514.95,,2026-09-09T22:22:49+09:00
2023-12-05,035420,NAVER,1,33149616000,213000,2494.28,,2026-09-09T22:22:53+09:00
2023-12-05,373220,LG에너지솔루션,2,17857658000,430000,2494.28,,2026-09-09T22:22:53+09:00
2023-12-05,454910,두산로보틱스,3,16619107500,81700,2494.28,,2026-09-09T22:22:53+09:00
2023-12-05,068270,셀트리온,4,13996954800,162600,2494.28,,2026-09-09T22:22:53+09:00
2023-12-05,034020,두산에너빌리티,5,13391387890,15900,2494.28,,2026-09-09T22:22:53+09:00
2023-12-05,000270,기아,6,12864372600,84100,2494.28,,2026-09-09T22:22:53+09:00
2023-12-05,035720,카카오,7,10578536000,50800,2494.28,,2026-09-09T22:22:53+09:00
2023-12-05,005380,현대차,8,9147068400,181400,2494.28,,2026-09-09T22:22:53+09:00
2023-12-05,030200,KT,9,7779448100,33950,2494.28,,2026-09-09T22:22:53+09:00
2023-12-05,185750,종근당,10,6979854000,126200,2494.28,,2026-09-09T22:22:53+09:00
2023-12-05,000100,유한양행,11,6769096600,63300,2494.28,,2026-09-09T22:22:53+09:00
2023-12-05,033780,KT&G,12,6548422900,90000,2494.28,,2026-09-09T22:22:53+09:00
2023-12-05,042700,한미반도체,13,6288777500,57800,2494.28,,2026-09-09T22:22:53+09:00
2023-12-05,267260,HD현대일렉트릭,14,6200000100,83100,2494.28,,2026-09-09T22:22:53+09:00
2023-12-05,007660,이수페타시스,15,5734010400,26550,2494.28,,2026-09-09T22:22:53+09:00
2023-12-05,138040,메리츠금융지주,16,5530521100,56500,2494.28,,2026-09-09T22:22:53+09:00
2023-12-05,259960,크래프톤,17,5188988500,213000,2494.28,,2026-09-09T22:22:53+09:00
2023-12-05,001040,CJ,18,4978773300,99000,2494.28,,2026-09-09T22:22:53+09:00
2023-12-05,316140,우리금융지주,19,4523389450,12900,2494.28,,2026-09-09T22:22:53+09:00
2023-12-05,009830,한화솔루션,20,4255823750,32550,2494.28,,2026-09-09T22:22:53+09:00
2023-12-06,005930,삼성전자,1,40653194400,71700,2495.38,,2026-09-09T22:22:58+09:00
2023-12-06,454910,두산로보틱스,2,39745365700,89100,2495.38,,2026-09-09T22:22:58+09:00
2023-12-06,352820,하이브,3,10096273500,228500,2495.38,,2026-09-09T22:22:58+09:00
2023-12-06,000270,기아,4,8218952200,84500,2495.38,,2026-09-09T22:22:58+09:00
2023-12-06,138040,메리츠금융지주,5,8187090400,58200,2495.38,,2026-09-09T22:22:58+09:00
2023-12-06,267260,HD현대일렉트릭,6,6868444900,80900,2495.38,,2026-09-09T22:22:58+09:00
2023-12-06,105560,KB금융,7,5045603700,52000,2495.38,,2026-09-09T22:22:58+09:00
2023-12-06,272210,한화시스템,8,4680461100,16020,2495.38,,2026-09-09T22:22:58+09:00
2023-12-06,047050,포스코인터내셔널,9,4588065800,55600,2495.38,,2026-09-09T22:22:58+09:00
2023-12-06,294870,HDC현대산업개발,10,4409446600,15900,2495.38,,2026-09-09T22:22:58+09:00
2023-12-06,088980,맥쿼리인프라,11,4376109990,12610,2495.38,,2026-09-09T22:22:58+09:00
2023-12-06,000720,현대건설,12,4319386100,36700,2495.38,,2026-09-09T22:22:58+09:00
2023-12-06,009150,삼성전기,13,4106017800,149400,2495.38,,2026-09-09T22:22:58+09:00
2023-12-06,000990,DB하이텍,14,3974397100,58700,2495.38,,2026-09-09T22:22:58+09:00
2023-12-06,000810,삼성화재,15,3804965000,266000,2495.38,,2026-09-09T22:22:58+09:00
2023-12-06,010620,현대미포조선,16,3201769500,80100,2495.38,,2026-09-09T22:22:58+09:00
2023-12-06,030200,KT,17,2969984750,34450,2495.38,,2026-09-09T22:22:58+09:00
2023-12-06,259960,크래프톤,18,2808919500,212000,2495.38,,2026-09-09T22:22:58+09:00
2023-12-06,028260,삼성물산,19,2639554000,120100,2495.38,,2026-09-09T22:22:58+09:00
2023-12-06,005490,POSCO홀딩스,20,2273122500,451500,2495.38,,2026-09-09T22:22:58+09:00
2023-12-07,005930,삼성전자,1,108250366900,71500,2492.07,,2026-09-09T22:23:03+09:00
2023-12-07,006400,삼성SDI,2,19248181500,443500,2492.07,,2026-09-09T22:23:03+09:00
2023-12-07,015760,한국전력,3,11367986800,19650,2492.07,,2026-09-09T22:23:03+09:00
2023-12-07,042700,한미반도체,4,8342415400,58900,2492.07,,2026-09-09T22:23:03+09:00
2023-12-07,005380,현대차,5,7725096100,182600,2492.07,,2026-09-09T22:23:03+09:00
2023-12-07,000270,기아,6,6886086600,85100,2492.07,,2026-09-09T22:23:03+09:00
2023-12-07,005490,POSCO홀딩스,7,6823867000,447000,2492.07,,2026-09-09T22:23:03+09:00
2023-12-07,068270,셀트리온,8,5914252500,157600,2492.07,,2026-09-09T22:23:03+09:00
2023-12-07,361610,SK아이이테크놀로지,9,5814775900,86000,2492.07,,2026-09-09T22:23:03+09:00
2023-12-07,128940,한미약품,10,5613929500,327500,2492.07,,2026-09-09T22:23:03+09:00
2023-12-07,035720,카카오,11,5611793700,50500,2492.07,,2026-09-09T22:23:03+09:00
2023-12-07,035420,NAVER,12,5142922500,212500,2492.07,,2026-09-09T22:23:03+09:00
2023-12-07,012330,현대모비스,13,4982403000,224500,2492.07,,2026-09-09T22:23:03+09:00
2023-12-07,033780,KT&G,14,4382779700,91300,2492.07,,2026-09-09T22:23:03+09:00
2023-12-07,036460,한국가스공사,15,4271065250,25900,2492.07,,2026-09-09T22:23:03+09:00
2023-12-07,079550,LIG넥스원,16,3937065600,98300,2492.07,,2026-09-09T22:23:03+09:00
2023-12-07,028260,삼성물산,17,3788816200,120900,2492.07,,2026-09-09T22:23:03+09:00
2023-12-07,018260,삼성에스디에스,18,3448699700,163300,2492.07,,2026-09-09T22:23:03+09:00
2023-12-07,251270,넷마블,19,3427034500,58800,2492.07,,2026-09-09T22:23:03+09:00
2023-12-07,323410,카카오뱅크,20,3381388250,25850,2492.07,,2026-09-09T22:23:03+09:00
2023-12-08,005930,삼성전자,1,101974788500,72600,2517.85,,2026-09-09T22:23:08+09:00
2023-12-08,000270,기아,2,28466921100,86400,2517.85,,2026-09-09T22:23:08+09:00
2023-12-08,454910,두산로보틱스,3,25122609400,85300,2517.85,,2026-09-09T22:23:08+09:00
2023-12-08,005935,삼성전자우,4,24922576100,58400,2517.85,,2026-09-09T22:23:08+09:00
2023-12-08,035420,NAVER,5,22797264000,217500,2517.85,,2026-09-09T22:23:08+09:00
2023-12-08,035720,카카오,6,19119959000,51700,2517.85,,2026-09-09T22:23:08+09:00
2023-12-08,028260,삼성물산,7,17433077400,124800,2517.85,,2026-09-09T22:23:08+09:00
2023-12-08,450080,에코프로머티,8,16542096500,134400,2517.85,,2026-09-09T22:23:08+09:00
2023-12-08,005490,POSCO홀딩스,9,16309516000,471500,2517.85,,2026-09-09T22:23:08+09:00
2023-12-08,005380,현대차,10,15403795700,185100,2517.85,,2026-09-09T22:23:08+09:00
2023-12-08,042700,한미반도체,11,9887888700,60300,2517.85,,2026-09-09T22:23:08+09:00
2023-12-08,009150,삼성전기,12,7102931000,150900,2517.85,,2026-09-09T22:23:08+09:00
2023-12-08,007660,이수페타시스,13,6561689350,29000,2517.85,,2026-09-09T22:23:08+09:00
2023-12-08,001570,금양,14,5622232500,116000,2517.85,,2026-09-09T22:23:08+09:00
2023-12-08,259960,크래프톤,15,5165011500,207000,2517.85,,2026-09-09T22:23:08+09:00
2023-12-08,377300,카카오페이,16,4856379150,48400,2517.85,,2026-09-09T22:23:08+09:00
2023-12-08,047050,포스코인터내셔널,17,4617121000,56900,2517.85,,2026-09-09T22:23:08+09:00
2023-12-08,011070,LG이노텍,18,4558137000,236500,2517.85,,2026-09-09T22:23:08+09:00
2023-12-08,096770,SK이노베이션,19,3789215200,135600,2517.85,,2026-09-09T22:23:08+09:00
2023-12-08,034220,LG디스플레이,20,3469992630,12430,2517.85,,2026-09-09T22:23:08+09:00
2023-12-11,005930,삼성전자,1,97918038600,73000,2525.36,,2026-09-09T22:23:17+09:00
2023-12-11,068270,셀트리온,2,29552263500,177700,2525.36,,2026-09-09T22:23:17+09:00
2023-12-11,454910,두산로보틱스,3,17510665500,89300,2525.36,,2026-09-09T22:23:17+09:00
2023-12-11,005935,삼성전자우,4,16626896400,58800,2525.36,,2026-09-09T22:23:17+09:00
2023-12-11,000270,기아,5,15457824900,87100,2525.36,,2026-09-09T22:23:17+09:00
2023-12-11,011070,LG이노텍,6,11301659000,246000,2525.36,,2026-09-09T22:23:17+09:00
2023-12-11,030200,KT,7,10415822600,35000,2525.36,,2026-09-09T22:23:17+09:00
2023-12-11,009150,삼성전기,8,8618152300,150500,2525.36,,2026-09-09T22:23:17+09:00
2023-12-11,229640,LS전선아시아,9,7981938610,20300,2525.36,,2026-09-09T22:23:17+09:00
2023-12-11,450080,에코프로머티,10,7163930100,140200,2525.36,,2026-09-09T22:23:17+09:00
2023-12-11,004370,농심,11,4931857500,409500,2525.36,,2026-09-09T22:23:17+09:00
2023-12-11,033780,KT&G,12,4815980500,91500,2525.36,,2026-09-09T22:23:17+09:00
2023-12-11,259960,크래프톤,13,3883194000,213000,2525.36,,2026-09-09T22:23:17+09:00
2023-12-11,005380,현대차,14,3872441300,185400,2525.36,,2026-09-09T22:23:17+09:00
2023-12-11,361610,SK아이이테크놀로지,15,3644734900,87000,2525.36,,2026-09-09T22:23:17+09:00
2023-12-11,018260,삼성에스디에스,16,3535855500,172000,2525.36,,2026-09-09T22:23:17+09:00
2023-12-11,034220,LG디스플레이,17,2954986740,12600,2525.36,,2026-09-09T22:23:17+09:00
2023-12-11,036570,엔씨소프트,18,2894030000,241000,2525.36,,2026-09-09T22:23:17+09:00
2023-12-11,272210,한화시스템,19,2723275590,16260,2525.36,,2026-09-09T22:23:17+09:00
2023-12-11,002710,TCC스틸,20,2715455500,54600,2525.36,,2026-09-09T22:23:17+09:00
2023-12-12,068270,셀트리온,1,43031080400,183400,2535.27,,2026-09-09T22:23:21+09:00
2023-12-12,005935,삼성전자우,2,37177378700,59500,2535.27,,2026-09-09T22:23:21+09:00
2023-12-12,000660,SK하이닉스,3,31955715000,131000,2535.27,,2026-09-09T22:23:21+09:00
2023-12-12,012450,한화에어로스페이스,4,22130621100,128700,2535.27,,2026-09-09T22:23:21+09:00
2023-12-12,005930,삼성전자,5,15722248700,73500,2535.27,,2026-09-09T22:23:21+09:00
2023-12-12,028260,삼성물산,6,15225918000,129200,2535.27,,2026-09-09T22:23:21+09:00
2023-12-12,000270,기아,7,12930831900,87400,2535.27,,2026-09-09T22:23:21+09:00
2023-12-12,086790,하나금융지주,8,7816859850,42100,2535.27,,2026-09-09T22:23:21+09:00
2023-12-12,006400,삼성SDI,9,5837791000,445500,2535.27,,2026-09-09T22:23:21+09:00
2023-12-12,003490,대한항공,10,5039209100,23050,2535.27,,2026-09-09T22:23:21+09:00
2023-12-12,047810,한국항공우주,11,4691710750,47300,2535.27,,2026-09-09T22:23:21+09:00
2023-12-12,352820,하이브,12,4594794500,234000,2535.27,,2026-09-09T22:23:21+09:00
2023-12-12,064350,현대로템,13,4100672250,26850,2535.27,,2026-09-09T22:23:21+09:00
2023-12-12,112610,씨에스윈드,14,3992332300,58300,2535.27,,2026-09-09T22:23:21+09:00
2023-12-12,450080,에코프로머티,15,3912028400,140400,2535.27,,2026-09-09T22:23:21+09:00
2023-12-12,316140,우리금융지주,16,3422994460,12940,2535.27,,2026-09-09T22:23:21+09:00
2023-12-12,000990,DB하이텍,17,2980452600,60300,2535.27,,2026-09-09T22:23:21+09:00
2023-12-12,086280,현대글로비스,18,2821037500,178600,2535.27,,2026-09-09T22:23:21+09:00
2023-12-12,294870,HDC현대산업개발,19,2760834960,15290,2535.27,,2026-09-09T22:23:21+09:00
2023-12-12,009830,한화솔루션,20,2680945250,32100,2535.27,,2026-09-09T22:23:21+09:00
2023-12-13,000660,SK하이닉스,1,44994612900,131200,2510.66,,2026-09-09T22:23:25+09:00
2023-12-13,009150,삼성전기,2,17592429800,150300,2510.66,,2026-09-09T22:23:25+09:00
2023-12-13,005380,현대차,3,10051679700,185000,2510.66,,2026-09-09T22:23:25+09:00
2023-12-13,035420,NAVER,4,7696094000,213500,2510.66,,2026-09-09T22:23:25+09:00
2023-12-13,079550,LIG넥스원,5,7227513300,127500,2510.66,,2026-09-09T22:23:25+09:00
2023-12-13,450080,에코프로머티,6,6980496600,140500,2510.66,,2026-09-09T22:23:25+09:00
2023-12-13,012450,한화에어로스페이스,7,6880425000,125000,2510.66,,2026-09-09T22:23:25+09:00
2023-12-13,138040,메리츠금융지주,8,6876912000,58000,2510.66,,2026-09-09T22:23:25+09:00
2023-12-13,030200,KT,9,6801666400,35450,2510.66,,2026-09-09T22:23:25+09:00
2023-12-13,033780,KT&G,10,6366309100,91700,2510.66,,2026-09-09T22:23:25+09:00
2023-12-13,000270,기아,11,4833810600,87400,2510.66,,2026-09-09T22:23:25+09:00
2023-12-13,267260,HD현대일렉트릭,12,4776059000,81700,2510.66,,2026-09-09T22:23:25+09:00
2023-12-13,068270,셀트리온,13,4532833600,179700,2510.66,,2026-09-09T22:23:25+09:00
2023-12-13,042700,한미반도체,14,4513837600,58600,2510.66,,2026-09-09T22:23:25+09:00
2023-12-13,032830,삼성생명,15,3803624200,70400,2510.66,,2026-09-09T22:23:25+09:00
2023-12-13,035720,카카오,16,3758763100,50900,2510.66,,2026-09-09T22:23:25+09:00
2023-12-13,298040,효성중공업,17,3694865900,168700,2510.66,,2026-09-09T22:23:25+09:00
2023-12-13,005385,현대차우,18,3459446100,110100,2510.66,,2026-09-09T22:23:25+09:00
2023-12-13,352820,하이브,19,3189348000,233500,2510.66,,2026-09-09T22:23:25+09:00
2023-12-13,005387,현대차2우B,20,3034201700,110900,2510.66,,2026-09-09T22:23:25+09:00
2023-12-14,000660,SK하이닉스,1,313882956300,136700,2544.18,,2026-09-09T22:23:30+09:00
2023-12-14,005930,삼성전자,2,201775122500,73100,2544.18,,2026-09-09T22:23:30+09:00
2023-12-14,035420,NAVER,3,68560690000,223000,2544.18,,2026-09-09T22:23:30+09:00
2023-12-14,003670,포스코퓨처엠,4,54886678000,350000,2544.18,,2026-09-09T22:23:30+09:00
2023-12-14,005490,POSCO홀딩스,5,44151394000,461000,2544.18,,2026-09-09T22:23:30+09:00
2023-12-14,035720,카카오,6,44037128900,54300,2544.18,,2026-09-09T22:23:30+09:00
2023-12-14,352820,하이브,7,33204273500,233000,2544.18,,2026-09-09T22:23:30+09:00
2023-12-14,251270,넷마블,8,26522306600,54700,2544.18,,2026-09-09T22:23:30+09:00
2023-12-14,373220,LG에너지솔루션,9,24163638500,422500,2544.18,,2026-09-09T22:23:30+09:00
2023-12-14,005935,삼성전자우,10,18787242600,59900,2544.18,,2026-09-09T22:23:30+09:00
2023-12-14,030200,KT,11,17510920100,36300,2544.18,,2026-09-09T22:23:30+09:00
2023-12-14,259960,크래프톤,12,15560215500,210000,2544.18,,2026-09-09T22:23:30+09:00
2023-12-14,047050,포스코인터내셔널,13,15029554000,56000,2544.18,,2026-09-09T22:23:30+09:00
2023-12-14,028260,삼성물산,14,14653450500,134000,2544.18,,2026-09-09T22:23:30+09:00
2023-12-14,011070,LG이노텍,15,9799743500,250000,2544.18,,2026-09-09T22:23:30+09:00
2023-12-14,051910,LG화학,16,9499761000,464000,2544.18,,2026-09-09T22:23:30+09:00
2023-12-14,034220,LG디스플레이,17,8532599820,12980,2544.18,,2026-09-09T22:23:30+09:00
2023-12-14,294870,HDC현대산업개발,18,8278172410,14480,2544.18,,2026-09-09T22:23:30+09:00
2023-12-14,079550,LIG넥스원,19,7636579000,127000,2544.18,,2026-09-09T22:23:30+09:00
2023-12-14,051900,LG생활건강,20,7140548500,344500,2544.18,,2026-09-09T22:23:30+09:00
2023-12-15,000660,SK하이닉스,1,158390990900,140000,2563.56,,2026-09-09T22:23:35+09:00
2023-12-15,005930,삼성전자,2,104896601300,73300,2563.56,,2026-09-09T22:23:35+09:00
2023-12-15,005380,현대차,3,85295932900,192800,2563.56,,2026-09-09T22:23:35+09:00
2023-12-15,000270,기아,4,57496952400,89300,2563.56,,2026-09-09T22:23:35+09:00
2023-12-15,454910,두산로보틱스,5,52367556800,94500,2563.56,,2026-09-09T22:23:35+09:00
2023-12-15,035420,NAVER,6,51641483000,226000,2563.56,,2026-09-09T22:23:35+09:00
2023-12-15,005490,POSCO홀딩스,7,47270626000,480000,2563.56,,2026-09-09T22:23:35+09:00
2023-12-15,003670,포스코퓨처엠,8,25375062500,360500,2563.56,,2026-09-09T22:23:35+09:00
2023-12-15,035720,카카오,9,20943039500,54900,2563.56,,2026-09-09T22:23:35+09:00
2023-12-15,096770,SK이노베이션,10,19121191400,138600,2563.56,,2026-09-09T22:23:35+09:00
2023-12-15,055550,신한지주,11,15701642700,38900,2563.56,,2026-09-09T22:23:35+09:00
2023-12-15,034730,SK,12,14071744200,177600,2563.56,,2026-09-09T22:23:35+09:00
2023-12-15,012330,현대모비스,13,10470753500,224500,2563.56,,2026-09-09T22:23:35+09:00
2023-12-15,161390,한국타이어앤테크놀로지,14,10215596150,44500,2563.56,,2026-09-09T22:23:35+09:00
2023-12-15,006400,삼성SDI,15,9733201000,452500,2563.56,,2026-09-09T22:23:35+09:00
2023-12-15,042660,한화오션,16,9699666300,27150,2563.56,,2026-09-09T22:23:35+09:00
2023-12-15,011070,LG이노텍,17,9633525500,247000,2563.56,,2026-09-09T22:23:35+09:00
2023-12-15,042700,한미반도체,18,9436577500,58300,2563.56,,2026-09-09T22:23:35+09:00
2023-12-15,009830,한화솔루션,19,9300348850,34950,2563.56,,2026-09-09T22:23:35+09:00
2023-12-15,001570,금양,20,9259085500,115000,2563.56,,2026-09-09T22:23:35+09:00
2023-12-18,450080,에코프로머티,1,47049750300,213000,2566.86,,2026-09-09T22:23:43+09:00
2023-12-18,000270,기아,2,28426306800,89400,2566.86,,2026-09-09T22:23:43+09:00
2023-12-18,373220,LG에너지솔루션,3,15920296000,422000,2566.86,,2026-09-09T22:23:43+09:00
2023-12-18,005930,삼성전자,4,12303316000,72900,2566.86,,2026-09-09T22:23:43+09:00
2023-12-18,028260,삼성물산,5,10807186100,129500,2566.86,,2026-09-09T22:23:43+09:00
2023-12-18,001570,금양,6,8992686400,117800,2566.86,,2026-09-09T22:23:43+09:00
2023-12-18,011200,HMM,7,8951984050,17540,2566.86,,2026-09-09T22:23:43+09:00
2023-12-18,042700,한미반도체,8,8690729100,58300,2566.86,,2026-09-09T22:23:43+09:00
2023-12-18,007660,이수페타시스,9,6722466850,31350,2566.86,,2026-09-09T22:23:43+09:00
2023-12-18,055550,신한지주,10,6690306300,38700,2566.86,,2026-09-09T22:23:43+09:00
2023-12-18,267260,HD현대일렉트릭,11,6275705600,84500,2566.86,,2026-09-09T22:23:43+09:00
2023-12-18,096770,SK이노베이션,12,5831043700,137500,2566.86,,2026-09-09T22:23:43+09:00
2023-12-18,138040,메리츠금융지주,13,5480789500,56400,2566.86,,2026-09-09T22:23:43+09:00
2023-12-18,033780,KT&G,14,5056200900,91000,2566.86,,2026-09-09T22:23:43+09:00
2023-12-18,012330,현대모비스,15,4735696000,224000,2566.86,,2026-09-09T22:23:43+09:00
2023-12-18,092790,넥스틸,16,4694707210,8010,2566.86,,2026-09-09T22:23:43+09:00
2023-12-18,068270,셀트리온,17,4368528500,177200,2566.86,,2026-09-09T22:23:43+09:00
2023-12-18,005070,코스모신소재,18,3972411600,152700,2566.86,,2026-09-09T22:23:43+09:00
2023-12-18,003230,삼양식품,19,3820498500,219000,2566.86,,2026-09-09T22:23:43+09:00
2023-12-18,259960,크래프톤,20,3593458500,208500,2566.86,,2026-09-09T22:23:43+09:00
2023-12-19,373220,LG에너지솔루션,1,15545899500,426000,2568.55,,2026-09-09T22:23:47+09:00
2023-12-19,066570,LG전자,2,13990345800,98300,2568.55,,2026-09-09T22:23:47+09:00
2023-12-19,034220,LG디스플레이,3,10858669050,11830,2568.55,,2026-09-09T22:23:47+09:00
2023-12-19,035420,NAVER,4,8999931500,222500,2568.55,,2026-09-09T22:23:47+09:00
2023-12-19,096770,SK이노베이션,5,8044356400,138800,2568.55,,2026-09-09T22:23:47+09:00
2023-12-19,003670,포스코퓨처엠,6,7550518000,360500,2568.55,,2026-09-09T22:23:47+09:00
2023-12-19,028260,삼성물산,7,6712346800,128300,2568.55,,2026-09-09T22:23:47+09:00
2023-12-19,207940,삼성바이오로직스,8,6555609000,704000,2568.55,,2026-09-09T22:23:47+09:00
2023-12-19,033780,KT&G,9,6188255500,91200,2568.55,,2026-09-09T22:23:47+09:00
2023-12-19,068270,셀트리온,10,5938954500,180700,2568.55,,2026-09-09T22:23:47+09:00
2023-12-19,030200,KT,11,5476823250,35650,2568.55,,2026-09-09T22:23:47+09:00
2023-12-19,005380,현대차,12,5047203100,192200,2568.55,,2026-09-09T22:23:47+09:00
2023-12-19,034730,SK,13,4915732900,175700,2568.55,,2026-09-09T22:23:47+09:00
2023-12-19,051900,LG생활건강,14,4616280500,358500,2568.55,,2026-09-09T22:23:47+09:00
2023-12-19,139480,이마트,15,4329100700,75900,2568.55,,2026-09-09T22:23:47+09:00
2023-12-19,145720,덴티움,16,4156516800,132900,2568.55,,2026-09-09T22:23:47+09:00
2023-12-19,396690,미래에셋글로벌리츠,17,3936576430,2695,2568.55,,2026-09-09T22:23:47+09:00
2023-12-19,010140,삼성중공업,18,3788202520,7560,2568.55,,2026-09-09T22:23:47+09:00
2023-12-19,034020,두산에너빌리티,19,3773509110,15680,2568.55,,2026-09-09T22:23:47+09:00
2023-12-19,042700,한미반도체,20,3737624300,58900,2568.55,,2026-09-09T22:23:47+09:00
2023-12-20,005930,삼성전자,1,149662451900,74800,2614.3,,2026-09-09T22:23:51+09:00
2023-12-20,000270,기아,2,95274043900,95000,2614.3,,2026-09-09T22:23:51+09:00
2023-12-20,454910,두산로보틱스,3,54495515500,121800,2614.3,,2026-09-09T22:23:51+09:00
2023-12-20,005380,현대차,4,38160278100,199100,2614.3,,2026-09-09T22:23:51+09:00
2023-12-20,005935,삼성전자우,5,24467736000,59700,2614.3,,2026-09-09T22:23:51+09:00
2023-12-20,006400,삼성SDI,6,15224901000,462000,2614.3,,2026-09-09T22:23:51+09:00
2023-12-20,373220,LG에너지솔루션,7,12923986000,432500,2614.3,,2026-09-09T22:23:51+09:00
2023-12-20,180640,한진칼,8,11896112500,71800,2614.3,,2026-09-09T22:23:51+09:00
2023-12-20,034220,LG디스플레이,9,11844451080,12490,2614.3,,2026-09-09T22:23:51+09:00
2023-12-20,207940,삼성바이오로직스,10,10902462000,719000,2614.3,,2026-09-09T22:23:51+09:00
2023-12-20,068270,셀트리온,11,10465937000,186300,2614.3,,2026-09-09T22:23:51+09:00
2023-12-20,010060,OCI홀딩스,12,9974650600,109000,2614.3,,2026-09-09T22:23:51+09:00
2023-12-20,323410,카카오뱅크,13,9306580600,27400,2614.3,,2026-09-09T22:23:51+09:00
2023-12-20,034020,두산에너빌리티,14,6903646800,15910,2614.3,,2026-09-09T22:23:51+09:00
2023-12-20,361610,SK아이이테크놀로지,15,6601035300,82600,2614.3,,2026-09-09T22:23:51+09:00
2023-12-20,112610,씨에스윈드,16,6511110000,66600,2614.3,,2026-09-09T22:23:51+09:00
2023-12-20,004490,세방전지,17,5995396200,61700,2614.3,,2026-09-09T22:23:51+09:00
2023-12-20,185750,종근당,18,5526640200,132700,2614.3,,2026-09-09T22:23:51+09:00
2023-12-20,204320,HL만도,19,5371063500,38250,2614.3,,2026-09-09T22:23:51+09:00
2023-12-20,047810,한국항공우주,20,5159750850,49250,2614.3,,2026-09-09T22:23:51+09:00
2023-12-21,005930,삼성전자,1,200603562200,75000,2600.02,,2026-09-09T22:23:56+09:00
2023-12-21,005935,삼성전자우,2,17490770800,59900,2600.02,,2026-09-09T22:23:56+09:00
2023-12-21,229640,LS전선아시아,3,14676498860,22400,2600.02,,2026-09-09T22:23:56+09:00
2023-12-21,051910,LG화학,4,10289844000,495000,2600.02,,2026-09-09T22:23:56+09:00
2023-12-21,066570,LG전자,5,8139592300,99500,2600.02,,2026-09-09T22:23:56+09:00
2023-12-21,180640,한진칼,6,7320521100,72000,2600.02,,2026-09-09T22:23:56+09:00
2023-12-21,003670,포스코퓨처엠,7,6713473000,368000,2600.02,,2026-09-09T22:23:56+09:00
2023-12-21,030200,KT,8,6452880750,35750,2600.02,,2026-09-09T22:23:56+09:00
2023-12-21,259960,크래프톤,9,5213932000,207000,2600.02,,2026-09-09T22:23:56+09:00
2023-12-21,012330,현대모비스,10,5117374500,230500,2600.02,,2026-09-09T22:23:56+09:00
2023-12-21,028260,삼성물산,11,4975151200,128300,2600.02,,2026-09-09T22:23:56+09:00
2023-12-21,003490,대한항공,12,4711134450,23850,2600.02,,2026-09-09T22:23:56+09:00
2023-12-21,035720,카카오,13,4403653200,52800,2600.02,,2026-09-09T22:23:56+09:00
2023-12-21,267260,HD현대일렉트릭,14,3972813300,84500,2600.02,,2026-09-09T22:23:56+09:00
2023-12-21,450080,에코프로머티,15,3884327100,198900,2600.02,,2026-09-09T22:23:56+09:00
2023-12-21,000810,삼성화재,16,3196837500,257000,2600.02,,2026-09-09T22:23:56+09:00
2023-12-21,000990,DB하이텍,17,3119327300,59000,2600.02,,2026-09-09T22:23:56+09:00
2023-12-21,352820,하이브,18,2986389000,230500,2600.02,,2026-09-09T22:23:56+09:00
2023-12-21,000490,대동,19,2938205480,18080,2600.02,,2026-09-09T22:23:56+09:00
2023-12-21,161390,한국타이어앤테크놀로지,20,2495182300,44650,2600.02,,2026-09-09T22:23:56+09:00
2023-12-22,005930,삼성전자,1,149958803900,75900,2599.51,,2026-09-09T22:24:00+09:00
2023-12-22,011200,HMM,2,12511904050,20200,2599.51,,2026-09-09T22:24:00+09:00
2023-12-22,207940,삼성바이오로직스,3,9474551000,720000,2599.51,,2026-09-09T22:24:00+09:00
2023-12-22,180640,한진칼,4,7733588900,74500,2599.51,,2026-09-09T22:24:00+09:00
2023-12-22,030200,KT,5,7408437600,35400,2599.51,,2026-09-09T22:24:00+09:00
2023-12-22,028260,삼성물산,6,6891111900,127600,2599.51,,2026-09-09T22:24:00+09:00
2023-12-22,000990,DB하이텍,7,6715907900,59400,2599.51,,2026-09-09T22:24:00+09:00
2023-12-22,009420,한올바이오파마,8,4548832850,37600,2599.51,,2026-09-09T22:24:00+09:00
2023-12-22,035720,카카오,9,3933022500,52800,2599.51,,2026-09-09T22:24:00+09:00
2023-12-22,096770,SK이노베이션,10,3881032700,138800,2599.51,,2026-09-09T22:24:00+09:00
2023-12-22,068270,셀트리온,11,3755255400,185500,2599.51,,2026-09-09T22:24:00+09:00
2023-12-22,012450,한화에어로스페이스,12,3345278800,127600,2599.51,,2026-09-09T22:24:00+09:00
2023-12-22,032640,LG유플러스,13,3115186170,10440,2599.51,,2026-09-09T22:24:00+09:00
2023-12-22,316140,우리금융지주,14,3007388770,13000,2599.51,,2026-09-09T22:24:00+09:00
2023-12-22,001450,현대해상,15,2994178700,30800,2599.51,,2026-09-09T22:24:00+09:00
2023-12-22,042700,한미반도체,16,2789851900,58600,2599.51,,2026-09-09T22:24:00+09:00
2023-12-22,000100,유한양행,17,2510665100,68700,2599.51,,2026-09-09T22:24:00+09:00
2023-12-22,034220,LG디스플레이,18,2343703220,12390,2599.51,,2026-09-09T22:24:00+09:00
2023-12-22,024110,기업은행,19,2272700330,11910,2599.51,,2026-09-09T22:24:00+09:00
2023-12-22,034020,두산에너빌리티,20,2215632170,15510,2599.51,,2026-09-09T22:24:00+09:00
2023-12-26,005490,POSCO홀딩스,1,37712580000,473500,2602.59,,2026-09-09T22:24:10+09:00
2023-12-26,005930,삼성전자,2,37335059300,76600,2602.59,,2026-09-09T22:24:10+09:00
2023-12-26,028260,삼성물산,3,16257056800,128500,2602.59,,2026-09-09T22:24:10+09:00
2023-12-26,005935,삼성전자우,4,13691072700,60900,2602.59,,2026-09-09T22:24:10+09:00
2023-12-26,000270,기아,5,11785226700,96300,2602.59,,2026-09-09T22:24:10+09:00
2023-12-26,030200,KT,6,10698451900,35450,2602.59,,2026-09-09T22:24:10+09:00
2023-12-26,003670,포스코퓨처엠,7,9101773500,348000,2602.59,,2026-09-09T22:24:10+09:00
2023-12-26,079550,LIG넥스원,8,8979368700,130600,2602.59,,2026-09-09T22:24:10+09:00
2023-12-26,454910,두산로보틱스,9,7882360700,112200,2602.59,,2026-09-09T22:24:10+09:00
2023-12-26,032640,LG유플러스,10,7773501400,10490,2602.59,,2026-09-09T22:24:10+09:00
2023-12-26,035420,NAVER,11,7612695500,215500,2602.59,,2026-09-09T22:24:10+09:00
2023-12-26,450080,에코프로머티,12,7474355900,175800,2602.59,,2026-09-09T22:24:10+09:00
2023-12-26,010950,S-Oil,13,5660814800,70600,2602.59,,2026-09-09T22:24:10+09:00
2023-12-26,034020,두산에너빌리티,14,5268774000,15420,2602.59,,2026-09-09T22:24:10+09:00
2023-12-26,035720,카카오,15,4647283300,52400,2602.59,,2026-09-09T22:24:10+09:00
2023-12-26,003490,대한항공,16,4443503700,24000,2602.59,,2026-09-09T22:24:10+09:00
2023-12-26,032830,삼성생명,17,4294233700,73100,2602.59,,2026-09-09T22:24:10+09:00
2023-12-26,316140,우리금융지주,18,4156933800,13000,2602.59,,2026-09-09T22:24:10+09:00
2023-12-26,001450,현대해상,19,4129687550,31050,2602.59,,2026-09-09T22:24:10+09:00
2023-12-26,259960,크래프톤,20,3780152700,181200,2602.59,,2026-09-09T22:24:10+09:00
2023-12-27,005930,삼성전자,1,322060362800,78000,2613.5,,2026-09-09T22:24:16+09:00
2023-12-27,035420,NAVER,2,34443599000,223000,2613.5,,2026-09-09T22:24:16+09:00
2023-12-27,042700,한미반도체,3,30305048600,61500,2613.5,,2026-09-09T22:24:16+09:00
2023-12-27,005935,삼성전자우,4,29456520000,61800,2613.5,,2026-09-09T22:24:16+09:00
2023-12-27,006400,삼성SDI,5,12514913500,455500,2613.5,,2026-09-09T22:24:16+09:00
2023-12-27,373220,LG에너지솔루션,6,12393981000,421000,2613.5,,2026-09-09T22:24:16+09:00
2023-12-27,079550,LIG넥스원,7,11609527300,130300,2613.5,,2026-09-09T22:24:16+09:00
2023-12-27,035720,카카오,8,10871493400,53400,2613.5,,2026-09-09T22:24:16+09:00
2023-12-27,011200,HMM,9,10378034900,19520,2613.5,,2026-09-09T22:24:16+09:00
2023-12-27,000270,기아,10,8640755200,97000,2613.5,,2026-09-09T22:24:16+09:00
2023-12-27,011070,LG이노텍,11,7074072500,233000,2613.5,,2026-09-09T22:24:16+09:00
2023-12-27,010130,고려아연,12,5983038000,495500,2613.5,,2026-09-09T22:24:16+09:00
2023-12-27,064350,현대로템,13,5880879300,26100,2613.5,,2026-09-09T22:24:16+09:00
2023-12-27,010620,현대미포조선,14,5796473300,82000,2613.5,,2026-09-09T22:24:16+09:00
2023-12-27,096770,SK이노베이션,15,5651056000,139100,2613.5,,2026-09-09T22:24:16+09:00
2023-12-27,192650,드림텍,16,4944806520,13000,2613.5,,2026-09-09T22:24:16+09:00
2023-12-27,030200,KT,17,4821072950,33500,2613.5,,2026-09-09T22:24:16+09:00
2023-12-27,003670,포스코퓨처엠,18,4758282500,357500,2613.5,,2026-09-09T22:24:16+09:00
2023-12-27,014680,한솔케미칼,19,4507285500,228000,2613.5,,2026-09-09T22:24:16+09:00
2023-12-27,207940,삼성바이오로직스,20,4362373000,729000,2613.5,,2026-09-09T22:24:16+09:00
2023-12-28,005930,삼성전자,1,87187560000,78500,2655.28,,2026-09-09T22:24:20+09:00
2023-12-28,207940,삼성바이오로직스,2,40779318000,760000,2655.28,,2026-09-09T22:24:20+09:00
2023-12-28,006400,삼성SDI,3,35333221500,472000,2655.28,,2026-09-09T22:24:20+09:00
2023-12-28,454910,두산로보틱스,4,31403833400,116100,2655.28,,2026-09-09T22:24:20+09:00
2023-12-28,001570,금양,5,28675062700,109200,2655.28,,2026-09-09T22:24:20+09:00
2023-12-28,005380,현대차,6,25456245500,203500,2655.28,,2026-09-09T22:24:20+09:00
2023-12-28,000270,기아,7,24817149900,100000,2655.28,,2026-09-09T22:24:20+09:00
2023-12-28,068270,셀트리온,8,24616015400,201500,2655.28,,2026-09-09T22:24:20+09:00
2023-12-28,373220,LG에너지솔루션,9,22736887000,427500,2655.28,,2026-09-09T22:24:20+09:00
2023-12-28,090430,아모레퍼시픽,10,18191481300,145000,2655.28,,2026-09-09T22:24:20+09:00
2023-12-28,066570,LG전자,11,17538216600,101800,2655.28,,2026-09-09T22:24:20+09:00
2023-12-28,051910,LG화학,12,16112908500,499000,2655.28,,2026-09-09T22:24:20+09:00
2023-12-28,105560,KB금융,13,14020974900,54100,2655.28,,2026-09-09T22:24:20+09:00
2023-12-28,138040,메리츠금융지주,14,13952890300,59100,2655.28,,2026-09-09T22:24:20+09:00
2023-12-28,055550,신한지주,15,13607457000,40150,2655.28,,2026-09-09T22:24:20+09:00
2023-12-28,096770,SK이노베이션,16,12002653200,140300,2655.28,,2026-09-09T22:24:20+09:00
2023-12-28,011070,LG이노텍,17,10371587500,239500,2655.28,,2026-09-09T22:24:20+09:00
2023-12-28,035720,카카오,18,9338780800,54300,2655.28,,2026-09-09T22:24:20+09:00
2023-12-28,012330,현대모비스,19,9066052000,237000,2655.28,,2026-09-09T22:24:20+09:00
2023-12-28,034020,두산에너빌리티,20,8647441120,15900,2655.28,,2026-09-09T22:24:20+09:00
2024-01-02,005930,삼성전자,1,184081152100,79600,2669.81,,2026-09-09T22:24:32+09:00
2024-01-02,035720,카카오,2,36158975900,57900,2669.81,,2026-09-09T22:24:32+09:00
2024-01-02,450080,에코프로머티,3,25065531100,199900,2669.81,,2026-09-09T22:24:32+09:00
2024-01-02,000660,SK하이닉스,4,19555866300,142400,2669.81,,2026-09-09T22:24:32+09:00
2024-01-02,373220,LG에너지솔루션,5,11904527500,429500,2669.81,,2026-09-09T22:24:32+09:00
2024-01-02,034220,LG디스플레이,6,10391776140,13350,2669.81,,2026-09-09T22:24:32+09:00
2024-01-02,145720,덴티움,7,10350825400,141500,2669.81,,2026-09-09T22:24:32+09:00
2024-01-02,035420,NAVER,8,10186371500,227500,2669.81,,2026-09-09T22:24:32+09:00
2024-01-02,033780,KT&G,9,9033396100,89300,2669.81,,2026-09-09T22:24:32+09:00
2024-01-02,005935,삼성전자우,10,8397218100,63000,2669.81,,2026-09-09T22:24:32+09:00
2024-01-02,180640,한진칼,11,8020839900,78200,2669.81,,2026-09-09T22:24:32+09:00
2024-01-02,030200,KT,12,7176611600,34150,2669.81,,2026-09-09T22:24:32+09:00
2024-01-02,034730,SK,13,5917266900,180500,2669.81,,2026-09-09T22:24:32+09:00
2024-01-02,003490,대한항공,14,5784855800,23900,2669.81,,2026-09-09T22:24:32+09:00
2024-01-02,272210,한화시스템,15,5010790340,18160,2669.81,,2026-09-09T22:24:32+09:00
2024-01-02,034020,두산에너빌리티,16,4488670840,16010,2669.81,,2026-09-09T22:24:32+09:00
2024-01-02,353200,대덕전자,17,4475755450,28450,2669.81,,2026-09-09T22:24:32+09:00
2024-01-02,047810,한국항공우주,18,4415053850,51300,2669.81,,2026-09-09T22:24:32+09:00
2024-01-02,259960,크래프톤,19,4349908100,195800,2669.81,,2026-09-09T22:24:32+09:00
2024-01-02,011070,LG이노텍,20,4311588500,240500,2669.81,,2026-09-09T22:24:32+09:00
2024-01-03,005930,삼성전자,1,29742583300,77000,2607.31,,2026-09-09T22:24:38+09:00
2024-01-03,000270,기아,2,28699287300,93800,2607.31,,2026-09-09T22:24:38+09:00
2024-01-03,068270,셀트리온,3,22745654500,231500,2607.31,,2026-09-09T22:24:38+09:00
2024-01-03,033780,KT&G,4,21479408200,89900,2607.31,,2026-09-09T22:24:38+09:00
2024-01-03,047810,한국항공우주,5,20299944000,54600,2607.31,,2026-09-09T22:24:38+09:00
2024-01-03,267260,HD현대일렉트릭,6,14126992500,85800,2607.31,,2026-09-09T22:24:38+09:00
2024-01-03,035420,NAVER,7,11547507000,222000,2607.31,,2026-09-09T22:24:38+09:00
2024-01-03,450080,에코프로머티,8,10881048900,206000,2607.31,,2026-09-09T22:24:38+09:00
2024-01-03,272210,한화시스템,9,8613260200,19350,2607.31,,2026-09-09T22:24:38+09:00
2024-01-03,012450,한화에어로스페이스,10,8180482100,133300,2607.31,,2026-09-09T22:24:38+09:00
2024-01-03,180640,한진칼,11,8000709600,78000,2607.31,,2026-09-09T22:24:38+09:00
2024-01-03,030200,KT,12,7136171150,33600,2607.31,,2026-09-09T22:24:38+09:00
2024-01-03,316140,우리금융지주,13,7065537180,12690,2607.31,,2026-09-09T22:24:38+09:00
2024-01-03,015760,한국전력,14,6967993690,19250,2607.31,,2026-09-09T22:24:38+09:00
2024-01-03,248070,솔루엠,15,6798317300,28350,2607.31,,2026-09-09T22:24:38+09:00
2024-01-03,051910,LG화학,16,6725289000,480500,2607.31,,2026-09-09T22:24:38+09:00
2024-01-03,055550,신한지주,17,5830466550,37900,2607.31,,2026-09-09T22:24:38+09:00
2024-01-03,105560,KB금융,18,5771936300,52600,2607.31,,2026-09-09T22:24:38+09:00
2024-01-03,000990,DB하이텍,19,4326380000,52500,2607.31,,2026-09-09T22:24:38+09:00
2024-01-03,012330,현대모비스,20,4152914000,227500,2607.31,,2026-09-09T22:24:38+09:00
2024-01-04,005930,삼성전자,1,49049708100,76600,2587.02,,2026-09-09T22:24:42+09:00
2024-01-04,035420,NAVER,2,23178445500,223000,2587.02,,2026-09-09T22:24:42+09:00
2024-01-04,005935,삼성전자우,3,15750485200,61700,2587.02,,2026-09-09T22:24:42+09:00
2024-01-04,003670,포스코퓨처엠,4,14933341500,330500,2587.02,,2026-09-09T22:24:42+09:00
2024-01-04,000270,기아,5,14562295000,92900,2587.02,,2026-09-09T22:24:42+09:00
2024-01-04,207940,삼성바이오로직스,6,13815525000,770000,2587.02,,2026-09-09T22:24:42+09:00
2024-01-04,033780,KT&G,7,13678395800,90400,2587.02,,2026-09-09T22:24:42+09:00
2024-01-04,005490,POSCO홀딩스,8,13558979500,469500,2587.02,,2026-09-09T22:24:42+09:00
2024-01-04,051910,LG화학,9,12200530500,481000,2587.02,,2026-09-09T22:24:42+09:00
2024-01-04,373220,LG에너지솔루션,10,10116839000,419000,2587.02,,2026-09-09T22:24:42+09:00
2024-01-04,010950,S-Oil,11,8604162000,69600,2587.02,,2026-09-09T22:24:42+09:00
2024-01-04,005380,현대차,12,8488635700,190000,2587.02,,2026-09-09T22:24:42+09:00
2024-01-04,055550,신한지주,13,8022363350,37300,2587.02,,2026-09-09T22:24:42+09:00
2024-01-04,011200,HMM,14,7444250250,20500,2587.02,,2026-09-09T22:24:42+09:00
2024-01-04,450080,에코프로머티,15,6562756800,213000,2587.02,,2026-09-09T22:24:42+09:00
2024-01-04,017670,SK텔레콤,16,5871837450,49450,2587.02,,2026-09-09T22:24:42+09:00
2024-01-04,009420,한올바이오파마,17,5367718350,40250,2587.02,,2026-09-09T22:24:42+09:00
2024-01-04,241560,두산밥캣,18,5364824450,46000,2587.02,,2026-09-09T22:24:42+09:00
2024-01-04,011170,롯데케미칼,19,4929161600,140100,2587.02,,2026-09-09T22:24:42+09:00
2024-01-04,047810,한국항공우주,20,4759895600,54300,2587.02,,2026-09-09T22:24:42+09:00
2024-01-05,005490,POSCO홀딩스,1,18672577000,480000,2578.08,,2026-09-09T22:24:46+09:00
2024-01-05,267260,HD현대일렉트릭,2,13216838700,90300,2578.08,,2026-09-09T22:24:46+09:00
2024-01-05,003670,포스코퓨처엠,3,11946997500,343000,2578.08,,2026-09-09T22:24:46+09:00
2024-01-05,011200,HMM,4,11809261280,20550,2578.08,,2026-09-09T22:24:46+09:00
2024-01-05,361610,SK아이이테크놀로지,5,8731074800,85200,2578.08,,2026-09-09T22:24:46+09:00
2024-01-05,180640,한진칼,6,7037568200,82900,2578.08,,2026-09-09T22:24:46+09:00
2024-01-05,000660,SK하이닉스,7,6754243100,137500,2578.08,,2026-09-09T22:24:46+09:00
2024-01-05,005935,삼성전자우,8,6534981400,61700,2578.08,,2026-09-09T22:24:46+09:00
2024-01-05,352820,하이브,9,6232922000,252000,2578.08,,2026-09-09T22:24:46+09:00
2024-01-05,052690,한전기술,10,5883067800,65300,2578.08,,2026-09-09T22:24:46+09:00
2024-01-05,259960,크래프톤,11,4729217000,201500,2578.08,,2026-09-09T22:24:46+09:00
2024-01-05,068270,셀트리온,12,4724967500,214500,2578.08,,2026-09-09T22:24:46+09:00
2024-01-05,033780,KT&G,13,4675576200,88800,2578.08,,2026-09-09T22:24:46+09:00
2024-01-05,034730,SK,14,4537588800,170400,2578.08,,2026-09-09T22:24:46+09:00
2024-01-05,096770,SK이노베이션,15,4514766300,133500,2578.08,,2026-09-09T22:24:46+09:00
2024-01-05,028260,삼성물산,16,4260955100,125100,2578.08,,2026-09-09T22:24:46+09:00
2024-01-05,012510,더존비즈온,17,4214615200,30700,2578.08,,2026-09-09T22:24:46+09:00
2024-01-05,241560,두산밥캣,18,3909209000,45350,2578.08,,2026-09-09T22:24:46+09:00
2024-01-05,090430,아모레퍼시픽,19,3353195700,131700,2578.08,,2026-09-09T22:24:46+09:00
2024-01-05,012330,현대모비스,20,3221463000,221500,2578.08,,2026-09-09T22:24:46+09:00
2024-01-08,005930,삼성전자,1,46588803100,76500,2567.82,,2026-09-09T22:24:55+09:00
2024-01-08,034220,LG디스플레이,2,28395060280,14170,2567.82,,2026-09-09T22:24:55+09:00
2024-01-08,035420,NAVER,3,28117022000,226500,2567.82,,2026-09-09T22:24:55+09:00
2024-01-08,450080,에코프로머티,4,25761736600,216000,2567.82,,2026-09-09T22:24:55+09:00
2024-01-08,068270,셀트리온,5,22061937000,206000,2567.82,,2026-09-09T22:24:55+09:00
2024-01-08,005935,삼성전자우,6,21864313700,61800,2567.82,,2026-09-09T22:24:55+09:00
2024-01-08,105560,KB금융,7,9939938100,52200,2567.82,,2026-09-09T22:24:55+09:00
2024-01-08,033780,KT&G,8,9895809400,90300,2567.82,,2026-09-09T22:24:55+09:00
2024-01-08,011200,HMM,9,9325013500,20700,2567.82,,2026-09-09T22:24:55+09:00
2024-01-08,267260,HD현대일렉트릭,10,9122580700,92800,2567.82,,2026-09-09T22:24:55+09:00
2024-01-08,035720,카카오,11,8452602000,57200,2567.82,,2026-09-09T22:24:55+09:00
2024-01-08,373220,LG에너지솔루션,12,7666461500,415000,2567.82,,2026-09-09T22:24:55+09:00
2024-01-08,207940,삼성바이오로직스,13,7620208000,749000,2567.82,,2026-09-09T22:24:55+09:00
2024-01-08,079550,LIG넥스원,14,7260461300,120500,2567.82,,2026-09-09T22:24:55+09:00
2024-01-08,180640,한진칼,15,5984927000,77900,2567.82,,2026-09-09T22:24:55+09:00
2024-01-08,036570,엔씨소프트,16,4440630000,218500,2567.82,,2026-09-09T22:24:55+09:00
2024-01-08,012510,더존비즈온,17,4384175100,34150,2567.82,,2026-09-09T22:24:55+09:00
2024-01-08,028260,삼성물산,18,4349972100,124400,2567.82,,2026-09-09T22:24:55+09:00
2024-01-08,030200,KT,19,4248476150,33650,2567.82,,2026-09-09T22:24:55+09:00
2024-01-08,055550,신한지주,20,4120139800,36950,2567.82,,2026-09-09T22:24:55+09:00
2024-01-09,450080,에코프로머티,1,23284194500,220500,2561.24,,2026-09-09T22:25:00+09:00
2024-01-09,005935,삼성전자우,2,16661370400,61000,2561.24,,2026-09-09T22:25:00+09:00
2024-01-09,000660,SK하이닉스,3,14646470300,137400,2561.24,,2026-09-09T22:25:00+09:00
2024-01-09,003490,대한항공,4,14375340000,23600,2561.24,,2026-09-09T22:25:00+09:00
2024-01-09,035720,카카오,5,12966424700,58700,2561.24,,2026-09-09T22:25:00+09:00
2024-01-09,035420,NAVER,6,12143948500,229500,2561.24,,2026-09-09T22:25:00+09:00
2024-01-09,068270,셀트리온,7,11691601000,206000,2561.24,,2026-09-09T22:25:00+09:00
2024-01-09,454910,두산로보틱스,8,11618261600,102300,2561.24,,2026-09-09T22:25:00+09:00
2024-01-09,180640,한진칼,9,5992242500,80700,2561.24,,2026-09-09T22:25:00+09:00
2024-01-09,042700,한미반도체,10,5847479300,58700,2561.24,,2026-09-09T22:25:00+09:00
2024-01-09,034730,SK,11,5776182500,168900,2561.24,,2026-09-09T22:25:00+09:00
2024-01-09,036570,엔씨소프트,12,5443121500,224000,2561.24,,2026-09-09T22:25:00+09:00
2024-01-09,078930,GS,13,5002782650,40900,2561.24,,2026-09-09T22:25:00+09:00
2024-01-09,352820,하이브,14,4832981000,248000,2561.24,,2026-09-09T22:25:00+09:00
2024-01-09,033780,KT&G,15,4687990800,90600,2561.24,,2026-09-09T22:25:00+09:00
2024-01-09,373220,LG에너지솔루션,16,4683494500,417500,2561.24,,2026-09-09T22:25:00+09:00
2024-01-09,323410,카카오뱅크,17,4446852650,26500,2561.24,,2026-09-09T22:25:00+09:00
2024-01-09,011070,LG이노텍,18,3945058500,226000,2561.24,,2026-09-09T22:25:00+09:00
2024-01-09,105560,KB금융,19,3856422200,52400,2561.24,,2026-09-09T22:25:00+09:00
2024-01-09,015760,한국전력,20,3679318950,19140,2561.24,,2026-09-09T22:25:00+09:00
2024-01-10,105560,KB금융,1,185410116520,51300,2541.98,,2026-09-09T22:25:05+09:00
2024-01-10,450080,에코프로머티,2,51158221500,240000,2541.98,,2026-09-09T22:25:05+09:00
2024-01-10,035420,NAVER,3,30774518000,231000,2541.98,,2026-09-09T22:25:05+09:00
2024-01-10,012450,한화에어로스페이스,4,23879145900,136300,2541.98,,2026-09-09T22:25:05+09:00
2024-01-10,005935,삼성전자우,5,14261659400,59900,2541.98,,2026-09-09T22:25:05+09:00
2024-01-10,014680,한솔케미칼,6,9275712000,211000,2541.98,,2026-09-09T22:25:05+09:00
2024-01-10,454910,두산로보틱스,7,9251936600,102500,2541.98,,2026-09-09T22:25:05+09:00
2024-01-10,003670,포스코퓨처엠,8,8700557000,320500,2541.98,,2026-09-09T22:25:05+09:00
2024-01-10,033780,KT&G,9,7044058100,90900,2541.98,,2026-09-09T22:25:05+09:00
2024-01-10,028260,삼성물산,10,5610410200,123800,2541.98,,2026-09-09T22:25:05+09:00
2024-01-10,068270,셀트리온,11,5062675500,206000,2541.98,,2026-09-09T22:25:05+09:00
2024-01-10,180640,한진칼,12,4271851000,81800,2541.98,,2026-09-09T22:25:05+09:00
2024-01-10,047810,한국항공우주,13,3848912000,55200,2541.98,,2026-09-09T22:25:05+09:00
2024-01-10,064350,현대로템,14,3663892200,27200,2541.98,,2026-09-09T22:25:05+09:00
2024-01-10,010060,OCI홀딩스,15,3470392400,113700,2541.98,,2026-09-09T22:25:05+09:00
2024-01-10,034730,SK,16,3413359000,164400,2541.98,,2026-09-09T22:25:05+09:00
2024-01-10,012330,현대모비스,17,3153535500,217000,2541.98,,2026-09-09T22:25:05+09:00
2024-01-10,006360,GS건설,18,3141717160,15290,2541.98,,2026-09-09T22:25:05+09:00
2024-01-10,375500,DL이앤씨,19,3051741500,40750,2541.98,,2026-09-09T22:25:05+09:00
2024-01-10,084680,이월드,20,2807593918,2310,2541.98,,2026-09-09T22:25:05+09:00
2024-01-11,005930,삼성전자,1,1684524544511,73200,2540.27,,2026-09-09T22:25:09+09:00
2024-01-11,018260,삼성에스디에스,2,212587544448,166000,2540.27,,2026-09-09T22:25:09+09:00
2024-01-11,028260,삼성물산,3,137471549148,121600,2540.27,,2026-09-09T22:25:09+09:00
2024-01-11,032830,삼성생명,4,125942898960,62800,2540.27,,2026-09-09T22:25:09+09:00
2024-01-11,035420,NAVER,5,46670351500,231500,2540.27,,2026-09-09T22:25:09+09:00
2024-01-11,035720,카카오,6,38575790300,60800,2540.27,,2026-09-09T22:25:09+09:00
2024-01-11,323410,카카오뱅크,7,36539950800,29700,2540.27,,2026-09-09T22:25:09+09:00
2024-01-11,373220,LG에너지솔루션,8,22132693500,415500,2540.27,,2026-09-09T22:25:09+09:00
2024-01-11,005380,현대차,9,18228135500,187000,2540.27,,2026-09-09T22:25:09+09:00
2024-01-11,055550,신한지주,10,18099598400,37200,2540.27,,2026-09-09T22:25:09+09:00
2024-01-11,086790,하나금융지주,11,15019627400,41250,2540.27,,2026-09-09T22:25:09+09:00
2024-01-11,352820,하이브,12,13931786500,256000,2540.27,,2026-09-09T22:25:09+09:00
2024-01-11,000660,SK하이닉스,13,12175982900,136000,2540.27,,2026-09-09T22:25:09+09:00
2024-01-11,105560,KB금융,14,11596409000,51000,2540.27,,2026-09-09T22:25:09+09:00
2024-01-11,138040,메리츠금융지주,15,10946049600,58600,2540.27,,2026-09-09T22:25:09+09:00
2024-01-11,003530,한화투자증권,16,10000088505,4400,2540.27,,2026-09-09T22:25:09+09:00
2024-01-11,003670,포스코퓨처엠,17,9252068500,322500,2540.27,,2026-09-09T22:25:09+09:00
2024-01-11,011200,HMM,18,8389614110,19590,2540.27,,2026-09-09T22:25:09+09:00
2024-01-11,051910,LG화학,19,7496248000,459500,2540.27,,2026-09-09T22:25:09+09:00
2024-01-11,017670,SK텔레콤,20,6678198650,49150,2540.27,,2026-09-09T22:25:09+09:00
2024-01-12,003280,흥아해운,1,17548181085,4085,2525.05,,2026-09-09T22:25:14+09:00
2024-01-12,005490,POSCO홀딩스,2,15570820000,448500,2525.05,,2026-09-09T22:25:14+09:00
2024-01-12,035420,NAVER,3,10853883500,230500,2525.05,,2026-09-09T22:25:14+09:00
2024-01-12,005935,삼성전자우,4,10785393200,59800,2525.05,,2026-09-09T22:25:14+09:00
2024-01-12,180640,한진칼,5,9677102600,78000,2525.05,,2026-09-09T22:25:14+09:00
2024-01-12,373220,LG에너지솔루션,6,8961394500,413000,2525.05,,2026-09-09T22:25:14+09:00
2024-01-12,011200,HMM,7,8240257780,20650,2525.05,,2026-09-09T22:25:14+09:00
2024-01-12,000810,삼성화재,8,5540769000,254500,2525.05,,2026-09-09T22:25:14+09:00
2024-01-12,323410,카카오뱅크,9,5106780450,29400,2525.05,,2026-09-09T22:25:14+09:00
2024-01-12,017670,SK텔레콤,10,4602664850,49400,2525.05,,2026-09-09T22:25:14+09:00
2024-01-12,267260,HD현대일렉트릭,11,4220291800,92900,2525.05,,2026-09-09T22:25:14+09:00
2024-01-12,012330,현대모비스,12,3774587500,214500,2525.05,,2026-09-09T22:25:14+09:00
2024-01-12,028670,팬오션,13,3611327535,3595,2525.05,,2026-09-09T22:25:14+09:00
2024-01-12,267270,HD현대건설기계,14,2962144800,49800,2525.05,,2026-09-09T22:25:14+09:00
2024-01-12,009540,HD한국조선해양,15,2906501500,109100,2525.05,,2026-09-09T22:25:14+09:00
2024-01-12,377300,카카오페이,16,2618847600,56100,2525.05,,2026-09-09T22:25:14+09:00
2024-01-12,000210,DL,17,2581149600,54300,2525.05,,2026-09-09T22:25:14+09:00
2024-01-12,011790,SKC,18,2471940600,82600,2525.05,,2026-09-09T22:25:14+09:00
2024-01-12,047050,포스코인터내셔널,19,2418495300,54300,2525.05,,2026-09-09T22:25:14+09:00
2024-01-12,241560,두산밥캣,20,2355524650,46000,2525.05,,2026-09-09T22:25:14+09:00
2024-01-15,005930,삼성전자,1,59852951800,73900,2525.99,,2026-09-09T22:25:22+09:00
2024-01-15,068270,셀트리온,2,38096810700,188100,2525.99,,2026-09-09T22:25:22+09:00
2024-01-15,003670,포스코퓨처엠,3,14202497000,306000,2525.99,,2026-09-09T22:25:22+09:00
2024-01-15,000270,기아,4,11294215600,90900,2525.99,,2026-09-09T22:25:22+09:00
2024-01-15,352820,하이브,5,9529669500,233500,2525.99,,2026-09-09T22:25:22+09:00
2024-01-15,323410,카카오뱅크,6,7284516350,31450,2525.99,,2026-09-09T22:25:22+09:00
2024-01-15,005490,POSCO홀딩스,7,6998768000,442000,2525.99,,2026-09-09T22:25:22+09:00
2024-01-15,012330,현대모비스,8,6369521000,216500,2525.99,,2026-09-09T22:25:22+09:00
2024-01-15,086790,하나금융지주,9,5940886250,42500,2525.99,,2026-09-09T22:25:22+09:00
2024-01-15,028260,삼성물산,10,4590646900,120500,2525.99,,2026-09-09T22:25:22+09:00
2024-01-15,377300,카카오페이,11,4302764900,58800,2525.99,,2026-09-09T22:25:22+09:00
2024-01-15,241560,두산밥캣,12,3596378000,45950,2525.99,,2026-09-09T22:25:22+09:00
2024-01-15,009420,한올바이오파마,13,3566180550,38050,2525.99,,2026-09-09T22:25:22+09:00
2024-01-15,457190,이수스페셜티케미컬,14,3218907900,180000,2525.99,,2026-09-09T22:25:22+09:00
2024-01-15,055550,신한지주,15,3200235550,37200,2525.99,,2026-09-09T22:25:22+09:00
2024-01-15,180640,한진칼,16,2959857100,79700,2525.99,,2026-09-09T22:25:22+09:00
2024-01-15,207940,삼성바이오로직스,17,2859469000,764000,2525.99,,2026-09-09T22:25:22+09:00
2024-01-15,161390,한국타이어앤테크놀로지,18,2800342000,45900,2525.99,,2026-09-09T22:25:22+09:00
2024-01-15,047810,한국항공우주,19,2674860800,54300,2525.99,,2026-09-09T22:25:22+09:00
2024-01-15,307950,현대오토에버,20,2557734800,184000,2525.99,,2026-09-09T22:25:22+09:00
2024-01-16,035420,NAVER,1,29231463500,230000,2497.59,,2026-09-09T22:25:26+09:00
2024-01-16,068270,셀트리온,2,16982152500,187500,2497.59,,2026-09-09T22:25:26+09:00
2024-01-16,373220,LG에너지솔루션,3,14929900000,400500,2497.59,,2026-09-09T22:25:26+09:00
2024-01-16,450080,에코프로머티,4,12401424500,223500,2497.59,,2026-09-09T22:25:26+09:00
2024-01-16,352820,하이브,5,11612283000,228500,2497.59,,2026-09-09T22:25:26+09:00
2024-01-16,015760,한국전력,6,10528456930,19240,2497.59,,2026-09-09T22:25:26+09:00
2024-01-16,005935,삼성전자우,7,10008275700,59100,2497.59,,2026-09-09T22:25:26+09:00
2024-01-16,005490,POSCO홀딩스,8,9115881000,437500,2497.59,,2026-09-09T22:25:26+09:00
2024-01-16,011200,HMM,9,7877469200,20700,2497.59,,2026-09-09T22:25:26+09:00
2024-01-16,003670,포스코퓨처엠,10,5773821000,303500,2497.59,,2026-09-09T22:25:26+09:00
2024-01-16,454910,두산로보틱스,11,5621618100,93300,2497.59,,2026-09-09T22:25:26+09:00
2024-01-16,138040,메리츠금융지주,12,5262594600,61100,2497.59,,2026-09-09T22:25:26+09:00
2024-01-16,012330,현대모비스,13,4669534500,213000,2497.59,,2026-09-09T22:25:26+09:00
2024-01-16,011790,SKC,14,4307326400,79400,2497.59,,2026-09-09T22:25:26+09:00
2024-01-16,000120,CJ대한통운,15,4072138900,124100,2497.59,,2026-09-09T22:25:26+09:00
2024-01-16,000270,기아,16,4017686200,89800,2497.59,,2026-09-09T22:25:26+09:00
2024-01-16,055550,신한지주,17,3620765150,36850,2497.59,,2026-09-09T22:25:26+09:00
2024-01-16,005380,현대차,18,3609685200,186200,2497.59,,2026-09-09T22:25:26+09:00
2024-01-16,307950,현대오토에버,19,3456523100,180200,2497.59,,2026-09-09T22:25:26+09:00
2024-01-16,180640,한진칼,20,3418578100,80200,2497.59,,2026-09-09T22:25:26+09:00
2024-01-17,454910,두산로보틱스,1,24416087500,89400,2435.9,,2026-09-09T22:25:30+09:00
2024-01-17,307950,현대오토에버,2,8880071600,174800,2435.9,,2026-09-09T22:25:30+09:00
2024-01-17,017670,SK텔레콤,3,8578805700,49400,2435.9,,2026-09-09T22:25:30+09:00
2024-01-17,128940,한미약품,4,7450280500,330500,2435.9,,2026-09-09T22:25:30+09:00
2024-01-17,450080,에코프로머티,5,6540815000,226500,2435.9,,2026-09-09T22:25:30+09:00
2024-01-17,047810,한국항공우주,6,5933059000,52800,2435.9,,2026-09-09T22:25:30+09:00
2024-01-17,352820,하이브,7,4993932500,223500,2435.9,,2026-09-09T22:25:30+09:00
2024-01-17,005880,대한해운,8,4050043495,2810,2435.9,,2026-09-09T22:25:30+09:00
2024-01-17,047050,포스코인터내셔널,9,4045166500,50500,2435.9,,2026-09-09T22:25:30+09:00
2024-01-17,185750,종근당,10,3945807700,107200,2435.9,,2026-09-09T22:25:30+09:00
2024-01-17,014680,한솔케미칼,11,3791566000,211500,2435.9,,2026-09-09T22:25:30+09:00
2024-01-17,298040,효성중공업,12,3398240000,169000,2435.9,,2026-09-09T22:25:30+09:00
2024-01-17,022100,포스코DX,13,3282314900,58800,2435.9,,2026-09-09T22:25:30+09:00
2024-01-17,028670,팬오션,14,3190323050,3620,2435.9,,2026-09-09T22:25:30+09:00
2024-01-17,003230,삼양식품,15,3097451000,199700,2435.9,,2026-09-09T22:25:30+09:00
2024-01-17,180640,한진칼,16,2756552800,76100,2435.9,,2026-09-09T22:25:30+09:00
2024-01-17,241560,두산밥캣,17,2658842550,43950,2435.9,,2026-09-09T22:25:30+09:00
2024-01-17,000120,CJ대한통운,18,2570810700,123000,2435.9,,2026-09-09T22:25:30+09:00
2024-01-17,001570,금양,19,2279499700,93500,2435.9,,2026-09-09T22:25:30+09:00
2024-01-17,003670,포스코퓨처엠,20,2267154000,288500,2435.9,,2026-09-09T22:25:30+09:00
2024-01-18,000660,SK하이닉스,1,45347512300,136200,2440.04,,2026-09-09T22:25:34+09:00
2024-01-18,248070,솔루엠,2,12855267600,30300,2440.04,,2026-09-09T22:25:34+09:00
2024-01-18,373220,LG에너지솔루션,3,11057413000,390500,2440.04,,2026-09-09T22:25:34+09:00
2024-01-18,090430,아모레퍼시픽,4,10280101700,130600,2440.04,,2026-09-09T22:25:34+09:00
2024-01-18,012450,한화에어로스페이스,5,10077163400,141400,2440.04,,2026-09-09T22:25:34+09:00
2024-01-18,034220,LG디스플레이,6,10046782030,13180,2440.04,,2026-09-09T22:25:34+09:00
2024-01-18,003670,포스코퓨처엠,7,8874868500,284500,2440.04,,2026-09-09T22:25:34+09:00
2024-01-18,128940,한미약품,8,7095223000,324500,2440.04,,2026-09-09T22:25:34+09:00
2024-01-18,267260,HD현대일렉트릭,9,6948322900,97400,2440.04,,2026-09-09T22:25:34+09:00
2024-01-18,028670,팬오션,10,6113505765,3685,2440.04,,2026-09-09T22:25:34+09:00
2024-01-18,009830,한화솔루션,11,5772934950,33200,2440.04,,2026-09-09T22:25:34+09:00
2024-01-18,011200,HMM,12,5532337630,19590,2440.04,,2026-09-09T22:25:34+09:00
2024-01-18,030200,KT,13,5363619200,33800,2440.04,,2026-09-09T22:25:34+09:00
2024-01-18,454910,두산로보틱스,14,4934435200,87100,2440.04,,2026-09-09T22:25:34+09:00
2024-01-18,064350,현대로템,15,4664108750,26000,2440.04,,2026-09-09T22:25:34+09:00
2024-01-18,051900,LG생활건강,16,4611781000,325500,2440.04,,2026-09-09T22:25:34+09:00
2024-01-18,047810,한국항공우주,17,4605317300,54600,2440.04,,2026-09-09T22:25:34+09:00
2024-01-18,316140,우리금융지주,18,4376801570,12470,2440.04,,2026-09-09T22:25:34+09:00
2024-01-18,005490,POSCO홀딩스,19,4269324000,422000,2440.04,,2026-09-09T22:25:34+09:00
2024-01-18,017670,SK텔레콤,20,4244479350,49400,2440.04,,2026-09-09T22:25:34+09:00
2024-01-19,005930,삼성전자,1,479525240000,74700,2472.74,,2026-09-09T22:25:39+09:00
2024-01-19,000660,SK하이닉스,2,168638982100,141300,2472.74,,2026-09-09T22:25:39+09:00
2024-01-19,005490,POSCO홀딩스,3,18873468000,414500,2472.74,,2026-09-09T22:25:39+09:00
2024-01-19,207940,삼성바이오로직스,4,17237102000,770000,2472.74,,2026-09-09T22:25:39+09:00
2024-01-19,010140,삼성중공업,5,14098757090,7520,2472.74,,2026-09-09T22:25:39+09:00
2024-01-19,009150,삼성전기,6,12638326300,147500,2472.74,,2026-09-09T22:25:39+09:00
2024-01-19,047050,포스코인터내셔널,7,12179772750,50200,2472.74,,2026-09-09T22:25:39+09:00
2024-01-19,003670,포스코퓨처엠,8,11012377000,278500,2472.74,,2026-09-09T22:25:39+09:00
2024-01-19,005880,대한해운,9,9797379915,2495,2472.74,,2026-09-09T22:25:39+09:00
2024-01-19,047810,한국항공우주,10,9573149900,55400,2472.74,,2026-09-09T22:25:39+09:00
2024-01-19,011070,LG이노텍,11,7244508000,217000,2472.74,,2026-09-09T22:25:39+09:00
2024-01-19,003490,대한항공,12,7146893650,23000,2472.74,,2026-09-09T22:25:39+09:00
2024-01-19,267260,HD현대일렉트릭,13,7102159600,98700,2472.74,,2026-09-09T22:25:39+09:00
2024-01-19,012450,한화에어로스페이스,14,6866296000,144600,2472.74,,2026-09-09T22:25:39+09:00
2024-01-19,009540,HD한국조선해양,15,6572497200,113300,2472.74,,2026-09-09T22:25:39+09:00
2024-01-19,064350,현대로템,16,5579995750,26450,2472.74,,2026-09-09T22:25:39+09:00
2024-01-19,042700,한미반도체,17,5489544500,57700,2472.74,,2026-09-09T22:25:39+09:00
2024-01-19,034020,두산에너빌리티,18,5055434780,15130,2472.74,,2026-09-09T22:25:39+09:00
2024-01-19,090430,아모레퍼시픽,19,4886205200,131500,2472.74,,2026-09-09T22:25:39+09:00
2024-01-19,454910,두산로보틱스,20,4748558600,85100,2472.74,,2026-09-09T22:25:39+09:00
2024-01-22,005930,삼성전자,1,137256201100,75100,2464.35,,2026-09-09T22:25:48+09:00
2024-01-22,000660,SK하이닉스,2,75608436000,142600,2464.35,,2026-09-09T22:25:48+09:00
2024-01-22,207940,삼성바이오로직스,3,64532240000,793000,2464.35,,2026-09-09T22:25:48+09:00
2024-01-22,005490,POSCO홀딩스,4,59665478000,398500,2464.35,,2026-09-09T22:25:48+09:00
2024-01-22,007660,이수페타시스,5,40937735250,34000,2464.35,,2026-09-09T22:25:48+09:00
2024-01-22,003670,포스코퓨처엠,6,15263726000,263000,2464.35,,2026-09-09T22:25:48+09:00
2024-01-22,001570,금양,7,9684090500,83000,2464.35,,2026-09-09T22:25:48+09:00
2024-01-22,047050,포스코인터내셔널,8,7794043000,48700,2464.35,,2026-09-09T22:25:48+09:00
2024-01-22,018260,삼성에스디에스,9,6327205400,164700,2464.35,,2026-09-09T22:25:48+09:00
2024-01-22,064350,현대로템,10,6051678550,27450,2464.35,,2026-09-09T22:25:48+09:00
2024-01-22,450080,에코프로머티,11,5773654900,192000,2464.35,,2026-09-09T22:25:48+09:00
2024-01-22,454910,두산로보틱스,12,5698824300,83000,2464.35,,2026-09-09T22:25:48+09:00
2024-01-22,028670,팬오션,13,5286640245,3710,2464.35,,2026-09-09T22:25:48+09:00
2024-01-22,015760,한국전력,14,5173268640,18430,2464.35,,2026-09-09T22:25:48+09:00
2024-01-22,010140,삼성중공업,15,5123518030,7590,2464.35,,2026-09-09T22:25:48+09:00
2024-01-22,005935,삼성전자우,16,5088016700,60300,2464.35,,2026-09-09T22:25:48+09:00
2024-01-22,017670,SK텔레콤,17,4686737650,49450,2464.35,,2026-09-09T22:25:48+09:00
2024-01-22,042700,한미반도체,18,4253045700,57700,2464.35,,2026-09-09T22:25:48+09:00
2024-01-22,001740,SK네트웍스,19,4016250480,6370,2464.35,,2026-09-09T22:25:48+09:00
2024-01-22,011200,HMM,20,3481985920,18750,2464.35,,2026-09-09T22:25:48+09:00
2024-01-23,005930,삼성전자,1,94326654800,75200,2478.61,,2026-09-09T22:25:52+09:00
2024-01-23,207940,삼성바이오로직스,2,29594728000,799000,2478.61,,2026-09-09T22:25:52+09:00
2024-01-23,450080,에코프로머티,3,22923582000,170000,2478.61,,2026-09-09T22:25:52+09:00
2024-01-23,005490,POSCO홀딩스,4,21165587500,403000,2478.61,,2026-09-09T22:25:52+09:00
2024-01-23,086790,하나금융지주,5,18327333138,42900,2478.61,,2026-09-09T22:25:52+09:00
2024-01-23,055550,신한지주,6,15865808250,39000,2478.61,,2026-09-09T22:25:52+09:00
2024-01-23,005380,현대차,7,13152205800,184800,2478.61,,2026-09-09T22:25:52+09:00
2024-01-23,011200,HMM,8,13148734230,19800,2478.61,,2026-09-09T22:25:52+09:00
2024-01-23,034220,LG디스플레이,9,9435634290,13910,2478.61,,2026-09-09T22:25:52+09:00
2024-01-23,005935,삼성전자우,10,6634325800,60600,2478.61,,2026-09-09T22:25:52+09:00
2024-01-23,042700,한미반도체,11,6591631200,57700,2478.61,,2026-09-09T22:25:52+09:00
2024-01-23,090430,아모레퍼시픽,12,6157949900,138900,2478.61,,2026-09-09T22:25:52+09:00
2024-01-23,001570,금양,13,6124810300,80800,2478.61,,2026-09-09T22:25:52+09:00
2024-01-23,105560,KB금융,14,5427008700,51400,2478.61,,2026-09-09T22:25:52+09:00
2024-01-23,298040,효성중공업,15,4729325600,185700,2478.61,,2026-09-09T22:25:52+09:00
2024-01-23,003670,포스코퓨처엠,16,4567968000,265500,2478.61,,2026-09-09T22:25:52+09:00
2024-01-23,034020,두산에너빌리티,17,4435435910,15000,2478.61,,2026-09-09T22:25:52+09:00
2024-01-23,138040,메리츠금융지주,18,4426412200,61900,2478.61,,2026-09-09T22:25:52+09:00
2024-01-23,035720,카카오,19,4323943200,57700,2478.61,,2026-09-09T22:25:52+09:00
2024-01-23,036570,엔씨소프트,20,4196675600,195400,2478.61,,2026-09-09T22:25:52+09:00
2024-01-24,052690,한전기술,1,52042954700,66200,2469.69,,2026-09-09T22:25:56+09:00
2024-01-24,011200,HMM,2,45381395823,20000,2469.69,,2026-09-09T22:25:56+09:00
2024-01-24,207940,삼성바이오로직스,3,27676852000,788000,2469.69,,2026-09-09T22:25:56+09:00
2024-01-24,055550,신한지주,4,20743751300,40050,2469.69,,2026-09-09T22:25:56+09:00
2024-01-24,005935,삼성전자우,5,14265099400,60600,2469.69,,2026-09-09T22:25:56+09:00
2024-01-24,316140,우리금융지주,6,11391877430,13000,2469.69,,2026-09-09T22:25:56+09:00
2024-01-24,086790,하나금융지주,7,10522973400,43600,2469.69,,2026-09-09T22:25:56+09:00
2024-01-24,035420,NAVER,8,9785872500,218000,2469.69,,2026-09-09T22:25:56+09:00
2024-01-24,272210,한화시스템,9,9744470140,16870,2469.69,,2026-09-09T22:25:56+09:00
2024-01-24,259960,크래프톤,10,8171939000,207500,2469.69,,2026-09-09T22:25:56+09:00
2024-01-24,018260,삼성에스디에스,11,7241795900,158600,2469.69,,2026-09-09T22:25:56+09:00
2024-01-24,105560,KB금융,12,6762580400,52100,2469.69,,2026-09-09T22:25:56+09:00
2024-01-24,034220,LG디스플레이,13,6434981940,13740,2469.69,,2026-09-09T22:25:56+09:00
2024-01-24,015760,한국전력,14,6045275640,18390,2469.69,,2026-09-09T22:25:56+09:00
2024-01-24,001440,대한전선,15,5610436030,10790,2469.69,,2026-09-09T22:25:56+09:00
2024-01-24,001570,금양,16,5569794300,79000,2469.69,,2026-09-09T22:25:56+09:00
2024-01-24,017860,DS단석,17,5533297000,216000,2469.69,,2026-09-09T22:25:56+09:00
2024-01-24,017670,SK텔레콤,18,5488263550,49200,2469.69,,2026-09-09T22:25:56+09:00
2024-01-24,009150,삼성전기,19,5306330400,145800,2469.69,,2026-09-09T22:25:56+09:00
2024-01-24,024110,기업은행,20,5276455560,11870,2469.69,,2026-09-09T22:25:56+09:00
2024-01-25,005930,삼성전자,1,61250722700,74100,2470.34,,2026-09-09T22:26:03+09:00
2024-01-25,003670,포스코퓨처엠,2,21359264000,251000,2470.34,,2026-09-09T22:26:03+09:00
2024-01-25,000270,기아,3,20399849800,93000,2470.34,,2026-09-09T22:26:03+09:00
2024-01-25,005490,POSCO홀딩스,4,19447918500,400000,2470.34,,2026-09-09T22:26:03+09:00
2024-01-25,207940,삼성바이오로직스,5,18210096000,785000,2470.34,,2026-09-09T22:26:03+09:00
2024-01-25,450080,에코프로머티,6,15812973000,157100,2470.34,,2026-09-09T22:26:03+09:00
2024-01-25,454910,두산로보틱스,7,12747570700,77900,2470.34,,2026-09-09T22:26:03+09:00
2024-01-25,005380,현대차,8,11580087100,188700,2470.34,,2026-09-09T22:26:03+09:00
2024-01-25,015760,한국전력,9,11475994820,19160,2470.34,,2026-09-09T22:26:03+09:00
2024-01-25,011170,롯데케미칼,10,10845526700,136900,2470.34,,2026-09-09T22:26:03+09:00
2024-01-25,001570,금양,11,10438647800,75100,2470.34,,2026-09-09T22:26:03+09:00
2024-01-25,030200,KT,12,6682893900,34200,2470.34,,2026-09-09T22:26:03+09:00
2024-01-25,352820,하이브,13,5812030000,216000,2470.34,,2026-09-09T22:26:03+09:00
2024-01-25,105560,KB금융,14,5306263000,52900,2470.34,,2026-09-09T22:26:03+09:00
2024-01-25,017670,SK텔레콤,15,4653735650,49400,2470.34,,2026-09-09T22:26:03+09:00
2024-01-25,008930,한미사이언스,16,4060157900,43900,2470.34,,2026-09-09T22:26:03+09:00
2024-01-25,010140,삼성중공업,17,4028344700,7570,2470.34,,2026-09-09T22:26:03+09:00
2024-01-25,000720,현대건설,18,4008408900,32050,2470.34,,2026-09-09T22:26:03+09:00
2024-01-25,047810,한국항공우주,19,3679753800,53800,2470.34,,2026-09-09T22:26:03+09:00
2024-01-25,034020,두산에너빌리티,20,3638694900,14870,2470.34,,2026-09-09T22:26:03+09:00
2024-01-26,005930,삼성전자,1,60454868300,73400,2478.56,,2026-09-09T22:26:08+09:00
2024-01-26,000660,SK하이닉스,2,56754029800,136000,2478.56,,2026-09-09T22:26:08+09:00
2024-01-26,035420,NAVER,3,22356115500,216500,2478.56,,2026-09-09T22:26:08+09:00
2024-01-26,373220,LG에너지솔루션,4,18057418500,381000,2478.56,,2026-09-09T22:26:08+09:00
2024-01-26,000270,기아,5,17706379900,94400,2478.56,,2026-09-09T22:26:08+09:00
2024-01-26,086790,하나금융지주,6,17504017850,44850,2478.56,,2026-09-09T22:26:08+09:00
2024-01-26,042700,한미반도체,7,14578988300,58700,2478.56,,2026-09-09T22:26:08+09:00
2024-01-26,105560,KB금융,8,13811069800,53800,2478.56,,2026-09-09T22:26:08+09:00
2024-01-26,034020,두산에너빌리티,9,12240728710,15170,2478.56,,2026-09-09T22:26:08+09:00
2024-01-26,030200,KT,10,11255047800,34800,2478.56,,2026-09-09T22:26:08+09:00
2024-01-26,012330,현대모비스,11,10523932500,204000,2478.56,,2026-09-09T22:26:08+09:00
2024-01-26,294870,HDC현대산업개발,12,9453102230,17530,2478.56,,2026-09-09T22:26:08+09:00
2024-01-26,012450,한화에어로스페이스,13,7826592600,140600,2478.56,,2026-09-09T22:26:08+09:00
2024-01-26,450080,에코프로머티,14,7465197700,159700,2478.56,,2026-09-09T22:26:08+09:00
2024-01-26,047050,포스코인터내셔널,15,7345631300,51600,2478.56,,2026-09-09T22:26:08+09:00
2024-01-26,032640,LG유플러스,16,7128223740,10090,2478.56,,2026-09-09T22:26:08+09:00
2024-01-26,015760,한국전력,17,6252748450,19200,2478.56,,2026-09-09T22:26:08+09:00
2024-01-26,316140,우리금융지주,18,6181677380,13130,2478.56,,2026-09-09T22:26:08+09:00
2024-01-26,000720,현대건설,19,5898822850,33100,2478.56,,2026-09-09T22:26:08+09:00
2024-01-26,003670,포스코퓨처엠,20,5582028500,267000,2478.56,,2026-09-09T22:26:08+09:00
2024-01-29,005930,삼성전자,1,219771238400,74400,2500.65,,2026-09-09T22:26:19+09:00
2024-01-29,000270,기아,2,49288116700,99900,2500.65,,2026-09-09T22:26:19+09:00
2024-01-29,005380,현대차,3,48534943600,195600,2500.65,,2026-09-09T22:26:19+09:00
2024-01-29,207940,삼성바이오로직스,4,32101705000,800000,2500.65,,2026-09-09T22:26:19+09:00
2024-01-29,086790,하나금융지주,5,27606661050,46400,2500.65,,2026-09-09T22:26:19+09:00
2024-01-29,105560,KB금융,6,21975091700,55600,2500.65,,2026-09-09T22:26:19+09:00
2024-01-29,454910,두산로보틱스,7,16313562800,73600,2500.65,,2026-09-09T22:26:19+09:00
2024-01-29,015760,한국전력,8,15082115820,19920,2500.65,,2026-09-09T22:26:19+09:00
2024-01-29,042700,한미반도체,9,14464555900,59800,2500.65,,2026-09-09T22:26:19+09:00
2024-01-29,316140,우리금융지주,10,13205437550,13480,2500.65,,2026-09-09T22:26:19+09:00
2024-01-29,006400,삼성SDI,11,10825761000,379000,2500.65,,2026-09-09T22:26:19+09:00
2024-01-29,024110,기업은행,12,10825004040,12100,2500.65,,2026-09-09T22:26:19+09:00
2024-01-29,005935,삼성전자우,13,10518964200,60500,2500.65,,2026-09-09T22:26:19+09:00
2024-01-29,079550,LIG넥스원,14,10143289500,108500,2500.65,,2026-09-09T22:26:19+09:00
2024-01-29,139480,이마트,15,8122343100,80900,2500.65,,2026-09-09T22:26:19+09:00
2024-01-29,010950,S-Oil,16,7886571000,69000,2500.65,,2026-09-09T22:26:19+09:00
2024-01-29,010130,고려아연,17,7623454500,467000,2500.65,,2026-09-09T22:26:19+09:00
2024-01-29,272210,한화시스템,18,7477119460,15420,2500.65,,2026-09-09T22:26:19+09:00
2024-01-29,036460,한국가스공사,19,7029891750,26300,2500.65,,2026-09-09T22:26:19+09:00
2024-01-29,352820,하이브,20,6619263500,204500,2500.65,,2026-09-09T22:26:19+09:00
2024-01-30,207940,삼성바이오로직스,1,51341845000,823000,2498.81,,2026-09-09T22:26:24+09:00
2024-01-30,000270,기아,2,48142646000,98000,2498.81,,2026-09-09T22:26:24+09:00
2024-01-30,035720,카카오,3,18626610500,54300,2498.81,,2026-09-09T22:26:24+09:00
2024-01-30,012450,한화에어로스페이스,4,10768188000,131900,2498.81,,2026-09-09T22:26:24+09:00
2024-01-30,012330,현대모비스,5,9847062000,206500,2498.81,,2026-09-09T22:26:24+09:00
2024-01-30,003670,포스코퓨처엠,6,7429066000,254000,2498.81,,2026-09-09T22:26:24+09:00
2024-01-30,259960,크래프톤,7,7002839500,218500,2498.81,,2026-09-09T22:26:24+09:00
2024-01-30,078930,GS,8,6946174400,44400,2498.81,,2026-09-09T22:26:24+09:00
2024-01-30,105560,KB금융,9,6799945700,55900,2498.81,,2026-09-09T22:26:24+09:00
2024-01-30,032640,LG유플러스,10,6692467210,10160,2498.81,,2026-09-09T22:26:24+09:00
2024-01-30,079550,LIG넥스원,11,6464148000,105600,2498.81,,2026-09-09T22:26:24+09:00
2024-01-30,028670,팬오션,12,5773468065,3710,2498.81,,2026-09-09T22:26:24+09:00
2024-01-30,011170,롯데케미칼,13,5734162600,131600,2498.81,,2026-09-09T22:26:24+09:00
2024-01-30,006800,미래에셋증권,14,5538816610,7890,2498.81,,2026-09-09T22:26:24+09:00
2024-01-30,011780,금호석유,15,5346192600,128900,2498.81,,2026-09-09T22:26:24+09:00
2024-01-30,316140,우리금융지주,16,5287473980,13490,2498.81,,2026-09-09T22:26:24+09:00
2024-01-30,004990,롯데지주,17,5234812250,28300,2498.81,,2026-09-09T22:26:24+09:00
2024-01-30,450080,에코프로머티,18,4477357400,145100,2498.81,,2026-09-09T22:26:24+09:00
2024-01-30,267260,HD현대일렉트릭,19,4267095700,100000,2498.81,,2026-09-09T22:26:24+09:00
2024-01-30,000880,한화,20,4235788500,26700,2498.81,,2026-09-09T22:26:24+09:00
2024-01-31,000270,기아,1,79765273200,102900,2497.09,,2026-09-09T22:26:29+09:00
2024-01-31,028260,삼성물산,2,78847615000,138000,2497.09,,2026-09-09T22:26:29+09:00
2024-01-31,207940,삼성바이오로직스,3,31811977000,840000,2497.09,,2026-09-09T22:26:29+09:00
2024-01-31,012450,한화에어로스페이스,4,10315873600,138100,2497.09,,2026-09-09T22:26:29+09:00
2024-01-31,034020,두산에너빌리티,5,9993739050,15440,2497.09,,2026-09-09T22:26:29+09:00
2024-01-31,316140,우리금융지주,6,9036825630,13880,2497.09,,2026-09-09T22:26:29+09:00
2024-01-31,024110,기업은행,7,8657067960,12520,2497.09,,2026-09-09T22:26:29+09:00
2024-01-31,032830,삼성생명,8,8356193200,69300,2497.09,,2026-09-09T22:26:29+09:00
2024-01-31,454910,두산로보틱스,9,7764990100,68700,2497.09,,2026-09-09T22:26:29+09:00
2024-01-31,005830,DB손해보험,10,7746758100,87900,2497.09,,2026-09-09T22:26:29+09:00
2024-01-31,105560,KB금융,11,7634530800,56600,2497.09,,2026-09-09T22:26:29+09:00
2024-01-31,000720,현대건설,12,7233567750,34650,2497.09,,2026-09-09T22:26:29+09:00
2024-01-31,010140,삼성중공업,13,7102821880,7310,2497.09,,2026-09-09T22:26:29+09:00
2024-01-31,064350,현대로템,14,6541015200,28350,2497.09,,2026-09-09T22:26:29+09:00
2024-01-31,030200,KT,15,6055164300,35400,2497.09,,2026-09-09T22:26:29+09:00
2024-01-31,017670,SK텔레콤,16,6030279600,50200,2497.09,,2026-09-09T22:26:29+09:00
2024-01-31,033780,KT&G,17,5810793000,90600,2497.09,,2026-09-09T22:26:29+09:00
2024-01-31,086790,하나금융지주,18,5058089200,47800,2497.09,,2026-09-09T22:26:29+09:00
2024-01-31,012330,현대모비스,19,4751214000,210000,2497.09,,2026-09-09T22:26:29+09:00
2024-01-31,267260,HD현대일렉트릭,20,4726250500,102700,2497.09,,2026-09-09T22:26:29+09:00
2024-02-01,005930,삼성전자,1,376036337200,73600,2542.46,,2026-09-09T22:26:34+09:00
2024-02-01,005380,현대차,2,169233683700,208000,2542.46,,2026-09-09T22:26:34+09:00
2024-02-01,028260,삼성물산,3,82412875100,148700,2542.46,,2026-09-09T22:26:34+09:00
2024-02-01,086790,하나금융지주,4,61602038700,52000,2542.46,,2026-09-09T22:26:34+09:00
2024-02-01,105560,KB금융,5,48319350600,61300,2542.46,,2026-09-09T22:26:34+09:00
2024-02-01,000270,기아,6,42886619800,106300,2542.46,,2026-09-09T22:26:34+09:00
2024-02-01,032830,삼성생명,7,22201483000,76000,2542.46,,2026-09-09T22:26:34+09:00
2024-02-01,000810,삼성화재,8,22109489500,289500,2542.46,,2026-09-09T22:26:34+09:00
2024-02-01,034730,SK,9,21135656900,197000,2542.46,,2026-09-09T22:26:34+09:00
2024-02-01,030200,KT,10,18216609700,36900,2542.46,,2026-09-09T22:26:34+09:00
2024-02-01,066570,LG전자,11,15527465300,95100,2542.46,,2026-09-09T22:26:34+09:00
2024-02-01,017670,SK텔레콤,12,12461906000,50800,2542.46,,2026-09-09T22:26:34+09:00
2024-02-01,035420,NAVER,13,12212917200,202500,2542.46,,2026-09-09T22:26:34+09:00
2024-02-01,207940,삼성바이오로직스,14,11739577000,829000,2542.46,,2026-09-09T22:26:34+09:00
2024-02-01,024110,기업은행,15,11436118020,13130,2542.46,,2026-09-09T22:26:34+09:00
2024-02-01,005935,삼성전자우,16,11424660400,59700,2542.46,,2026-09-09T22:26:34+09:00
2024-02-01,000720,현대건설,17,10640305800,35050,2542.46,,2026-09-09T22:26:34+09:00
2024-02-01,402340,SK스퀘어,18,10633817900,53600,2542.46,,2026-09-09T22:26:34+09:00
2024-02-01,005940,NH투자증권,19,9920325700,11130,2542.46,,2026-09-09T22:26:34+09:00
2024-02-01,009420,한올바이오파마,20,9638138750,28900,2542.46,,2026-09-09T22:26:34+09:00
2024-02-02,005380,현대차,1,554949288000,227000,2615.31,,2026-09-09T22:26:40+09:00
2024-02-02,000270,기아,2,270664160200,119500,2615.31,,2026-09-09T22:26:40+09:00
2024-02-02,005930,삼성전자,3,140854013500,75200,2615.31,,2026-09-09T22:26:40+09:00
2024-02-02,105560,KB금융,4,116262259400,66300,2615.31,,2026-09-09T22:26:40+09:00
2024-02-02,086790,하나금융지주,5,81535001100,55900,2615.31,,2026-09-09T22:26:40+09:00
2024-02-02,055550,신한지주,6,56694612450,45300,2615.31,,2026-09-09T22:26:40+09:00
2024-02-02,207940,삼성바이오로직스,7,48505274000,859000,2615.31,,2026-09-09T22:26:40+09:00
2024-02-02,402340,SK스퀘어,8,48384155600,59500,2615.31,,2026-09-09T22:26:40+09:00
2024-02-02,035420,NAVER,9,47732672500,221500,2615.31,,2026-09-09T22:26:40+09:00
2024-02-02,011200,HMM,10,45390482310,19660,2615.31,,2026-09-09T22:26:40+09:00
2024-02-02,139480,이마트,11,45307317200,87400,2615.31,,2026-09-09T22:26:40+09:00
2024-02-02,028260,삼성물산,12,42060608000,148700,2615.31,,2026-09-09T22:26:40+09:00
2024-02-02,005935,삼성전자우,13,41280997300,61100,2615.31,,2026-09-09T22:26:40+09:00
2024-02-02,030200,KT,14,38103188150,38550,2615.31,,2026-09-09T22:26:40+09:00
2024-02-02,066570,LG전자,15,22056372700,97300,2615.31,,2026-09-09T22:26:40+09:00
2024-02-02,034020,두산에너빌리티,16,20719711380,16000,2615.31,,2026-09-09T22:26:40+09:00
2024-02-02,012330,현대모비스,17,19763650500,232000,2615.31,,2026-09-09T22:26:40+09:00
2024-02-02,323410,카카오뱅크,18,17651132200,29300,2615.31,,2026-09-09T22:26:40+09:00
2024-02-02,042700,한미반도체,19,14563918900,59400,2615.31,,2026-09-09T22:26:40+09:00
2024-02-02,006260,LS,20,12866877000,102900,2615.31,,2026-09-09T22:26:40+09:00
2024-02-05,005380,현대차,1,190190576500,238000,2591.31,,2026-09-09T22:26:49+09:00
2024-02-05,005930,삼성전자,2,143185750600,74300,2591.31,,2026-09-09T22:26:49+09:00
2024-02-05,005935,삼성전자우,3,26136131400,61100,2591.31,,2026-09-09T22:26:49+09:00
2024-02-05,000660,SK하이닉스,4,24354676800,132300,2591.31,,2026-09-09T22:26:49+09:00
2024-02-05,402340,SK스퀘어,5,21580042600,59300,2591.31,,2026-09-09T22:26:49+09:00
2024-02-05,207940,삼성바이오로직스,6,18699581000,847000,2591.31,,2026-09-09T22:26:49+09:00
2024-02-05,012330,현대모비스,7,15494142500,231500,2591.31,,2026-09-09T22:26:49+09:00
2024-02-05,066570,LG전자,8,15357249000,97100,2591.31,,2026-09-09T22:26:49+09:00
2024-02-05,000810,삼성화재,9,14188037000,298500,2591.31,,2026-09-09T22:26:49+09:00
2024-02-05,000720,현대건설,10,11911852650,35150,2591.31,,2026-09-09T22:26:49+09:00
2024-02-05,086790,하나금융지주,11,9774694300,55200,2591.31,,2026-09-09T22:26:49+09:00
2024-02-05,003410,쌍용C&E,12,7972265840,6940,2591.31,,2026-09-09T22:26:49+09:00
2024-02-05,267260,HD현대일렉트릭,13,7829260100,100900,2591.31,,2026-09-09T22:26:49+09:00
2024-02-05,033780,KT&G,14,7495135000,90900,2591.31,,2026-09-09T22:26:49+09:00
2024-02-05,088980,맥쿼리인프라,15,7289911450,12600,2591.31,,2026-09-09T22:26:49+09:00
2024-02-05,009540,HD한국조선해양,16,5981373800,123000,2591.31,,2026-09-09T22:26:49+09:00
2024-02-05,086280,현대글로비스,17,5097050800,188100,2591.31,,2026-09-09T22:26:49+09:00
2024-02-05,316140,우리금융지주,18,4977416850,14750,2591.31,,2026-09-09T22:26:49+09:00
2024-02-05,014680,한솔케미칼,19,4829169000,188000,2591.31,,2026-09-09T22:26:49+09:00
2024-02-05,011780,금호석유,20,4618729800,136900,2591.31,,2026-09-09T22:26:49+09:00
2024-02-06,000660,SK하이닉스,1,93537479300,138000,2576.2,,2026-09-09T22:26:55+09:00
2024-02-06,005380,현대차,2,90798917500,235500,2576.2,,2026-09-09T22:26:55+09:00
2024-02-06,402340,SK스퀘어,3,30547103100,62400,2576.2,,2026-09-09T22:26:55+09:00
2024-02-06,105560,KB금융,4,25241845700,63100,2576.2,,2026-09-09T22:26:55+09:00
2024-02-06,005930,삼성전자,5,24126981300,74400,2576.2,,2026-09-09T22:26:55+09:00
2024-02-06,005490,POSCO홀딩스,6,22241426000,437000,2576.2,,2026-09-09T22:26:55+09:00
2024-02-06,267260,HD현대일렉트릭,7,15063249900,106800,2576.2,,2026-09-09T22:26:55+09:00
2024-02-06,028260,삼성물산,8,13649309000,147500,2576.2,,2026-09-09T22:26:55+09:00
2024-02-06,139480,이마트,9,13507443200,83200,2576.2,,2026-09-09T22:26:55+09:00
2024-02-06,005935,삼성전자우,10,13083704900,60800,2576.2,,2026-09-09T22:26:55+09:00
2024-02-06,066970,엘앤에프,11,12483397900,132300,2576.2,,2026-09-09T22:26:55+09:00
2024-02-06,005387,현대차2우B,12,12302700200,137000,2576.2,,2026-09-09T22:26:55+09:00
2024-02-06,009150,삼성전기,13,11557239100,138600,2576.2,,2026-09-09T22:26:55+09:00
2024-02-06,086790,하나금융지주,14,11391737200,54300,2576.2,,2026-09-09T22:26:55+09:00
2024-02-06,032830,삼성생명,15,9941715700,77400,2576.2,,2026-09-09T22:26:55+09:00
2024-02-06,068270,셀트리온,16,8780274900,183000,2576.2,,2026-09-09T22:26:55+09:00
2024-02-06,457190,이수스페셜티케미컬,17,8569451800,253500,2576.2,,2026-09-09T22:26:55+09:00
2024-02-06,035250,강원랜드,18,8502108950,16560,2576.2,,2026-09-09T22:26:55+09:00
2024-02-06,138040,메리츠금융지주,19,8189378300,67500,2576.2,,2026-09-09T22:26:55+09:00
2024-02-06,001450,현대해상,20,7942623150,34700,2576.2,,2026-09-09T22:26:55+09:00
2024-02-07,005380,현대차,1,116543019000,245000,2609.58,,2026-09-09T22:27:00+09:00
2024-02-07,005935,삼성전자우,2,60385225800,61900,2609.58,,2026-09-09T22:27:00+09:00
2024-02-07,005930,삼성전자,3,56173288600,75000,2609.58,,2026-09-09T22:27:00+09:00
2024-02-07,028260,삼성물산,4,51415420900,153800,2609.58,,2026-09-09T22:27:00+09:00
2024-02-07,000270,기아,5,48092606800,114700,2609.58,,2026-09-09T22:27:00+09:00
2024-02-07,005490,POSCO홀딩스,6,33454457000,449500,2609.58,,2026-09-09T22:27:00+09:00
2024-02-07,402340,SK스퀘어,7,28884074300,66200,2609.58,,2026-09-09T22:27:00+09:00
2024-02-07,105560,KB금융,8,22765027900,64700,2609.58,,2026-09-09T22:27:00+09:00
2024-02-07,032830,삼성생명,9,20608179000,81400,2609.58,,2026-09-09T22:27:00+09:00
2024-02-07,005387,현대차2우B,10,19644258700,149600,2609.58,,2026-09-09T22:27:00+09:00
2024-02-07,028670,팬오션,11,17890672500,4335,2609.58,,2026-09-09T22:27:00+09:00
2024-02-07,066570,LG전자,12,16087242400,98900,2609.58,,2026-09-09T22:27:00+09:00
2024-02-07,066970,엘앤에프,13,14248031800,137200,2609.58,,2026-09-09T22:27:00+09:00
2024-02-07,373220,LG에너지솔루션,14,12823308000,386000,2609.58,,2026-09-09T22:27:00+09:00
2024-02-07,017670,SK텔레콤,15,12461003600,51300,2609.58,,2026-09-09T22:27:00+09:00
2024-02-07,086790,하나금융지주,16,8721757200,55600,2609.58,,2026-09-09T22:27:00+09:00
2024-02-07,064350,현대로템,17,8612231000,28450,2609.58,,2026-09-09T22:27:00+09:00
2024-02-07,316140,우리금융지주,18,8326613050,14500,2609.58,,2026-09-09T22:27:00+09:00
2024-02-07,096770,SK이노베이션,19,8045828200,121000,2609.58,,2026-09-09T22:27:00+09:00
2024-02-07,023530,롯데쇼핑,20,7820874600,91100,2609.58,,2026-09-09T22:27:00+09:00
2024-02-08,000660,SK하이닉스,1,260495711000,142800,2620.32,,2026-09-09T22:27:06+09:00
2024-02-08,005380,현대차,2,130319877000,250000,2620.32,,2026-09-09T22:27:06+09:00
2024-02-08,042700,한미반도체,3,88487339500,78500,2620.32,,2026-09-09T22:27:06+09:00
2024-02-08,005935,삼성전자우,4,64656828900,62000,2620.32,,2026-09-09T22:27:06+09:00
2024-02-08,028260,삼성물산,5,43130046100,156500,2620.32,,2026-09-09T22:27:06+09:00
2024-02-08,000270,기아,6,35810831800,113200,2620.32,,2026-09-09T22:27:06+09:00
2024-02-08,068270,셀트리온,7,29111588100,179600,2620.32,,2026-09-09T22:27:06+09:00
2024-02-08,105560,KB금융,8,28296680100,67600,2620.32,,2026-09-09T22:27:06+09:00
2024-02-08,035250,강원랜드,9,14147102390,17440,2620.32,,2026-09-09T22:27:06+09:00
2024-02-08,028670,팬오션,10,13315747590,4490,2620.32,,2026-09-09T22:27:06+09:00
2024-02-08,032830,삼성생명,11,12343790600,83000,2620.32,,2026-09-09T22:27:06+09:00
2024-02-08,450080,에코프로머티,12,11161069900,171900,2620.32,,2026-09-09T22:27:06+09:00
2024-02-08,267260,HD현대일렉트릭,13,10548699600,107400,2620.32,,2026-09-09T22:27:06+09:00
2024-02-08,047050,포스코인터내셔널,14,10146098100,55700,2620.32,,2026-09-09T22:27:06+09:00
2024-02-08,066570,LG전자,15,9495388100,98200,2620.32,,2026-09-09T22:27:06+09:00
2024-02-08,005070,코스모신소재,16,9335991600,159900,2620.32,,2026-09-09T22:27:06+09:00
2024-02-08,030200,KT,17,9153429650,37650,2620.32,,2026-09-09T22:27:06+09:00
2024-02-08,138040,메리츠금융지주,18,9086920100,71800,2620.32,,2026-09-09T22:27:06+09:00
2024-02-08,000810,삼성화재,19,7626287000,333000,2620.32,,2026-09-09T22:27:06+09:00
2024-02-08,086790,하나금융지주,20,7595473100,56600,2620.32,,2026-09-09T22:27:06+09:00
2024-02-13,000660,SK하이닉스,1,226764367500,150000,2649.64,,2026-09-09T22:27:19+09:00
2024-02-13,005380,현대차,2,153931035500,249000,2649.64,,2026-09-09T22:27:19+09:00
2024-02-13,005935,삼성전자우,3,132262928800,63800,2649.64,,2026-09-09T22:27:19+09:00
2024-02-13,005930,삼성전자,4,82791369800,75200,2649.64,,2026-09-09T22:27:19+09:00
2024-02-13,000270,기아,5,55370440200,117200,2649.64,,2026-09-09T22:27:19+09:00
2024-02-13,028260,삼성물산,6,45125165700,156200,2649.64,,2026-09-09T22:27:19+09:00
2024-02-13,105560,KB금융,7,45069265900,69700,2649.64,,2026-09-09T22:27:19+09:00
2024-02-13,042700,한미반도체,8,44581293900,81000,2649.64,,2026-09-09T22:27:19+09:00
2024-02-13,450080,에코프로머티,9,29561281400,209500,2649.64,,2026-09-09T22:27:19+09:00
2024-02-13,068270,셀트리온,10,28839850100,187500,2649.64,,2026-09-09T22:27:19+09:00
2024-02-13,055550,신한지주,11,16613840800,44500,2649.64,,2026-09-09T22:27:19+09:00
2024-02-13,051910,LG화학,12,15633876000,471000,2649.64,,2026-09-09T22:27:19+09:00
2024-02-13,229640,LS에코에너지,13,15224928300,21350,2649.64,,2026-09-09T22:27:19+09:00
2024-02-13,373220,LG에너지솔루션,14,12413799500,393500,2649.64,,2026-09-09T22:27:19+09:00
2024-02-13,012330,현대모비스,15,11902487500,233500,2649.64,,2026-09-09T22:27:19+09:00
2024-02-13,003490,대한항공,16,11389341100,23650,2649.64,,2026-09-09T22:27:19+09:00
2024-02-13,010950,S-Oil,17,10935593500,71500,2649.64,,2026-09-09T22:27:19+09:00
2024-02-13,015760,한국전력,18,10718928150,21300,2649.64,,2026-09-09T22:27:19+09:00
2024-02-13,017670,SK텔레콤,19,10669078000,51900,2649.64,,2026-09-09T22:27:19+09:00
2024-02-13,005387,현대차2우B,20,10355308300,154400,2649.64,,2026-09-09T22:27:19+09:00
2024-02-14,005380,현대차,1,57405086000,245500,2620.42,,2026-09-09T22:27:25+09:00
2024-02-14,028260,삼성물산,2,28756872200,152400,2620.42,,2026-09-09T22:27:25+09:00
2024-02-14,005387,현대차2우B,3,27192330500,160500,2620.42,,2026-09-09T22:27:25+09:00
2024-02-14,012450,한화에어로스페이스,4,26509440500,146300,2620.42,,2026-09-09T22:27:25+09:00
2024-02-14,000660,SK하이닉스,5,18517585400,148700,2620.42,,2026-09-09T22:27:25+09:00
2024-02-14,079550,LIG넥스원,6,17915870300,127000,2620.42,,2026-09-09T22:27:25+09:00
2024-02-14,032830,삼성생명,7,13060684200,80800,2620.42,,2026-09-09T22:27:25+09:00
2024-02-14,005935,삼성전자우,8,12606520800,63000,2620.42,,2026-09-09T22:27:25+09:00
2024-02-14,005385,현대차우,9,11989446500,155600,2620.42,,2026-09-09T22:27:25+09:00
2024-02-14,316140,우리금융지주,10,11506127920,14020,2620.42,,2026-09-09T22:27:25+09:00
2024-02-14,003670,포스코퓨처엠,11,11019948000,285500,2620.42,,2026-09-09T22:27:25+09:00
2024-02-14,259960,크래프톤,12,10636302500,239500,2620.42,,2026-09-09T22:27:25+09:00
2024-02-14,373220,LG에너지솔루션,13,10626883000,388000,2620.42,,2026-09-09T22:27:25+09:00
2024-02-14,000270,기아,14,9317588400,117600,2620.42,,2026-09-09T22:27:25+09:00
2024-02-14,030200,KT,15,8302228250,37850,2620.42,,2026-09-09T22:27:25+09:00
2024-02-14,066570,LG전자,16,8206643800,99000,2620.42,,2026-09-09T22:27:25+09:00
2024-02-14,003550,LG,17,7685243200,92000,2620.42,,2026-09-09T22:27:25+09:00
2024-02-14,055550,신한지주,18,7359519450,43800,2620.42,,2026-09-09T22:27:25+09:00
2024-02-14,352820,하이브,19,6838337000,218500,2620.42,,2026-09-09T22:27:25+09:00
2024-02-14,022100,포스코DX,20,6702603600,58000,2620.42,,2026-09-09T22:27:25+09:00
2024-02-15,035720,카카오,1,76268225900,59200,2613.8,,2026-09-09T22:27:29+09:00
2024-02-15,005380,현대차,2,67078141000,240000,2613.8,,2026-09-09T22:27:29+09:00
2024-02-15,028260,삼성물산,3,51678249000,156300,2613.8,,2026-09-09T22:27:29+09:00
2024-02-15,005490,POSCO홀딩스,4,22332789500,440500,2613.8,,2026-09-09T22:27:29+09:00
2024-02-15,005387,현대차2우B,5,15658665800,154500,2613.8,,2026-09-09T22:27:29+09:00
2024-02-15,450080,에코프로머티,6,12573595500,200500,2613.8,,2026-09-09T22:27:29+09:00
2024-02-15,373220,LG에너지솔루션,7,12226485000,395500,2613.8,,2026-09-09T22:27:29+09:00
2024-02-15,001570,금양,8,9986992900,94800,2613.8,,2026-09-09T22:27:29+09:00
2024-02-15,032830,삼성생명,9,8417603700,79400,2613.8,,2026-09-09T22:27:29+09:00
2024-02-15,030200,KT,10,8372368200,38450,2613.8,,2026-09-09T22:27:29+09:00
2024-02-15,000660,SK하이닉스,11,7318798000,148700,2613.8,,2026-09-09T22:27:29+09:00
2024-02-15,003530,한화투자증권,12,7098524140,4555,2613.8,,2026-09-09T22:27:29+09:00
2024-02-15,004990,롯데지주,13,5930242700,30150,2613.8,,2026-09-09T22:27:29+09:00
2024-02-15,051600,한전KPS,14,5772220800,35950,2613.8,,2026-09-09T22:27:29+09:00
2024-02-15,005935,삼성전자우,15,5629388800,62000,2613.8,,2026-09-09T22:27:29+09:00
2024-02-15,034730,SK,16,5260855100,186700,2613.8,,2026-09-09T22:27:29+09:00
2024-02-15,010120,LS ELECTRIC,17,5019554600,68400,2613.8,,2026-09-09T22:27:29+09:00
2024-02-15,012330,현대모비스,18,4649473500,227000,2613.8,,2026-09-09T22:27:29+09:00
2024-02-15,047050,포스코인터내셔널,19,4248540400,57600,2613.8,,2026-09-09T22:27:29+09:00
2024-02-15,010140,삼성중공업,20,4224307250,7210,2613.8,,2026-09-09T22:27:29+09:00
2024-02-16,028260,삼성물산,1,64272387900,163800,2648.76,,2026-09-09T22:27:34+09:00
2024-02-16,373220,LG에너지솔루션,2,26292398000,410000,2648.76,,2026-09-09T22:27:34+09:00
2024-02-16,022100,포스코DX,3,25481140500,61000,2648.76,,2026-09-09T22:27:34+09:00
2024-02-16,011780,금호석유,4,25303716700,155200,2648.76,,2026-09-09T22:27:34+09:00
2024-02-16,006400,삼성SDI,5,24316148500,404500,2648.76,,2026-09-09T22:27:34+09:00
2024-02-16,005070,코스모신소재,6,23560282700,175800,2648.76,,2026-09-09T22:27:34+09:00
2024-02-16,005380,현대차,7,23201026500,252500,2648.76,,2026-09-09T22:27:34+09:00
2024-02-16,000660,SK하이닉스,8,22892586900,146800,2648.76,,2026-09-09T22:27:34+09:00
2024-02-16,005935,삼성전자우,9,19407233400,62500,2648.76,,2026-09-09T22:27:34+09:00
2024-02-16,316140,우리금융지주,10,19335966440,14750,2648.76,,2026-09-09T22:27:34+09:00
2024-02-16,096770,SK이노베이션,11,18232342200,127100,2648.76,,2026-09-09T22:27:34+09:00
2024-02-16,002710,TCC스틸,12,16596526700,65700,2648.76,,2026-09-09T22:27:34+09:00
2024-02-16,030200,KT,13,16404823000,39450,2648.76,,2026-09-09T22:27:34+09:00
2024-02-16,011200,HMM,14,12590113820,17830,2648.76,,2026-09-09T22:27:34+09:00
2024-02-16,010950,S-Oil,15,11286019400,72500,2648.76,,2026-09-09T22:27:34+09:00
2024-02-16,009830,한화솔루션,16,10401170700,33600,2648.76,,2026-09-09T22:27:34+09:00
2024-02-16,005385,현대차우,17,8845218800,157200,2648.76,,2026-09-09T22:27:34+09:00
2024-02-16,042700,한미반도체,18,8737239800,75400,2648.76,,2026-09-09T22:27:34+09:00
2024-02-16,010060,OCI홀딩스,19,8079920400,106000,2648.76,,2026-09-09T22:27:34+09:00
2024-02-16,010140,삼성중공업,20,7364245600,7300,2648.76,,2026-09-09T22:27:34+09:00
2024-02-19,005930,삼성전자,1,138224572100,73800,2680.26,,2026-09-09T22:27:43+09:00
2024-02-19,000660,SK하이닉스,2,111098496400,151300,2680.26,,2026-09-09T22:27:43+09:00
2024-02-19,015760,한국전력,3,38245979300,23200,2680.26,,2026-09-09T22:27:43+09:00
2024-02-19,028260,삼성물산,4,36431340100,170400,2680.26,,2026-09-09T22:27:43+09:00
2024-02-19,012450,한화에어로스페이스,5,30590675400,151900,2680.26,,2026-09-09T22:27:43+09:00
2024-02-19,005490,POSCO홀딩스,6,29351921000,444500,2680.26,,2026-09-09T22:27:43+09:00
2024-02-19,000270,기아,7,23178204000,117600,2680.26,,2026-09-09T22:27:43+09:00
2024-02-19,030200,KT,8,23018055650,42200,2680.26,,2026-09-09T22:27:43+09:00
2024-02-19,012330,현대모비스,9,22244986000,244000,2680.26,,2026-09-09T22:27:43+09:00
2024-02-19,002710,TCC스틸,10,20856836000,75900,2680.26,,2026-09-09T22:27:43+09:00
2024-02-19,086790,하나금융지주,11,19564501800,58900,2680.26,,2026-09-09T22:27:43+09:00
2024-02-19,003550,LG,12,18360877100,103500,2680.26,,2026-09-09T22:27:43+09:00
2024-02-19,011200,HMM,13,17187694320,18680,2680.26,,2026-09-09T22:27:43+09:00
2024-02-19,010950,S-Oil,14,14919770600,74800,2680.26,,2026-09-09T22:27:43+09:00
2024-02-19,005387,현대차2우B,15,14729890600,167100,2680.26,,2026-09-09T22:27:43+09:00
2024-02-19,034730,SK,16,13136356100,207500,2680.26,,2026-09-09T22:27:43+09:00
2024-02-19,402340,SK스퀘어,17,12062852500,69600,2680.26,,2026-09-09T22:27:43+09:00
2024-02-19,066570,LG전자,18,11775710600,99800,2680.26,,2026-09-09T22:27:43+09:00
2024-02-19,035250,강원랜드,19,9668606270,18020,2680.26,,2026-09-09T22:27:43+09:00
2024-02-19,005385,현대차우,20,9652501900,162100,2680.26,,2026-09-09T22:27:43+09:00
2024-02-20,003670,포스코퓨처엠,1,23846353500,304500,2657.79,,2026-09-09T22:27:47+09:00
2024-02-20,267260,HD현대일렉트릭,2,22448895600,134400,2657.79,,2026-09-09T22:27:47+09:00
2024-02-20,005935,삼성전자우,3,22127640900,62900,2657.79,,2026-09-09T22:27:47+09:00
2024-02-20,005930,삼성전자,4,21656959200,73300,2657.79,,2026-09-09T22:27:47+09:00
2024-02-20,373220,LG에너지솔루션,5,16376865500,404000,2657.79,,2026-09-09T22:27:47+09:00
2024-02-20,005490,POSCO홀딩스,6,16359866000,440000,2657.79,,2026-09-09T22:27:47+09:00
2024-02-20,005070,코스모신소재,7,14200978600,185700,2657.79,,2026-09-09T22:27:47+09:00
2024-02-20,012450,한화에어로스페이스,8,13804432300,153900,2657.79,,2026-09-09T22:27:47+09:00
2024-02-20,298040,효성중공업,9,10425573500,186100,2657.79,,2026-09-09T22:27:47+09:00
2024-02-20,281820,케이씨텍,10,10264685550,33750,2657.79,,2026-09-09T22:27:47+09:00
2024-02-20,012330,현대모비스,11,9173647500,240000,2657.79,,2026-09-09T22:27:47+09:00
2024-02-20,079550,LIG넥스원,12,9051890400,128000,2657.79,,2026-09-09T22:27:47+09:00
2024-02-20,028260,삼성물산,13,8753097300,162300,2657.79,,2026-09-09T22:27:47+09:00
2024-02-20,003490,대한항공,14,8159479400,23600,2657.79,,2026-09-09T22:27:47+09:00
2024-02-20,017670,SK텔레콤,15,7983069000,53700,2657.79,,2026-09-09T22:27:47+09:00
2024-02-20,010950,S-Oil,16,7359586200,75800,2657.79,,2026-09-09T22:27:47+09:00
2024-02-20,047810,한국항공우주,17,7191233800,53200,2657.79,,2026-09-09T22:27:47+09:00
2024-02-20,005385,현대차우,18,7037434500,156900,2657.79,,2026-09-09T22:27:47+09:00
2024-02-20,003550,LG,19,6877831600,101600,2657.79,,2026-09-09T22:27:47+09:00
2024-02-20,326030,SK바이오팜,20,6419050200,89000,2657.79,,2026-09-09T22:27:47+09:00
2024-02-21,052690,한전기술,1,33097139600,71500,2653.31,,2026-09-09T22:27:51+09:00
2024-02-21,005380,현대차,2,23353289000,239500,2653.31,,2026-09-09T22:27:51+09:00
2024-02-21,005935,삼성전자우,3,20868575200,63100,2653.31,,2026-09-09T22:27:51+09:00
2024-02-21,079550,LIG넥스원,4,17475727500,137600,2653.31,,2026-09-09T22:27:51+09:00
2024-02-21,034020,두산에너빌리티,5,15845920470,15970,2653.31,,2026-09-09T22:27:51+09:00
2024-02-21,267260,HD현대일렉트릭,6,13579356300,130400,2653.31,,2026-09-09T22:27:51+09:00
2024-02-21,000270,기아,7,11437452900,116800,2653.31,,2026-09-09T22:27:51+09:00
2024-02-21,373220,LG에너지솔루션,8,9370145000,407000,2653.31,,2026-09-09T22:27:51+09:00
2024-02-21,207940,삼성바이오로직스,9,9014153000,823000,2653.31,,2026-09-09T22:27:51+09:00
2024-02-21,005490,POSCO홀딩스,10,8237637000,438000,2653.31,,2026-09-09T22:27:51+09:00
2024-02-21,064350,현대로템,11,8082425750,29850,2653.31,,2026-09-09T22:27:51+09:00
2024-02-21,010140,삼성중공업,12,7883242520,7460,2653.31,,2026-09-09T22:27:51+09:00
2024-02-21,032830,삼성생명,13,7223076600,88300,2653.31,,2026-09-09T22:27:51+09:00
2024-02-21,047810,한국항공우주,14,6502987300,53200,2653.31,,2026-09-09T22:27:51+09:00
2024-02-21,003550,LG,15,6458778500,101000,2653.31,,2026-09-09T22:27:51+09:00
2024-02-21,000100,유한양행,16,6017288100,65800,2653.31,,2026-09-09T22:27:51+09:00
2024-02-21,002710,TCC스틸,17,5589334500,82200,2653.31,,2026-09-09T22:27:51+09:00
2024-02-21,011200,HMM,18,5383987670,19060,2653.31,,2026-09-09T22:27:51+09:00
2024-02-21,454910,두산로보틱스,19,4721903200,77500,2653.31,,2026-09-09T22:27:51+09:00
2024-02-21,450080,에코프로머티,20,4663059700,188100,2653.31,,2026-09-09T22:27:51+09:00
2024-02-22,000660,SK하이닉스,1,233408123300,156500,2664.27,,2026-09-09T22:27:56+09:00
2024-02-22,064350,현대로템,2,55489096400,34500,2664.27,,2026-09-09T22:27:56+09:00
2024-02-22,005380,현대차,3,31048831500,243500,2664.27,,2026-09-09T22:27:56+09:00
2024-02-22,005935,삼성전자우,4,26134110900,63200,2664.27,,2026-09-09T22:27:56+09:00
2024-02-22,402340,SK스퀘어,5,24293744300,72900,2664.27,,2026-09-09T22:27:56+09:00
2024-02-22,000270,기아,6,18798430800,119300,2664.27,,2026-09-09T22:27:56+09:00
2024-02-22,032830,삼성생명,7,13817049600,92100,2664.27,,2026-09-09T22:27:56+09:00
2024-02-22,066970,엘앤에프,8,11161348200,165500,2664.27,,2026-09-09T22:27:56+09:00
2024-02-22,103140,풍산,9,11129120050,42200,2664.27,,2026-09-09T22:27:56+09:00
2024-02-22,028260,삼성물산,10,10815344200,164100,2664.27,,2026-09-09T22:27:56+09:00
2024-02-22,047810,한국항공우주,11,10522320600,54000,2664.27,,2026-09-09T22:27:56+09:00
2024-02-22,007660,이수페타시스,12,10260887150,30850,2664.27,,2026-09-09T22:27:56+09:00
2024-02-22,450080,에코프로머티,13,9180740300,194900,2664.27,,2026-09-09T22:27:56+09:00
2024-02-22,373220,LG에너지솔루션,14,8561373000,408500,2664.27,,2026-09-09T22:27:56+09:00
2024-02-22,079550,LIG넥스원,15,7565250900,138000,2664.27,,2026-09-09T22:27:56+09:00
2024-02-22,267260,HD현대일렉트릭,16,7526744500,128300,2664.27,,2026-09-09T22:27:56+09:00
2024-02-22,454910,두산로보틱스,17,6662417000,81300,2664.27,,2026-09-09T22:27:56+09:00
2024-02-22,005385,현대차우,18,6604987700,157600,2664.27,,2026-09-09T22:27:56+09:00
2024-02-22,018260,삼성에스디에스,19,6545916500,170100,2664.27,,2026-09-09T22:27:56+09:00
2024-02-22,034020,두산에너빌리티,20,6308554720,16300,2664.27,,2026-09-09T22:27:56+09:00
2024-02-23,000660,SK하이닉스,1,214637760700,161400,2667.7,,2026-09-09T22:28:01+09:00
2024-02-23,138040,메리츠금융지주,2,24857332300,82600,2667.7,,2026-09-09T22:28:01+09:00
2024-02-23,028260,삼성물산,3,23435833400,160000,2667.7,,2026-09-09T22:28:01+09:00
2024-02-23,068270,셀트리온,4,18726074300,180000,2667.7,,2026-09-09T22:28:01+09:00
2024-02-23,032830,삼성생명,5,14969949200,95600,2667.7,,2026-09-09T22:28:01+09:00
2024-02-23,086790,하나금융지주,6,14272125000,58900,2667.7,,2026-09-09T22:28:01+09:00
2024-02-23,005935,삼성전자우,7,13512349300,63200,2667.7,,2026-09-09T22:28:01+09:00
2024-02-23,450080,에코프로머티,8,11900371000,202000,2667.7,,2026-09-09T22:28:01+09:00
2024-02-23,034730,SK,9,11525995500,204000,2667.7,,2026-09-09T22:28:01+09:00
2024-02-23,012330,현대모비스,10,10939597000,247000,2667.7,,2026-09-09T22:28:01+09:00
2024-02-23,005380,현대차,11,10892382500,244000,2667.7,,2026-09-09T22:28:01+09:00
2024-02-23,011200,HMM,12,10585900220,19060,2667.7,,2026-09-09T22:28:01+09:00
2024-02-23,003550,LG,13,9758161900,101500,2667.7,,2026-09-09T22:28:01+09:00
2024-02-23,022100,포스코DX,14,9117336300,57000,2667.7,,2026-09-09T22:28:01+09:00
2024-02-23,402340,SK스퀘어,15,9060862400,69300,2667.7,,2026-09-09T22:28:01+09:00
2024-02-23,373220,LG에너지솔루션,16,8814418000,402000,2667.7,,2026-09-09T22:28:01+09:00
2024-02-23,003670,포스코퓨처엠,17,7436085000,314500,2667.7,,2026-09-09T22:28:01+09:00
2024-02-23,326030,SK바이오팜,18,7178032500,92600,2667.7,,2026-09-09T22:28:01+09:00
2024-02-23,010950,S-Oil,19,6834176000,75100,2667.7,,2026-09-09T22:28:01+09:00
2024-02-23,047810,한국항공우주,20,6332513300,53500,2667.7,,2026-09-09T22:28:01+09:00
2024-02-26,005930,삼성전자,1,61256796500,72800,2647.08,,2026-09-09T22:28:09+09:00
2024-02-26,005380,현대차,2,29931697500,239000,2647.08,,2026-09-09T22:28:09+09:00
2024-02-26,012450,한화에어로스페이스,3,25466837900,166200,2647.08,,2026-09-09T22:28:09+09:00
2024-02-26,068270,셀트리온,4,20411609500,181500,2647.08,,2026-09-09T22:28:09+09:00
2024-02-26,032830,삼성생명,5,18735215600,92200,2647.08,,2026-09-09T22:28:09+09:00
2024-02-26,015760,한국전력,6,17708889050,24850,2647.08,,2026-09-09T22:28:09+09:00
2024-02-26,373220,LG에너지솔루션,7,15666428000,409500,2647.08,,2026-09-09T22:28:09+09:00
2024-02-26,003550,LG,8,13556484200,93900,2647.08,,2026-09-09T22:28:09+09:00
2024-02-26,207940,삼성바이오로직스,9,13155992000,810000,2647.08,,2026-09-09T22:28:09+09:00
2024-02-26,055550,신한지주,10,11854465450,41350,2647.08,,2026-09-09T22:28:09+09:00
2024-02-26,402340,SK스퀘어,11,11242726200,67300,2647.08,,2026-09-09T22:28:09+09:00
2024-02-26,267260,HD현대일렉트릭,12,10225717500,139300,2647.08,,2026-09-09T22:28:09+09:00
2024-02-26,035720,카카오,13,8908692800,57100,2647.08,,2026-09-09T22:28:09+09:00
2024-02-26,326030,SK바이오팜,14,8001826300,93100,2647.08,,2026-09-09T22:28:09+09:00
2024-02-26,047810,한국항공우주,15,7449548400,53100,2647.08,,2026-09-09T22:28:09+09:00
2024-02-26,323410,카카오뱅크,16,7223126150,30150,2647.08,,2026-09-09T22:28:09+09:00
2024-02-26,000880,한화,17,7189257400,28200,2647.08,,2026-09-09T22:28:09+09:00
2024-02-26,105560,KB금융,18,6954529500,62500,2647.08,,2026-09-09T22:28:09+09:00
2024-02-26,009830,한화솔루션,19,6500180550,26800,2647.08,,2026-09-09T22:28:09+09:00
2024-02-26,180640,한진칼,20,6472565200,73600,2647.08,,2026-09-09T22:28:09+09:00
2024-02-27,012450,한화에어로스페이스,1,73487233900,179100,2625.05,,2026-09-09T22:28:14+09:00
2024-02-27,068270,셀트리온,2,44591321300,190100,2625.05,,2026-09-09T22:28:14+09:00
2024-02-27,005930,삼성전자,3,32921049200,72900,2625.05,,2026-09-09T22:28:14+09:00
2024-02-27,005380,현대차,4,27711650000,238500,2625.05,,2026-09-09T22:28:14+09:00
2024-02-27,316140,우리금융지주,5,21494032770,14940,2625.05,,2026-09-09T22:28:14+09:00
2024-02-27,028260,삼성물산,6,17768921200,147400,2625.05,,2026-09-09T22:28:14+09:00
2024-02-27,450080,에코프로머티,7,13467069700,191000,2625.05,,2026-09-09T22:28:14+09:00
2024-02-27,010140,삼성중공업,8,11357114210,7670,2625.05,,2026-09-09T22:28:14+09:00
2024-02-27,079550,LIG넥스원,9,10324561900,137100,2625.05,,2026-09-09T22:28:14+09:00
2024-02-27,012510,더존비즈온,10,8888278550,47550,2625.05,,2026-09-09T22:28:14+09:00
2024-02-27,055550,신한지주,11,8362825450,42000,2625.05,,2026-09-09T22:28:14+09:00
2024-02-27,454910,두산로보틱스,12,7356334500,76300,2625.05,,2026-09-09T22:28:14+09:00
2024-02-27,329180,HD현대중공업,13,7067320500,114900,2625.05,,2026-09-09T22:28:14+09:00
2024-02-27,009150,삼성전기,14,7030473200,137100,2625.05,,2026-09-09T22:28:14+09:00
2024-02-27,180640,한진칼,15,6960168600,74000,2625.05,,2026-09-09T22:28:14+09:00
2024-02-27,402340,SK스퀘어,16,6039952400,65300,2625.05,,2026-09-09T22:28:14+09:00
2024-02-27,035720,카카오,17,5743463900,56800,2625.05,,2026-09-09T22:28:14+09:00
2024-02-27,030200,KT,18,5071588750,38100,2625.05,,2026-09-09T22:28:14+09:00
2024-02-27,003670,포스코퓨처엠,19,4982425000,309500,2625.05,,2026-09-09T22:28:14+09:00
2024-02-27,032830,삼성생명,20,4879860900,92100,2625.05,,2026-09-09T22:28:14+09:00
2024-02-28,000660,SK하이닉스,1,106321219700,158000,2652.29,,2026-09-09T22:28:18+09:00
2024-02-28,012450,한화에어로스페이스,2,72807782300,194500,2652.29,,2026-09-09T22:28:18+09:00
2024-02-28,005380,현대차,3,38442654000,248000,2652.29,,2026-09-09T22:28:18+09:00
2024-02-28,042700,한미반도체,4,35885254500,90100,2652.29,,2026-09-09T22:28:18+09:00
2024-02-28,005490,POSCO홀딩스,5,30305623500,437500,2652.29,,2026-09-09T22:28:18+09:00
2024-02-28,010140,삼성중공업,6,25502735280,8020,2652.29,,2026-09-09T22:28:18+09:00
2024-02-28,180640,한진칼,7,23095423000,70900,2652.29,,2026-09-09T22:28:18+09:00
2024-02-28,010950,S-Oil,8,19762472800,75800,2652.29,,2026-09-09T22:28:18+09:00
2024-02-28,457190,이수스페셜티케미컬,9,18249774000,358000,2652.29,,2026-09-09T22:28:18+09:00
2024-02-28,005930,삼성전자,10,17601919800,73200,2652.29,,2026-09-09T22:28:18+09:00
2024-02-28,278470,에이피알,11,15265330000,304000,2652.29,,2026-09-09T22:28:18+09:00
2024-02-28,000270,기아,12,12413711200,117700,2652.29,,2026-09-09T22:28:18+09:00
2024-02-28,032830,삼성생명,13,11399168700,102900,2652.29,,2026-09-09T22:28:18+09:00
2024-02-28,079550,LIG넥스원,14,11391198400,140100,2652.29,,2026-09-09T22:28:18+09:00
2024-02-28,009830,한화솔루션,15,10772452600,27950,2652.29,,2026-09-09T22:28:18+09:00
2024-02-28,005385,현대차우,16,8591242100,153600,2652.29,,2026-09-09T22:28:18+09:00
2024-02-28,007660,이수페타시스,17,8316159550,30600,2652.29,,2026-09-09T22:28:18+09:00
2024-02-28,294870,HDC현대산업개발,18,7922068020,20400,2652.29,,2026-09-09T22:28:18+09:00
2024-02-28,009150,삼성전기,19,7861769800,139300,2652.29,,2026-09-09T22:28:18+09:00
2024-02-28,316140,우리금융지주,20,7737416350,14520,2652.29,,2026-09-09T22:28:18+09:00
2024-02-29,000270,기아,1,118628722300,124500,2642.36,,2026-09-09T22:28:22+09:00
2024-02-29,005930,삼성전자,2,94553648100,73400,2642.36,,2026-09-09T22:28:22+09:00
2024-02-29,450080,에코프로머티,3,58740341800,193100,2642.36,,2026-09-09T22:28:22+09:00
2024-02-29,000660,SK하이닉스,4,39677214300,156200,2642.36,,2026-09-09T22:28:22+09:00
2024-02-29,005935,삼성전자우,5,38771516000,63600,2642.36,,2026-09-09T22:28:22+09:00
2024-02-29,055550,신한지주,6,37226393700,43550,2642.36,,2026-09-09T22:28:22+09:00
2024-02-29,005380,현대차,7,26033862000,250500,2642.36,,2026-09-09T22:28:22+09:00
2024-02-29,373220,LG에너지솔루션,8,23551275500,401500,2642.36,,2026-09-09T22:28:22+09:00
2024-02-29,079550,LIG넥스원,9,20081717400,143200,2642.36,,2026-09-09T22:28:22+09:00
2024-02-29,326030,SK바이오팜,10,19915581600,96900,2642.36,,2026-09-09T22:28:22+09:00
2024-02-29,180640,한진칼,11,19869291900,63200,2642.36,,2026-09-09T22:28:22+09:00
2024-02-29,005385,현대차우,12,17762654200,159500,2642.36,,2026-09-09T22:28:22+09:00
2024-02-29,005387,현대차2우B,13,16734609900,160700,2642.36,,2026-09-09T22:28:22+09:00
2024-02-29,003410,쌍용C&E,14,14155387600,6980,2642.36,,2026-09-09T22:28:22+09:00
2024-02-29,003490,대한항공,15,14094180250,23000,2642.36,,2026-09-09T22:28:22+09:00
2024-02-29,316140,우리금융지주,16,13091443310,14900,2642.36,,2026-09-09T22:28:22+09:00
2024-02-29,145720,덴티움,17,11556361300,144200,2642.36,,2026-09-09T22:28:22+09:00
2024-02-29,034730,SK,18,10335262900,191800,2642.36,,2026-09-09T22:28:22+09:00
2024-02-29,012450,한화에어로스페이스,19,9157031500,187500,2642.36,,2026-09-09T22:28:22+09:00
2024-02-29,009150,삼성전기,20,9104474500,140000,2642.36,,2026-09-09T22:28:22+09:00
2024-03-04,005930,삼성전자,1,241590929500,74900,2674.27,,2026-09-09T22:28:32+09:00
2024-03-04,000660,SK하이닉스,2,207067005300,166500,2674.27,,2026-09-09T22:28:32+09:00
2024-03-04,316140,우리금융지주,3,138780165190,14640,2674.27,,2026-09-09T22:28:32+09:00
2024-03-04,005380,현대차,4,110804919000,255500,2674.27,,2026-09-09T22:28:32+09:00
2024-03-04,105560,KB금융,5,71861770000,69000,2674.27,,2026-09-09T22:28:32+09:00
2024-03-04,005935,삼성전자우,6,48605666700,63800,2674.27,,2026-09-09T22:28:32+09:00
2024-03-04,007660,이수페타시스,7,40202745350,36700,2674.27,,2026-09-09T22:28:32+09:00
2024-03-04,005490,POSCO홀딩스,8,33974059500,458000,2674.27,,2026-09-09T22:28:32+09:00
2024-03-04,042700,한미반도체,9,33711161600,95400,2674.27,,2026-09-09T22:28:32+09:00
2024-03-04,028260,삼성물산,10,22800279900,163000,2674.27,,2026-09-09T22:28:32+09:00
2024-03-04,086790,하나금융지주,11,22593753500,60200,2674.27,,2026-09-09T22:28:32+09:00
2024-03-04,005387,현대차2우B,12,18861651200,169000,2674.27,,2026-09-09T22:28:32+09:00
2024-03-04,055550,신한지주,13,18566373800,44200,2674.27,,2026-09-09T22:28:32+09:00
2024-03-04,032830,삼성생명,14,14496636900,103900,2674.27,,2026-09-09T22:28:32+09:00
2024-03-04,454910,두산로보틱스,15,12472181400,78600,2674.27,,2026-09-09T22:28:32+09:00
2024-03-04,003670,포스코퓨처엠,16,12437416000,334500,2674.27,,2026-09-09T22:28:32+09:00
2024-03-04,079550,LIG넥스원,17,11435390200,144700,2674.27,,2026-09-09T22:28:32+09:00
2024-03-04,064350,현대로템,18,10590521550,32050,2674.27,,2026-09-09T22:28:32+09:00
2024-03-04,015760,한국전력,19,10339037050,24750,2674.27,,2026-09-09T22:28:32+09:00
2024-03-04,005385,현대차우,20,9562526400,166000,2674.27,,2026-09-09T22:28:32+09:00
2024-03-05,000660,SK하이닉스,1,75982896800,165800,2649.4,,2026-09-09T22:28:37+09:00
2024-03-05,105560,KB금융,2,49647297000,69500,2649.4,,2026-09-09T22:28:37+09:00
2024-03-05,079550,LIG넥스원,3,23857447500,152300,2649.4,,2026-09-09T22:28:37+09:00
2024-03-05,005930,삼성전자,4,23047026000,73700,2649.4,,2026-09-09T22:28:37+09:00
2024-03-05,007660,이수페타시스,5,12711257000,38500,2649.4,,2026-09-09T22:28:37+09:00
2024-03-05,001570,금양,6,11569860600,125300,2649.4,,2026-09-09T22:28:37+09:00
2024-03-05,034730,SK,7,11498663800,193000,2649.4,,2026-09-09T22:28:37+09:00
2024-03-05,450080,에코프로머티,8,10289882400,167500,2649.4,,2026-09-09T22:28:37+09:00
2024-03-05,012330,현대모비스,9,9834568500,253000,2649.4,,2026-09-09T22:28:37+09:00
2024-03-05,064350,현대로템,10,8930149300,31400,2649.4,,2026-09-09T22:28:37+09:00
2024-03-05,055550,신한지주,11,8881344350,44050,2649.4,,2026-09-09T22:28:37+09:00
2024-03-05,030200,KT,12,7462530650,38900,2649.4,,2026-09-09T22:28:37+09:00
2024-03-05,005935,삼성전자우,13,7184381900,63100,2649.4,,2026-09-09T22:28:37+09:00
2024-03-05,032830,삼성생명,14,6802745900,104500,2649.4,,2026-09-09T22:28:37+09:00
2024-03-05,028260,삼성물산,15,5814777200,165000,2649.4,,2026-09-09T22:28:37+09:00
2024-03-05,402340,SK스퀘어,16,5585340000,70700,2649.4,,2026-09-09T22:28:37+09:00
2024-03-05,005385,현대차우,17,5556774800,165000,2649.4,,2026-09-09T22:28:37+09:00
2024-03-05,028050,삼성엔지니어링,18,5072065900,25550,2649.4,,2026-09-09T22:28:37+09:00
2024-03-05,071050,한국금융지주,19,4762416700,74100,2649.4,,2026-09-09T22:28:37+09:00
2024-03-05,015760,한국전력,20,4725136950,24450,2649.4,,2026-09-09T22:28:37+09:00
2024-03-06,079550,LIG넥스원,1,41730379700,168500,2641.49,,2026-09-09T22:28:42+09:00
2024-03-06,055550,신한지주,2,31077543400,45600,2641.49,,2026-09-09T22:28:42+09:00
2024-03-06,005380,현대차,3,29670543500,251000,2641.49,,2026-09-09T22:28:42+09:00
2024-03-06,000270,기아,4,28739984800,127000,2641.49,,2026-09-09T22:28:42+09:00
2024-03-06,068270,셀트리온,5,26182592400,180600,2641.49,,2026-09-09T22:28:42+09:00
2024-03-06,012450,한화에어로스페이스,6,19509950600,204000,2641.49,,2026-09-09T22:28:42+09:00
2024-03-06,105560,KB금융,7,18932430300,69800,2641.49,,2026-09-09T22:28:42+09:00
2024-03-06,272210,한화시스템,8,17269538380,18450,2641.49,,2026-09-09T22:28:42+09:00
2024-03-06,454910,두산로보틱스,9,13879095500,80700,2641.49,,2026-09-09T22:28:42+09:00
2024-03-06,047810,한국항공우주,10,12347779000,53900,2641.49,,2026-09-09T22:28:42+09:00
2024-03-06,042700,한미반도체,11,8985387500,101400,2641.49,,2026-09-09T22:28:42+09:00
2024-03-06,028260,삼성물산,12,5749007800,163700,2641.49,,2026-09-09T22:28:42+09:00
2024-03-06,138040,메리츠금융지주,13,4899711300,79300,2641.49,,2026-09-09T22:28:42+09:00
2024-03-06,281820,케이씨텍,14,4508038250,47600,2641.49,,2026-09-09T22:28:42+09:00
2024-03-06,402340,SK스퀘어,15,4160153300,71400,2641.49,,2026-09-09T22:28:42+09:00
2024-03-06,267260,HD현대일렉트릭,16,4149718100,136000,2641.49,,2026-09-09T22:28:42+09:00
2024-03-06,267250,HD현대,17,3309646600,68400,2641.49,,2026-09-09T22:28:42+09:00
2024-03-06,012510,더존비즈온,18,3168265900,44750,2641.49,,2026-09-09T22:28:42+09:00
2024-03-06,011780,금호석유,19,2915643700,144400,2641.49,,2026-09-09T22:28:42+09:00
2024-03-06,033780,KT&G,20,2820451100,91900,2641.49,,2026-09-09T22:28:42+09:00
2024-03-07,006400,삼성SDI,1,59721821000,412000,2647.62,,2026-09-09T22:28:47+09:00
2024-03-07,000660,SK하이닉스,2,58994791600,164900,2647.62,,2026-09-09T22:28:47+09:00
2024-03-07,005380,현대차,3,44473767000,250000,2647.62,,2026-09-09T22:28:47+09:00
2024-03-07,105560,KB금융,4,21508097200,71200,2647.62,,2026-09-09T22:28:47+09:00
2024-03-07,079550,LIG넥스원,5,20605557000,177600,2647.62,,2026-09-09T22:28:47+09:00
2024-03-07,000150,두산,6,17403245200,107900,2647.62,,2026-09-09T22:28:47+09:00
2024-03-07,373220,LG에너지솔루션,7,16796937500,399500,2647.62,,2026-09-09T22:28:47+09:00
2024-03-07,005935,삼성전자우,8,15019426100,62500,2647.62,,2026-09-09T22:28:47+09:00
2024-03-07,207940,삼성바이오로직스,9,9189020000,796000,2647.62,,2026-09-09T22:28:47+09:00
2024-03-07,012510,더존비즈온,10,8662896200,42800,2647.62,,2026-09-09T22:28:47+09:00
2024-03-07,457190,이수스페셜티케미컬,11,8367031500,344500,2647.62,,2026-09-09T22:28:47+09:00
2024-03-07,007660,이수페타시스,12,7723895800,38100,2647.62,,2026-09-09T22:28:47+09:00
2024-03-07,011070,LG이노텍,13,7634036000,189100,2647.62,,2026-09-09T22:28:47+09:00
2024-03-07,323410,카카오뱅크,14,6934729250,28700,2647.62,,2026-09-09T22:28:47+09:00
2024-03-07,096770,SK이노베이션,15,6641743100,118800,2647.62,,2026-09-09T22:28:47+09:00
2024-03-07,015760,한국전력,16,5513383550,24200,2647.62,,2026-09-09T22:28:47+09:00
2024-03-07,047050,포스코인터내셔널,17,4756708700,55200,2647.62,,2026-09-09T22:28:47+09:00
2024-03-07,281820,케이씨텍,18,4730757900,46750,2647.62,,2026-09-09T22:28:47+09:00
2024-03-07,028260,삼성물산,19,4416267500,164500,2647.62,,2026-09-09T22:28:47+09:00
2024-03-07,005385,현대차우,20,4019083400,159300,2647.62,,2026-09-09T22:28:47+09:00
2024-03-08,000660,SK하이닉스,1,223785894700,171900,2680.35,,2026-09-09T22:28:51+09:00
2024-03-08,207940,삼성바이오로직스,2,45597549000,838000,2680.35,,2026-09-09T22:28:51+09:00
2024-03-08,005380,현대차,3,39994419000,253000,2680.35,,2026-09-09T22:28:51+09:00
2024-03-08,028260,삼성물산,4,17982854300,168200,2680.35,,2026-09-09T22:28:51+09:00
2024-03-08,068270,셀트리온,5,16839734400,180300,2680.35,,2026-09-09T22:28:51+09:00
2024-03-08,454910,두산로보틱스,6,15610553400,82400,2680.35,,2026-09-09T22:28:51+09:00
2024-03-08,015760,한국전력,7,15069816250,24000,2680.35,,2026-09-09T22:28:51+09:00
2024-03-08,079550,LIG넥스원,8,10916212300,183300,2680.35,,2026-09-09T22:28:51+09:00
2024-03-08,003670,포스코퓨처엠,9,9899009000,320500,2680.35,,2026-09-09T22:28:51+09:00
2024-03-08,033780,KT&G,10,9613479100,93900,2680.35,,2026-09-09T22:28:51+09:00
2024-03-08,402340,SK스퀘어,11,8663239000,75000,2680.35,,2026-09-09T22:28:51+09:00
2024-03-08,005935,삼성전자우,12,7820894900,63000,2680.35,,2026-09-09T22:28:51+09:00
2024-03-08,000150,두산,13,6518433100,111200,2680.35,,2026-09-09T22:28:51+09:00
2024-03-08,128940,한미약품,14,6255681500,334000,2680.35,,2026-09-09T22:28:51+09:00
2024-03-08,005385,현대차우,15,6111266600,161500,2680.35,,2026-09-09T22:28:51+09:00
2024-03-08,001570,금양,16,6029625100,127700,2680.35,,2026-09-09T22:28:51+09:00
2024-03-08,457190,이수스페셜티케미컬,17,6007097000,376000,2680.35,,2026-09-09T22:28:51+09:00
2024-03-08,017670,SK텔레콤,18,5200450700,52500,2680.35,,2026-09-09T22:28:51+09:00
2024-03-08,000720,현대건설,19,4738370750,34100,2680.35,,2026-09-09T22:28:51+09:00
2024-03-08,022100,포스코DX,20,4718632600,53300,2680.35,,2026-09-09T22:28:51+09:00
2024-03-11,034020,두산에너빌리티,1,37464053800,16720,2659.84,,2026-09-09T22:28:59+09:00
2024-03-11,454910,두산로보틱스,2,31077754600,89000,2659.84,,2026-09-09T22:28:59+09:00
2024-03-11,010140,삼성중공업,3,17018283440,8020,2659.84,,2026-09-09T22:28:59+09:00
2024-03-11,079550,LIG넥스원,4,16783615200,177700,2659.84,,2026-09-09T22:28:59+09:00
2024-03-11,042700,한미반도체,5,16197715900,97400,2659.84,,2026-09-09T22:28:59+09:00
2024-03-11,028260,삼성물산,6,15311428000,168100,2659.84,,2026-09-09T22:28:59+09:00
2024-03-11,011070,LG이노텍,7,12240990000,194900,2659.84,,2026-09-09T22:28:59+09:00
2024-03-11,028050,삼성엔지니어링,8,11850939950,26750,2659.84,,2026-09-09T22:28:59+09:00
2024-03-11,012330,현대모비스,9,11356475000,250000,2659.84,,2026-09-09T22:28:59+09:00
2024-03-11,066970,엘앤에프,10,11096088600,159400,2659.84,,2026-09-09T22:28:59+09:00
2024-03-11,042660,한화오션,11,10235727400,24450,2659.84,,2026-09-09T22:28:59+09:00
2024-03-11,267260,HD현대일렉트릭,12,9001484600,132000,2659.84,,2026-09-09T22:28:59+09:00
2024-03-11,005380,현대차,13,7217088000,243500,2659.84,,2026-09-09T22:28:59+09:00
2024-03-11,316140,우리금융지주,14,6483928130,14250,2659.84,,2026-09-09T22:28:59+09:00
2024-03-11,035720,카카오,15,5550861100,54600,2659.84,,2026-09-09T22:28:59+09:00
2024-03-11,005385,현대차우,16,5204288100,156400,2659.84,,2026-09-09T22:28:59+09:00
2024-03-11,011780,금호석유,17,5083016600,136700,2659.84,,2026-09-09T22:28:59+09:00
2024-03-11,003160,디아이,18,5005503550,10400,2659.84,,2026-09-09T22:28:59+09:00
2024-03-11,022100,포스코DX,19,4675646400,54100,2659.84,,2026-09-09T22:28:59+09:00
2024-03-11,326030,SK바이오팜,20,4332999500,95100,2659.84,,2026-09-09T22:28:59+09:00
2024-03-12,105560,KB금융,1,45530196800,73200,2681.81,,2026-09-09T22:29:03+09:00
2024-03-12,373220,LG에너지솔루션,2,23760769500,419500,2681.81,,2026-09-09T22:29:03+09:00
2024-03-12,003620,KG모빌리티,3,20712205700,8040,2681.81,,2026-09-09T22:29:03+09:00
2024-03-12,005380,현대차,4,20499753000,241500,2681.81,,2026-09-09T22:29:03+09:00
2024-03-12,068270,셀트리온,5,18187757400,181700,2681.81,,2026-09-09T22:29:03+09:00
2024-03-12,012450,한화에어로스페이스,6,18066638400,185300,2681.81,,2026-09-09T22:29:03+09:00
2024-03-12,003670,포스코퓨처엠,7,18050713000,336000,2681.81,,2026-09-09T22:29:03+09:00
2024-03-12,001570,금양,8,13735122100,126600,2681.81,,2026-09-09T22:29:03+09:00
2024-03-12,047050,포스코인터내셔널,9,13208737300,60800,2681.81,,2026-09-09T22:29:03+09:00
2024-03-12,005490,POSCO홀딩스,10,12737618500,450000,2681.81,,2026-09-09T22:29:03+09:00
2024-03-12,028260,삼성물산,11,11822855600,163000,2681.81,,2026-09-09T22:29:03+09:00
2024-03-12,079550,LIG넥스원,12,11055539900,172500,2681.81,,2026-09-09T22:29:03+09:00
2024-03-12,005935,삼성전자우,13,10557226100,62800,2681.81,,2026-09-09T22:29:03+09:00
2024-03-12,361610,SK아이이테크놀로지,14,7605884100,74600,2681.81,,2026-09-09T22:29:03+09:00
2024-03-12,005387,현대차2우B,15,7354111700,157200,2681.81,,2026-09-09T22:29:03+09:00
2024-03-12,022100,포스코DX,16,7177398000,55300,2681.81,,2026-09-09T22:29:03+09:00
2024-03-12,066570,LG전자,17,5964959300,97800,2681.81,,2026-09-09T22:29:03+09:00
2024-03-12,032830,삼성생명,18,5894468400,97500,2681.81,,2026-09-09T22:29:03+09:00
2024-03-12,024110,기업은행,19,5705819150,14720,2681.81,,2026-09-09T22:29:03+09:00
2024-03-12,281820,케이씨텍,20,5250560750,44300,2681.81,,2026-09-09T22:29:03+09:00
2024-03-13,005930,삼성전자,1,244738165000,74100,2693.57,,2026-09-09T22:29:08+09:00
2024-03-13,005380,현대차,2,76500993500,248500,2693.57,,2026-09-09T22:29:08+09:00
2024-03-13,105560,KB금융,3,70941093100,77500,2693.57,,2026-09-09T22:29:08+09:00
2024-03-13,267260,HD현대일렉트릭,4,32352849300,147000,2693.57,,2026-09-09T22:29:08+09:00
2024-03-13,005935,삼성전자우,5,30171009700,63300,2693.57,,2026-09-09T22:29:08+09:00
2024-03-13,034020,두산에너빌리티,6,18119442500,17480,2693.57,,2026-09-09T22:29:08+09:00
2024-03-13,066970,엘앤에프,7,16401930500,174400,2693.57,,2026-09-09T22:29:08+09:00
2024-03-13,278470,에이피알,8,15304640000,287000,2693.57,,2026-09-09T22:29:08+09:00
2024-03-13,028260,삼성물산,9,12699868800,165700,2693.57,,2026-09-09T22:29:08+09:00
2024-03-13,316140,우리금융지주,10,12372912280,14600,2693.57,,2026-09-09T22:29:08+09:00
2024-03-13,055550,신한지주,11,10331178850,47600,2693.57,,2026-09-09T22:29:08+09:00
2024-03-13,022100,포스코DX,12,9918852600,56900,2693.57,,2026-09-09T22:29:08+09:00
2024-03-13,267270,HD현대건설기계,13,9765481500,55800,2693.57,,2026-09-09T22:29:08+09:00
2024-03-13,207940,삼성바이오로직스,14,7570115000,828000,2693.57,,2026-09-09T22:29:08+09:00
2024-03-13,005940,NH투자증권,15,6065252470,12840,2693.57,,2026-09-09T22:29:08+09:00
2024-03-13,012330,현대모비스,16,5980873500,253500,2693.57,,2026-09-09T22:29:08+09:00
2024-03-13,033780,KT&G,17,5957056600,94000,2693.57,,2026-09-09T22:29:08+09:00
2024-03-13,267250,HD현대,18,5118050700,65900,2693.57,,2026-09-09T22:29:08+09:00
2024-03-13,005387,현대차2우B,19,5004109200,161000,2693.57,,2026-09-09T22:29:08+09:00
2024-03-13,042670,HD현대인프라코어,20,4974133130,8320,2693.57,,2026-09-09T22:29:08+09:00
2024-03-14,010140,삼성중공업,1,80752431620,9010,2718.76,,2026-09-09T22:29:12+09:00
2024-03-14,009150,삼성전기,2,56823419200,144500,2718.76,,2026-09-09T22:29:12+09:00
2024-03-14,012330,현대모비스,3,47426338500,265000,2718.76,,2026-09-09T22:29:12+09:00
2024-03-14,028260,삼성물산,4,45564479500,170800,2718.76,,2026-09-09T22:29:12+09:00
2024-03-14,005935,삼성전자우,5,41757090200,63700,2718.76,,2026-09-09T22:29:12+09:00
2024-03-14,005380,현대차,6,41484989000,251500,2718.76,,2026-09-09T22:29:12+09:00
2024-03-14,316140,우리금융지주,7,40315603710,15160,2718.76,,2026-09-09T22:29:12+09:00
2024-03-14,267260,HD현대일렉트릭,8,38010453200,156300,2718.76,,2026-09-09T22:29:12+09:00
2024-03-14,055550,신한지주,9,36656178100,51500,2718.76,,2026-09-09T22:29:12+09:00
2024-03-14,010950,S-Oil,10,35181453500,77900,2718.76,,2026-09-09T22:29:12+09:00
2024-03-14,034020,두산에너빌리티,11,31135425690,18230,2718.76,,2026-09-09T22:29:12+09:00
2024-03-14,066570,LG전자,12,27842921100,99300,2718.76,,2026-09-09T22:29:12+09:00
2024-03-14,035720,카카오,13,26893882800,54900,2718.76,,2026-09-09T22:29:12+09:00
2024-03-14,015760,한국전력,14,25965809300,24800,2718.76,,2026-09-09T22:29:12+09:00
2024-03-14,003670,포스코퓨처엠,15,24783370000,323500,2718.76,,2026-09-09T22:29:12+09:00
2024-03-14,042660,한화오션,16,18441498550,27000,2718.76,,2026-09-09T22:29:12+09:00
2024-03-14,329180,HD현대중공업,17,18069595000,119800,2718.76,,2026-09-09T22:29:12+09:00
2024-03-14,001570,금양,18,17751924500,125800,2718.76,,2026-09-09T22:29:12+09:00
2024-03-14,033780,KT&G,19,15202410000,95200,2718.76,,2026-09-09T22:29:12+09:00
2024-03-14,009540,HD한국조선해양,20,14210642000,118500,2718.76,,2026-09-09T22:29:12+09:00
2024-03-15,012330,현대모비스,1,43056231000,269000,2666.84,,2026-09-09T22:29:16+09:00
2024-03-15,000150,두산,2,17880108600,145000,2666.84,,2026-09-09T22:29:16+09:00
2024-03-15,009540,HD한국조선해양,3,15855857900,123800,2666.84,,2026-09-09T22:29:16+09:00
2024-03-15,278470,에이피알,4,15426885500,300500,2666.84,,2026-09-09T22:29:16+09:00
2024-03-15,009150,삼성전기,5,12136855300,145600,2666.84,,2026-09-09T22:29:16+09:00
2024-03-15,010950,S-Oil,6,9102110900,79300,2666.84,,2026-09-09T22:29:16+09:00
2024-03-15,267260,HD현대일렉트릭,7,8515951200,148000,2666.84,,2026-09-09T22:29:16+09:00
2024-03-15,066570,LG전자,8,8224229100,98900,2666.84,,2026-09-09T22:29:16+09:00
2024-03-15,000720,현대건설,9,7385510650,34500,2666.84,,2026-09-09T22:29:16+09:00
2024-03-15,457190,이수스페셜티케미컬,10,6573254000,342500,2666.84,,2026-09-09T22:29:16+09:00
2024-03-15,293940,신한알파리츠,11,6145814990,7030,2666.84,,2026-09-09T22:29:16+09:00
2024-03-15,005385,현대차우,12,5662984500,158000,2666.84,,2026-09-09T22:29:16+09:00
2024-03-15,001470,삼부토건,13,4812035380,2690,2666.84,,2026-09-09T22:29:16+09:00
2024-03-15,207940,삼성바이오로직스,14,4158490000,826000,2666.84,,2026-09-09T22:29:16+09:00
2024-03-15,010140,삼성중공업,15,3709934340,8850,2666.84,,2026-09-09T22:29:16+09:00
2024-03-15,034730,SK,16,3325400300,187300,2666.84,,2026-09-09T22:29:16+09:00
2024-03-15,298040,효성중공업,17,3053364500,229500,2666.84,,2026-09-09T22:29:16+09:00
2024-03-15,011780,금호석유,18,2736477300,139700,2666.84,,2026-09-09T22:29:16+09:00
2024-03-15,007660,이수페타시스,19,2679242600,33450,2666.84,,2026-09-09T22:29:16+09:00
2024-03-15,086280,현대글로비스,20,2563484700,189200,2666.84,,2026-09-09T22:29:16+09:00
2024-03-18,007660,이수페타시스,1,37240356450,37650,2685.84,,2026-09-09T22:29:24+09:00
2024-03-18,066970,엘앤에프,2,29492085200,176400,2685.84,,2026-09-09T22:29:24+09:00
2024-03-18,207940,삼성바이오로직스,3,28777806000,859000,2685.84,,2026-09-09T22:29:24+09:00
2024-03-18,457190,이수스페셜티케미컬,4,28508186500,402000,2685.84,,2026-09-09T22:29:24+09:00
2024-03-18,028260,삼성물산,5,27253236200,152200,2685.84,,2026-09-09T22:29:24+09:00
2024-03-18,001570,금양,6,26498999100,130100,2685.84,,2026-09-09T22:29:24+09:00
2024-03-18,005380,현대차,7,24306362000,242500,2685.84,,2026-09-09T22:29:24+09:00
2024-03-18,267260,HD현대일렉트릭,8,18061674400,154600,2685.84,,2026-09-09T22:29:24+09:00
2024-03-18,068270,셀트리온,9,17853063900,182500,2685.84,,2026-09-09T22:29:24+09:00
2024-03-18,373220,LG에너지솔루션,10,11494732500,407500,2685.84,,2026-09-09T22:29:24+09:00
2024-03-18,011790,SKC,11,11048119400,121800,2685.84,,2026-09-09T22:29:24+09:00
2024-03-18,012330,현대모비스,12,10044047500,268000,2685.84,,2026-09-09T22:29:24+09:00
2024-03-18,454910,두산로보틱스,13,9953666300,93000,2685.84,,2026-09-09T22:29:24+09:00
2024-03-18,000150,두산,14,9240859900,162000,2685.84,,2026-09-09T22:29:24+09:00
2024-03-18,329180,HD현대중공업,15,7774250300,123100,2685.84,,2026-09-09T22:29:24+09:00
2024-03-18,103590,일진전기,16,7172573920,17200,2685.84,,2026-09-09T22:29:24+09:00
2024-03-18,361610,SK아이이테크놀로지,17,6507756900,75600,2685.84,,2026-09-09T22:29:24+09:00
2024-03-18,128940,한미약품,18,5481483000,327000,2685.84,,2026-09-09T22:29:24+09:00
2024-03-18,003670,포스코퓨처엠,19,5305312000,322000,2685.84,,2026-09-09T22:29:24+09:00
2024-03-18,006260,LS,20,5202347800,110600,2685.84,,2026-09-09T22:29:24+09:00
2024-03-19,005930,삼성전자,1,39021487600,72800,2656.17,,2026-09-09T22:29:29+09:00
2024-03-19,005380,현대차,2,34822281000,237500,2656.17,,2026-09-09T22:29:29+09:00
2024-03-19,068270,셀트리온,3,30064680200,184400,2656.17,,2026-09-09T22:29:29+09:00
2024-03-19,028260,삼성물산,4,15070681500,150000,2656.17,,2026-09-09T22:29:29+09:00
2024-03-19,012450,한화에어로스페이스,5,12192014400,190500,2656.17,,2026-09-09T22:29:29+09:00
2024-03-19,006400,삼성SDI,6,9592694500,451000,2656.17,,2026-09-09T22:29:29+09:00
2024-03-19,012330,현대모비스,7,9112249500,253500,2656.17,,2026-09-09T22:29:29+09:00
2024-03-19,015760,한국전력,8,7211607400,22400,2656.17,,2026-09-09T22:29:29+09:00
2024-03-19,402340,SK스퀘어,9,6956405200,68700,2656.17,,2026-09-09T22:29:29+09:00
2024-03-19,011790,SKC,10,6660133800,123800,2656.17,,2026-09-09T22:29:29+09:00
2024-03-19,066570,LG전자,11,6470756300,96200,2656.17,,2026-09-09T22:29:29+09:00
2024-03-19,032830,삼성생명,12,6293063000,93500,2656.17,,2026-09-09T22:29:29+09:00
2024-03-19,207940,삼성바이오로직스,13,6129678000,848000,2656.17,,2026-09-09T22:29:29+09:00
2024-03-19,259960,크래프톤,14,5794387000,237000,2656.17,,2026-09-09T22:29:29+09:00
2024-03-19,055550,신한지주,15,5489126050,47850,2656.17,,2026-09-09T22:29:29+09:00
2024-03-19,005385,현대차우,16,5370554300,150600,2656.17,,2026-09-09T22:29:29+09:00
2024-03-19,009150,삼성전기,17,4462662900,147500,2656.17,,2026-09-09T22:29:29+09:00
2024-03-19,267260,HD현대일렉트릭,18,4144327500,149100,2656.17,,2026-09-09T22:29:29+09:00
2024-03-19,069620,대웅제약,19,4007590100,123600,2656.17,,2026-09-09T22:29:29+09:00
2024-03-19,011780,금호석유,20,3691420900,140500,2656.17,,2026-09-09T22:29:29+09:00
2024-03-20,005930,삼성전자,1,914838027200,76900,2690.14,,2026-09-09T22:29:33+09:00
2024-03-20,005380,현대차,2,37668712500,241000,2690.14,,2026-09-09T22:29:33+09:00
2024-03-20,005935,삼성전자우,3,31063499700,63800,2690.14,,2026-09-09T22:29:33+09:00
2024-03-20,028260,삼성물산,4,22044576000,156200,2690.14,,2026-09-09T22:29:33+09:00
2024-03-20,105560,KB금융,5,17160800500,73800,2690.14,,2026-09-09T22:29:33+09:00
2024-03-20,032830,삼성생명,6,11347798200,95800,2690.14,,2026-09-09T22:29:33+09:00
2024-03-20,077970,STX엔진,7,9664322080,13800,2690.14,,2026-09-09T22:29:33+09:00
2024-03-20,034020,두산에너빌리티,8,7808211380,17740,2690.14,,2026-09-09T22:29:33+09:00
2024-03-20,267260,HD현대일렉트릭,9,7064496500,149700,2690.14,,2026-09-09T22:29:33+09:00
2024-03-20,010140,삼성중공업,10,6868100300,8810,2690.14,,2026-09-09T22:29:33+09:00
2024-03-20,055550,신한지주,11,6730755900,48800,2690.14,,2026-09-09T22:29:33+09:00
2024-03-20,015760,한국전력,12,6656226850,22300,2690.14,,2026-09-09T22:29:33+09:00
2024-03-20,086790,하나금융지주,13,5502347300,62000,2690.14,,2026-09-09T22:29:33+09:00
2024-03-20,000810,삼성화재,14,5219832000,315500,2690.14,,2026-09-09T22:29:33+09:00
2024-03-20,064350,현대로템,15,5217115400,31400,2690.14,,2026-09-09T22:29:33+09:00
2024-03-20,009540,HD한국조선해양,16,4524011900,127600,2690.14,,2026-09-09T22:29:33+09:00
2024-03-20,000150,두산,17,4460915100,145800,2690.14,,2026-09-09T22:29:33+09:00
2024-03-20,000270,기아,18,3665239200,115700,2690.14,,2026-09-09T22:29:33+09:00
2024-03-20,042700,한미반도체,19,3342015100,93100,2690.14,,2026-09-09T22:29:33+09:00
2024-03-20,241560,두산밥캣,20,3333818000,53200,2690.14,,2026-09-09T22:29:33+09:00
2024-03-21,005930,삼성전자,1,1065035655600,79300,2754.86,,2026-09-09T22:29:37+09:00
2024-03-21,000660,SK하이닉스,2,393641579100,170000,2754.86,,2026-09-09T22:29:37+09:00
2024-03-21,005935,삼성전자우,3,143572720400,65800,2754.86,,2026-09-09T22:29:37+09:00
2024-03-21,005380,현대차,4,114428754000,252000,2754.86,,2026-09-09T22:29:37+09:00
2024-03-21,028260,삼성물산,5,31809296900,165000,2754.86,,2026-09-09T22:29:37+09:00
2024-03-21,066570,LG전자,6,23950777500,99200,2754.86,,2026-09-09T22:29:37+09:00
2024-03-21,068270,셀트리온,7,23175576900,185800,2754.86,,2026-09-09T22:29:37+09:00
2024-03-21,402340,SK스퀘어,8,18234002300,77000,2754.86,,2026-09-09T22:29:37+09:00
2024-03-21,267260,HD현대일렉트릭,9,17876120400,162600,2754.86,,2026-09-09T22:29:37+09:00
2024-03-21,000810,삼성화재,10,15289231000,343000,2754.86,,2026-09-09T22:29:37+09:00
2024-03-21,316140,우리금융지주,11,15004149440,15290,2754.86,,2026-09-09T22:29:37+09:00
2024-03-21,103590,일진전기,12,14016790330,18600,2754.86,,2026-09-09T22:29:37+09:00
2024-03-21,034020,두산에너빌리티,13,13748468330,18070,2754.86,,2026-09-09T22:29:37+09:00
2024-03-21,032830,삼성생명,14,13183756900,97400,2754.86,,2026-09-09T22:29:37+09:00
2024-03-21,005387,현대차2우B,15,10691935500,162700,2754.86,,2026-09-09T22:29:37+09:00
2024-03-21,001040,CJ,16,10526256000,119200,2754.86,,2026-09-09T22:29:37+09:00
2024-03-21,005385,현대차우,17,10376757300,162200,2754.86,,2026-09-09T22:29:37+09:00
2024-03-21,105560,KB금융,18,9833948100,76100,2754.86,,2026-09-09T22:29:37+09:00
2024-03-21,003670,포스코퓨처엠,19,9564457500,318500,2754.86,,2026-09-09T22:29:37+09:00
2024-03-21,373220,LG에너지솔루션,20,8603469500,413500,2754.86,,2026-09-09T22:29:37+09:00
2024-03-22,005930,삼성전자,1,349331531500,78900,2748.56,,2026-09-09T22:29:42+09:00
2024-03-22,005935,삼성전자우,2,108021414800,66700,2748.56,,2026-09-09T22:29:42+09:00
2024-03-22,000660,SK하이닉스,3,105285978400,169800,2748.56,,2026-09-09T22:29:42+09:00
2024-03-22,006400,삼성SDI,4,45976180000,472500,2748.56,,2026-09-09T22:29:42+09:00
2024-03-22,012450,한화에어로스페이스,5,45660618300,202000,2748.56,,2026-09-09T22:29:42+09:00
2024-03-22,068270,셀트리온,6,16488302700,188200,2748.56,,2026-09-09T22:29:42+09:00
2024-03-22,066970,엘앤에프,7,13232683600,186100,2748.56,,2026-09-09T22:29:42+09:00
2024-03-22,010140,삼성중공업,8,12835564140,9080,2748.56,,2026-09-09T22:29:42+09:00
2024-03-22,032830,삼성생명,9,12155177300,97900,2748.56,,2026-09-09T22:29:42+09:00
2024-03-22,066570,LG전자,10,11929858700,99400,2748.56,,2026-09-09T22:29:42+09:00
2024-03-22,028260,삼성물산,11,10900183100,160000,2748.56,,2026-09-09T22:29:42+09:00
2024-03-22,086790,하나금융지주,12,9148575000,64000,2748.56,,2026-09-09T22:29:42+09:00
2024-03-22,064350,현대로템,13,8486979350,32400,2748.56,,2026-09-09T22:29:42+09:00
2024-03-22,096770,SK이노베이션,14,7155648400,120000,2748.56,,2026-09-09T22:29:42+09:00
2024-03-22,007660,이수페타시스,15,6916495700,37650,2748.56,,2026-09-09T22:29:42+09:00
2024-03-22,030200,KT,16,6769734150,38750,2748.56,,2026-09-09T22:29:42+09:00
2024-03-22,402340,SK스퀘어,17,6558611100,80000,2748.56,,2026-09-09T22:29:42+09:00
2024-03-22,005385,현대차우,18,5703719800,158700,2748.56,,2026-09-09T22:29:42+09:00
2024-03-22,012330,현대모비스,19,5211429500,262000,2748.56,,2026-09-09T22:29:42+09:00
2024-03-22,034020,두산에너빌리티,20,5124063280,17890,2748.56,,2026-09-09T22:29:42+09:00
2024-03-25,005930,삼성전자,1,80448036000,78200,2737.57,,2026-09-09T22:29:55+09:00
2024-03-25,015760,한국전력,2,17453739850,22350,2737.57,,2026-09-09T22:29:55+09:00
2024-03-25,352820,하이브,3,16650866900,207000,2737.57,,2026-09-09T22:29:55+09:00
2024-03-25,051910,LG화학,4,14045819000,460500,2737.57,,2026-09-09T22:29:55+09:00
2024-03-25,028260,삼성물산,5,11999683800,158500,2737.57,,2026-09-09T22:29:55+09:00
2024-03-25,055550,신한지주,6,11116498900,50600,2737.57,,2026-09-09T22:29:55+09:00
2024-03-25,086790,하나금융지주,7,10841050300,62600,2737.57,,2026-09-09T22:29:55+09:00
2024-03-25,267260,HD현대일렉트릭,8,9477112800,169500,2737.57,,2026-09-09T22:29:55+09:00
2024-03-25,006400,삼성SDI,9,8357553000,486000,2737.57,,2026-09-09T22:29:55+09:00
2024-03-25,128940,한미약품,10,8198244500,347000,2737.57,,2026-09-09T22:29:55+09:00
2024-03-25,003670,포스코퓨처엠,11,7909498000,320500,2737.57,,2026-09-09T22:29:55+09:00
2024-03-25,003580,HLB글로벌,12,6728882100,8110,2737.57,,2026-09-09T22:29:55+09:00
2024-03-25,035720,카카오,13,6463673900,53800,2737.57,,2026-09-09T22:29:55+09:00
2024-03-25,009150,삼성전기,14,5995124300,145000,2737.57,,2026-09-09T22:29:55+09:00
2024-03-25,042700,한미반도체,15,5686795300,97400,2737.57,,2026-09-09T22:29:55+09:00
2024-03-25,207940,삼성바이오로직스,16,5330125000,840000,2737.57,,2026-09-09T22:29:55+09:00
2024-03-25,003230,삼양식품,17,5163654800,206500,2737.57,,2026-09-09T22:29:55+09:00
2024-03-25,005830,DB손해보험,18,4915794000,104500,2737.57,,2026-09-09T22:29:55+09:00
2024-03-25,010130,고려아연,19,4876031000,456000,2737.57,,2026-09-09T22:29:55+09:00
2024-03-25,009540,HD한국조선해양,20,4424560200,124400,2737.57,,2026-09-09T22:29:55+09:00
2024-03-26,005930,삼성전자,1,474918317800,79900,2757.09,,2026-09-09T22:30:02+09:00
2024-03-26,000660,SK하이닉스,2,123203657000,176600,2757.09,,2026-09-09T22:30:02+09:00
2024-03-26,042700,한미반도체,3,84487212000,112500,2757.09,,2026-09-09T22:30:02+09:00
2024-03-26,012450,한화에어로스페이스,4,48843791000,216000,2757.09,,2026-09-09T22:30:02+09:00
2024-03-26,267260,HD현대일렉트릭,5,18302725400,184000,2757.09,,2026-09-09T22:30:02+09:00
2024-03-26,000270,기아,6,16957383900,114400,2757.09,,2026-09-09T22:30:02+09:00
2024-03-26,079550,LIG넥스원,7,14067540600,177300,2757.09,,2026-09-09T22:30:02+09:00
2024-03-26,011780,금호석유,8,14008095200,148400,2757.09,,2026-09-09T22:30:02+09:00
2024-03-26,105560,KB금융,9,13930624700,71800,2757.09,,2026-09-09T22:30:02+09:00
2024-03-26,015760,한국전력,10,12125667950,22100,2757.09,,2026-09-09T22:30:02+09:00
2024-03-26,005935,삼성전자우,11,10453302400,66600,2757.09,,2026-09-09T22:30:02+09:00
2024-03-26,323410,카카오뱅크,12,9882737600,28850,2757.09,,2026-09-09T22:30:02+09:00
2024-03-26,064350,현대로템,13,9747766700,33200,2757.09,,2026-09-09T22:30:02+09:00
2024-03-26,028260,삼성물산,14,9611405400,160100,2757.09,,2026-09-09T22:30:02+09:00
2024-03-26,090430,아모레퍼시픽,15,9210113500,122400,2757.09,,2026-09-09T22:30:02+09:00
2024-03-26,007660,이수페타시스,16,7717479400,39150,2757.09,,2026-09-09T22:30:02+09:00
2024-03-26,010950,S-Oil,17,7540632500,79400,2757.09,,2026-09-09T22:30:02+09:00
2024-03-26,034020,두산에너빌리티,18,6970364850,17210,2757.09,,2026-09-09T22:30:02+09:00
2024-03-26,008770,호텔신라,19,6128979200,60200,2757.09,,2026-09-09T22:30:02+09:00
2024-03-26,035720,카카오,20,4762564800,54900,2757.09,,2026-09-09T22:30:02+09:00
2024-03-27,000660,SK하이닉스,1,211586512300,181200,2755.11,,2026-09-09T22:30:06+09:00
2024-03-27,005380,현대차,2,40189473500,244000,2755.11,,2026-09-09T22:30:06+09:00
2024-03-27,278470,에이피알,3,33930738780,278500,2755.11,,2026-09-09T22:30:06+09:00
2024-03-27,259960,크래프톤,4,22492056000,257000,2755.11,,2026-09-09T22:30:06+09:00
2024-03-27,028260,삼성물산,5,22160834400,157700,2755.11,,2026-09-09T22:30:06+09:00
2024-03-27,007660,이수페타시스,6,21422551650,43750,2755.11,,2026-09-09T22:30:06+09:00
2024-03-27,012450,한화에어로스페이스,7,20911715000,223000,2755.11,,2026-09-09T22:30:06+09:00
2024-03-27,064350,현대로템,8,20121244200,34300,2755.11,,2026-09-09T22:30:06+09:00
2024-03-27,086790,하나금융지주,9,13166663400,58900,2755.11,,2026-09-09T22:30:06+09:00
2024-03-27,032830,삼성생명,10,12426450700,94100,2755.11,,2026-09-09T22:30:06+09:00
2024-03-27,450080,에코프로머티,11,11894177900,139200,2755.11,,2026-09-09T22:30:06+09:00
2024-03-27,352820,하이브,12,10842686500,224000,2755.11,,2026-09-09T22:30:06+09:00
2024-03-27,241560,두산밥캣,13,10301743600,56100,2755.11,,2026-09-09T22:30:06+09:00
2024-03-27,006400,삼성SDI,14,9969087000,480500,2755.11,,2026-09-09T22:30:06+09:00
2024-03-27,005930,삼성전자,15,9695909100,79800,2755.11,,2026-09-09T22:30:06+09:00
2024-03-27,005385,현대차우,16,9025157300,160400,2755.11,,2026-09-09T22:30:06+09:00
2024-03-27,066970,엘앤에프,17,6586634600,180900,2755.11,,2026-09-09T22:30:06+09:00
2024-03-27,011070,LG이노텍,18,5304713800,194800,2755.11,,2026-09-09T22:30:06+09:00
2024-03-27,103140,풍산,19,5077422250,50700,2755.11,,2026-09-09T22:30:06+09:00
2024-03-27,005935,삼성전자우,20,4858282500,66800,2755.11,,2026-09-09T22:30:06+09:00
2024-03-28,005930,삼성전자,1,402261474900,80800,2745.82,,2026-09-09T22:30:12+09:00
2024-03-28,042700,한미반도체,2,55085607200,134000,2745.82,,2026-09-09T22:30:12+09:00
2024-03-28,105560,KB금융,3,31708126300,70300,2745.82,,2026-09-09T22:30:12+09:00
2024-03-28,028260,삼성물산,4,23431455900,160100,2745.82,,2026-09-09T22:30:12+09:00
2024-03-28,005935,삼성전자우,5,16877404200,67200,2745.82,,2026-09-09T22:30:12+09:00
2024-03-28,012330,현대모비스,6,11430309500,261500,2745.82,,2026-09-09T22:30:12+09:00
2024-03-28,066570,LG전자,7,9892799000,96800,2745.82,,2026-09-09T22:30:12+09:00
2024-03-28,316140,우리금융지주,8,8928822030,14590,2745.82,,2026-09-09T22:30:12+09:00
2024-03-28,352820,하이브,9,8329694000,229000,2745.82,,2026-09-09T22:30:12+09:00
2024-03-28,064350,현대로템,10,7615315550,34400,2745.82,,2026-09-09T22:30:12+09:00
2024-03-28,450080,에코프로머티,11,6324779300,133600,2745.82,,2026-09-09T22:30:12+09:00
2024-03-28,032830,삼성생명,12,5860373100,95500,2745.82,,2026-09-09T22:30:12+09:00
2024-03-28,000100,유한양행,13,5545268000,77400,2745.82,,2026-09-09T22:30:12+09:00
2024-03-28,086790,하나금융지주,14,5312204400,58900,2745.82,,2026-09-09T22:30:12+09:00
2024-03-28,402340,SK스퀘어,15,4928672400,78600,2745.82,,2026-09-09T22:30:12+09:00
2024-03-28,454910,두산로보틱스,16,4815870900,88300,2745.82,,2026-09-09T22:30:12+09:00
2024-03-28,005385,현대차우,17,4571891300,158100,2745.82,,2026-09-09T22:30:12+09:00
2024-03-28,010060,OCI홀딩스,18,4262923000,94100,2745.82,,2026-09-09T22:30:12+09:00
2024-03-28,011070,LG이노텍,19,3804515200,197500,2745.82,,2026-09-09T22:30:12+09:00
2024-03-28,010660,화천기계,20,3285497950,6080,2745.82,,2026-09-09T22:30:12+09:00
2024-03-29,005930,삼성전자,1,641267249200,82400,2746.63,,2026-09-09T22:30:17+09:00
2024-03-29,000660,SK하이닉스,2,75754679200,183000,2746.63,,2026-09-09T22:30:17+09:00
2024-03-29,068270,셀트리온,3,67486541800,191200,2746.63,,2026-09-09T22:30:17+09:00
2024-03-29,064350,현대로템,4,54537612050,36800,2746.63,,2026-09-09T22:30:17+09:00
2024-03-29,005935,삼성전자우,5,37411742900,68000,2746.63,,2026-09-09T22:30:17+09:00
2024-03-29,028260,삼성물산,6,20254618800,158500,2746.63,,2026-09-09T22:30:17+09:00
2024-03-29,006400,삼성SDI,7,17895196500,471000,2746.63,,2026-09-09T22:30:17+09:00
2024-03-29,105560,KB금융,8,16050374000,69500,2746.63,,2026-09-09T22:30:17+09:00
2024-03-29,079550,LIG넥스원,9,12647214600,178400,2746.63,,2026-09-09T22:30:17+09:00
2024-03-29,000150,두산,10,10772138800,155500,2746.63,,2026-09-09T22:30:17+09:00
2024-03-29,000270,기아,11,10351631700,110200,2746.63,,2026-09-09T22:30:17+09:00
2024-03-29,267250,HD현대,12,9626627100,71900,2746.63,,2026-09-09T22:30:17+09:00
2024-03-29,042700,한미반도체,13,9337310400,133700,2746.63,,2026-09-09T22:30:17+09:00
2024-03-29,086790,하나금융지주,14,8434467300,57700,2746.63,,2026-09-09T22:30:17+09:00
2024-03-29,000810,삼성화재,15,8189311500,306000,2746.63,,2026-09-09T22:30:17+09:00
2024-03-29,032830,삼성생명,16,7691928600,92300,2746.63,,2026-09-09T22:30:17+09:00
2024-03-29,005380,현대차,17,7554636500,233000,2746.63,,2026-09-09T22:30:17+09:00
2024-03-29,024110,기업은행,18,7019652480,13500,2746.63,,2026-09-09T22:30:17+09:00
2024-03-29,005490,POSCO홀딩스,19,6740147500,422000,2746.63,,2026-09-09T22:30:17+09:00
2024-03-29,011930,신성이엔지,20,5355280120,2470,2746.63,,2026-09-09T22:30:17+09:00
2024-04-01,005930,삼성전자,1,96403025800,82000,2747.86,,2026-09-09T22:30:25+09:00
2024-04-01,064350,현대로템,2,28090526250,38000,2747.86,,2026-09-09T22:30:25+09:00
2024-04-01,035420,NAVER,3,26822130900,194300,2747.86,,2026-09-09T22:30:25+09:00
2024-04-01,009150,삼성전기,4,19707166700,153900,2747.86,,2026-09-09T22:30:25+09:00
2024-04-01,272210,한화시스템,5,17027680740,18290,2747.86,,2026-09-09T22:30:25+09:00
2024-04-01,028260,삼성물산,6,16349279000,157600,2747.86,,2026-09-09T22:30:25+09:00
2024-04-01,271560,오리온,7,15338466900,95500,2747.86,,2026-09-09T22:30:25+09:00
2024-04-01,112610,씨에스윈드,8,14172594800,57100,2747.86,,2026-09-09T22:30:25+09:00
2024-04-01,005935,삼성전자우,9,12116977700,68000,2747.86,,2026-09-09T22:30:25+09:00
2024-04-01,097950,CJ제일제당,10,11125547000,311000,2747.86,,2026-09-09T22:30:25+09:00
2024-04-01,011070,LG이노텍,11,10549494700,206000,2747.86,,2026-09-09T22:30:25+09:00
2024-04-01,009830,한화솔루션,12,10283025600,29050,2747.86,,2026-09-09T22:30:25+09:00
2024-04-01,086790,하나금융지주,13,10132889700,56400,2747.86,,2026-09-09T22:30:25+09:00
2024-04-01,032830,삼성생명,14,8862454600,91500,2747.86,,2026-09-09T22:30:25+09:00
2024-04-01,000100,유한양행,15,8191350000,79200,2747.86,,2026-09-09T22:30:25+09:00
2024-04-01,008770,호텔신라,16,7986689500,62900,2747.86,,2026-09-09T22:30:25+09:00
2024-04-01,267260,HD현대일렉트릭,17,6888099800,181500,2747.86,,2026-09-09T22:30:25+09:00
2024-04-01,383220,F&F,18,6787062400,76500,2747.86,,2026-09-09T22:30:25+09:00
2024-04-01,004170,신세계,19,5919825900,178300,2747.86,,2026-09-09T22:30:25+09:00
2024-04-01,000150,두산,20,5870766500,145000,2747.86,,2026-09-09T22:30:25+09:00
2024-04-02,005930,삼성전자,1,1001807022500,85000,2753.16,,2026-09-09T22:30:30+09:00
2024-04-02,005935,삼성전자우,2,72573528300,69900,2753.16,,2026-09-09T22:30:30+09:00
2024-04-02,064350,현대로템,3,27275897400,38950,2753.16,,2026-09-09T22:30:30+09:00
2024-04-02,012450,한화에어로스페이스,4,24459319500,241000,2753.16,,2026-09-09T22:30:30+09:00
2024-04-02,000270,기아,5,15828580300,104700,2753.16,,2026-09-09T22:30:30+09:00
2024-04-02,012330,현대모비스,6,15523544500,247500,2753.16,,2026-09-09T22:30:30+09:00
2024-04-02,028260,삼성물산,7,14585043600,155000,2753.16,,2026-09-09T22:30:30+09:00
2024-04-02,005490,POSCO홀딩스,8,13532818500,409500,2753.16,,2026-09-09T22:30:30+09:00
2024-04-02,003670,포스코퓨처엠,9,11980619000,287000,2753.16,,2026-09-09T22:30:30+09:00
2024-04-02,096770,SK이노베이션,10,10117821100,121800,2753.16,,2026-09-09T22:30:30+09:00
2024-04-02,457190,이수스페셜티케미컬,11,9489397000,306000,2753.16,,2026-09-09T22:30:30+09:00
2024-04-02,055550,신한지주,12,8885799200,44900,2753.16,,2026-09-09T22:30:30+09:00
2024-04-02,454910,두산로보틱스,13,8463198200,81700,2753.16,,2026-09-09T22:30:30+09:00
2024-04-02,032830,삼성생명,14,8211433200,92900,2753.16,,2026-09-09T22:30:30+09:00
2024-04-02,009150,삼성전기,15,7726325800,155000,2753.16,,2026-09-09T22:30:30+09:00
2024-04-02,005385,현대차우,16,7601713800,144700,2753.16,,2026-09-09T22:30:30+09:00
2024-04-02,086790,하나금융지주,17,7093614300,56500,2753.16,,2026-09-09T22:30:30+09:00
2024-04-02,267260,HD현대일렉트릭,18,6942369000,182000,2753.16,,2026-09-09T22:30:30+09:00
2024-04-02,316140,우리금융지주,19,6496289070,14050,2753.16,,2026-09-09T22:30:30+09:00
2024-04-02,103590,일진전기,20,6055941750,19400,2753.16,,2026-09-09T22:30:30+09:00
2024-04-03,001570,금양,1,240427362400,114400,2706.97,,2026-09-09T22:30:35+09:00
2024-04-03,005930,삼성전자,2,210686687300,84100,2706.97,,2026-09-09T22:30:35+09:00
2024-04-03,017860,DS단석,3,26728941500,142000,2706.97,,2026-09-09T22:30:35+09:00
2024-04-03,035420,NAVER,4,10426555400,193400,2706.97,,2026-09-09T22:30:35+09:00
2024-04-03,005490,POSCO홀딩스,5,9616346000,398500,2706.97,,2026-09-09T22:30:35+09:00
2024-04-03,086790,하나금융지주,6,9421787100,55600,2706.97,,2026-09-09T22:30:35+09:00
2024-04-03,450080,에코프로머티,7,9102575400,118700,2706.97,,2026-09-09T22:30:35+09:00
2024-04-03,015760,한국전력,8,8523614000,21350,2706.97,,2026-09-09T22:30:35+09:00
2024-04-03,000150,두산,9,8249391800,138000,2706.97,,2026-09-09T22:30:35+09:00
2024-04-03,010120,LS ELECTRIC,10,7722170800,93000,2706.97,,2026-09-09T22:30:35+09:00
2024-04-03,259960,크래프톤,11,7480174000,253500,2706.97,,2026-09-09T22:30:35+09:00
2024-04-03,000100,유한양행,12,7310263900,72500,2706.97,,2026-09-09T22:30:35+09:00
2024-04-03,064350,현대로템,13,7250371100,38000,2706.97,,2026-09-09T22:30:35+09:00
2024-04-03,057050,현대홈쇼핑,14,7027879600,60900,2706.97,,2026-09-09T22:30:35+09:00
2024-04-03,022100,포스코DX,15,5902491550,46350,2706.97,,2026-09-09T22:30:35+09:00
2024-04-03,028260,삼성물산,16,5761841500,150300,2706.97,,2026-09-09T22:30:35+09:00
2024-04-03,034020,두산에너빌리티,17,4738106280,16500,2706.97,,2026-09-09T22:30:35+09:00
2024-04-03,007660,이수페타시스,18,4304064700,40100,2706.97,,2026-09-09T22:30:35+09:00
2024-04-03,000810,삼성화재,19,4241475000,301500,2706.97,,2026-09-09T22:30:35+09:00
2024-04-03,032830,삼성생명,20,4035357700,92800,2706.97,,2026-09-09T22:30:35+09:00
2024-04-04,005930,삼성전자,1,368762376100,85300,2742.0,,2026-09-09T22:30:40+09:00
2024-04-04,000660,SK하이닉스,2,198699710200,188000,2742.0,,2026-09-09T22:30:40+09:00
2024-04-04,006400,삼성SDI,3,30779588500,442000,2742.0,,2026-09-09T22:30:40+09:00
2024-04-04,009150,삼성전기,4,23584560100,155400,2742.0,,2026-09-09T22:30:40+09:00
2024-04-04,035420,NAVER,5,20493138500,194300,2742.0,,2026-09-09T22:30:40+09:00
2024-04-04,005935,삼성전자우,6,18721618400,69300,2742.0,,2026-09-09T22:30:40+09:00
2024-04-04,267260,HD현대일렉트릭,7,15136076200,198700,2742.0,,2026-09-09T22:30:40+09:00
2024-04-04,011790,SKC,8,12013229200,130600,2742.0,,2026-09-09T22:30:40+09:00
2024-04-04,000270,기아,9,10718662700,106700,2742.0,,2026-09-09T22:30:40+09:00
2024-04-04,010130,고려아연,10,8749341500,463000,2742.0,,2026-09-09T22:30:40+09:00
2024-04-04,079550,LIG넥스원,11,8711011100,174300,2742.0,,2026-09-09T22:30:40+09:00
2024-04-04,066970,엘앤에프,12,8455630300,169400,2742.0,,2026-09-09T22:30:40+09:00
2024-04-04,068270,셀트리온,13,7588724600,179600,2742.0,,2026-09-09T22:30:40+09:00
2024-04-04,005380,현대차,14,6842705500,226000,2742.0,,2026-09-09T22:30:40+09:00
2024-04-04,096770,SK이노베이션,15,6644197400,119900,2742.0,,2026-09-09T22:30:40+09:00
2024-04-04,103140,풍산,16,5965301600,53100,2742.0,,2026-09-09T22:30:40+09:00
2024-04-04,003670,포스코퓨처엠,17,5457293500,274500,2742.0,,2026-09-09T22:30:40+09:00
2024-04-04,022100,포스코DX,18,5315913700,45700,2742.0,,2026-09-09T22:30:40+09:00
2024-04-04,009470,삼화전기,19,5233070000,36900,2742.0,,2026-09-09T22:30:40+09:00
2024-04-04,005385,현대차우,20,5021763300,151400,2742.0,,2026-09-09T22:30:40+09:00
2024-04-05,005930,삼성전자,1,75713728400,84500,2714.21,,2026-09-09T22:30:44+09:00
2024-04-05,005380,현대차,2,40834418000,225500,2714.21,,2026-09-09T22:30:44+09:00
2024-04-05,010950,S-Oil,3,21587317600,83500,2714.21,,2026-09-09T22:30:44+09:00
2024-04-05,009150,삼성전기,4,19463901800,158900,2714.21,,2026-09-09T22:30:44+09:00
2024-04-05,066570,LG전자,5,16924547500,95900,2714.21,,2026-09-09T22:30:44+09:00
2024-04-05,035420,NAVER,6,12306942000,193100,2714.21,,2026-09-09T22:30:44+09:00
2024-04-05,011790,SKC,7,10178913900,138100,2714.21,,2026-09-09T22:30:44+09:00
2024-04-05,005935,삼성전자우,8,9697618200,69000,2714.21,,2026-09-09T22:30:44+09:00
2024-04-05,064350,현대로템,9,7595154150,37300,2714.21,,2026-09-09T22:30:44+09:00
2024-04-05,022100,포스코DX,10,5089028650,44150,2714.21,,2026-09-09T22:30:44+09:00
2024-04-05,000100,유한양행,11,4771630900,72100,2714.21,,2026-09-09T22:30:44+09:00
2024-04-05,298050,효성첨단소재,12,4504710000,351000,2714.21,,2026-09-09T22:30:44+09:00
2024-04-05,015760,한국전력,13,4363745700,21600,2714.21,,2026-09-09T22:30:44+09:00
2024-04-05,042660,한화오션,14,3543647600,27150,2714.21,,2026-09-09T22:30:44+09:00
2024-04-05,033780,KT&G,15,3542699700,90800,2714.21,,2026-09-09T22:30:44+09:00
2024-04-05,079550,LIG넥스원,16,3342855400,166300,2714.21,,2026-09-09T22:30:44+09:00
2024-04-05,454910,두산로보틱스,17,3190097500,74700,2714.21,,2026-09-09T22:30:44+09:00
2024-04-05,028260,삼성물산,18,3127591300,150800,2714.21,,2026-09-09T22:30:44+09:00
2024-04-05,097950,CJ제일제당,19,3031798000,321000,2714.21,,2026-09-09T22:30:44+09:00
2024-04-05,024110,기업은행,20,2825611400,13310,2714.21,,2026-09-09T22:30:44+09:00
2024-04-08,005930,삼성전자,1,199538189500,84500,2717.65,,2026-09-09T22:30:55+09:00
2024-04-08,005380,현대차,2,76044450500,232500,2717.65,,2026-09-09T22:30:55+09:00
2024-04-08,068270,셀트리온,3,33429443200,188500,2717.65,,2026-09-09T22:30:55+09:00
2024-04-08,005490,POSCO홀딩스,4,25463218000,403000,2717.65,,2026-09-09T22:30:55+09:00
2024-04-08,267260,HD현대일렉트릭,5,19062479300,201000,2717.65,,2026-09-09T22:30:55+09:00
2024-04-08,000270,기아,6,14532155500,108500,2717.65,,2026-09-09T22:30:55+09:00
2024-04-08,005935,삼성전자우,7,11682312300,69100,2717.65,,2026-09-09T22:30:55+09:00
2024-04-08,007660,이수페타시스,8,10341589150,40450,2717.65,,2026-09-09T22:30:55+09:00
2024-04-08,003670,포스코퓨처엠,9,9658732000,281500,2717.65,,2026-09-09T22:30:55+09:00
2024-04-08,079550,LIG넥스원,10,6464707000,165300,2717.65,,2026-09-09T22:30:55+09:00
2024-04-08,307950,현대오토에버,11,6174974700,154000,2717.65,,2026-09-09T22:30:55+09:00
2024-04-08,207940,삼성바이오로직스,12,5880661000,815000,2717.65,,2026-09-09T22:30:55+09:00
2024-04-08,457190,이수스페셜티케미컬,13,4715740000,292000,2717.65,,2026-09-09T22:30:55+09:00
2024-04-08,051900,LG생활건강,14,4545100000,361000,2717.65,,2026-09-09T22:30:55+09:00
2024-04-08,035720,카카오,15,3698418450,49150,2717.65,,2026-09-09T22:30:55+09:00
2024-04-08,000100,유한양행,16,3689892200,71300,2717.65,,2026-09-09T22:30:55+09:00
2024-04-08,248070,솔루엠,17,3637389100,25650,2717.65,,2026-09-09T22:30:55+09:00
2024-04-08,450080,에코프로머티,18,3514799000,117600,2717.65,,2026-09-09T22:30:55+09:00
2024-04-08,033780,KT&G,19,3087922700,91200,2717.65,,2026-09-09T22:30:55+09:00
2024-04-08,024110,기업은행,20,3005384200,13460,2717.65,,2026-09-09T22:30:55+09:00
2024-04-09,005930,삼성전자,1,424405849600,83600,2705.16,,2026-09-09T22:30:59+09:00
2024-04-09,064350,현대로템,2,57573471250,41150,2705.16,,2026-09-09T22:30:59+09:00
2024-04-09,000660,SK하이닉스,3,30785292200,182900,2705.16,,2026-09-09T22:30:59+09:00
2024-04-09,066570,LG전자,4,20220558200,96200,2705.16,,2026-09-09T22:30:59+09:00
2024-04-09,042700,한미반도체,5,16149332800,132900,2705.16,,2026-09-09T22:30:59+09:00
2024-04-09,005935,삼성전자우,6,12030022400,68300,2705.16,,2026-09-09T22:30:59+09:00
2024-04-09,042670,HD현대인프라코어,7,10287549980,8470,2705.16,,2026-09-09T22:30:59+09:00
2024-04-09,096770,SK이노베이션,8,7114019700,117500,2705.16,,2026-09-09T22:30:59+09:00
2024-04-09,267260,HD현대일렉트릭,9,6700467000,211500,2705.16,,2026-09-09T22:30:59+09:00
2024-04-09,079550,LIG넥스원,10,6129496200,167300,2705.16,,2026-09-09T22:30:59+09:00
2024-04-09,103140,풍산,11,5714067600,56100,2705.16,,2026-09-09T22:30:59+09:00
2024-04-09,005490,POSCO홀딩스,12,4608011000,403500,2705.16,,2026-09-09T22:30:59+09:00
2024-04-09,000080,하이트진로,13,3908213650,21450,2705.16,,2026-09-09T22:30:59+09:00
2024-04-09,454910,두산로보틱스,14,3780619400,73000,2705.16,,2026-09-09T22:30:59+09:00
2024-04-09,010140,삼성중공업,15,3614696750,8670,2705.16,,2026-09-09T22:30:59+09:00
2024-04-09,012450,한화에어로스페이스,16,3452165000,209000,2705.16,,2026-09-09T22:30:59+09:00
2024-04-09,009830,한화솔루션,17,2962536000,27300,2705.16,,2026-09-09T22:30:59+09:00
2024-04-09,010950,S-Oil,18,2606418500,81900,2705.16,,2026-09-09T22:30:59+09:00
2024-04-09,259960,크래프톤,19,2590373000,242000,2705.16,,2026-09-09T22:30:59+09:00
2024-04-09,329180,HD현대중공업,20,2571922700,117200,2705.16,,2026-09-09T22:30:59+09:00
2024-04-11,005930,삼성전자,1,563559508800,84100,2706.96,,2026-09-09T22:31:06+09:00
2024-04-11,000660,SK하이닉스,2,144360581700,188400,2706.96,,2026-09-09T22:31:06+09:00
2024-04-11,005380,현대차,3,120883322500,241000,2706.96,,2026-09-09T22:31:06+09:00
2024-04-11,000270,기아,4,49964178200,111700,2706.96,,2026-09-09T22:31:06+09:00
2024-04-11,005490,POSCO홀딩스,5,44858897500,400000,2706.96,,2026-09-09T22:31:06+09:00
2024-04-11,003280,흥아해운,6,43246594730,3730,2706.96,,2026-09-09T22:31:06+09:00
2024-04-11,005935,삼성전자우,7,36009388700,69200,2706.96,,2026-09-09T22:31:06+09:00
2024-04-11,012450,한화에어로스페이스,8,20018061000,214000,2706.96,,2026-09-09T22:31:06+09:00
2024-04-11,267260,HD현대일렉트릭,9,18520526000,232000,2706.96,,2026-09-09T22:31:06+09:00
2024-04-11,007660,이수페타시스,10,17784096050,42450,2706.96,,2026-09-09T22:31:06+09:00
2024-04-11,006400,삼성SDI,11,16900254500,407500,2706.96,,2026-09-09T22:31:06+09:00
2024-04-11,064350,현대로템,12,14710814900,41850,2706.96,,2026-09-09T22:31:06+09:00
2024-04-11,015760,한국전력,13,12647446400,21300,2706.96,,2026-09-09T22:31:06+09:00
2024-04-11,034730,SK,14,9538573000,162600,2706.96,,2026-09-09T22:31:06+09:00
2024-04-11,024110,기업은행,15,8416898390,13100,2706.96,,2026-09-09T22:31:06+09:00
2024-04-11,161390,한국타이어앤테크놀로지,16,7517292400,60500,2706.96,,2026-09-09T22:31:06+09:00
2024-04-11,010120,LS ELECTRIC,17,6988510900,127500,2706.96,,2026-09-09T22:31:06+09:00
2024-04-11,033780,KT&G,18,6761043000,90500,2706.96,,2026-09-09T22:31:06+09:00
2024-04-11,086280,현대글로비스,19,6503390200,176200,2706.96,,2026-09-09T22:31:06+09:00
2024-04-11,012330,현대모비스,20,5559112500,251000,2706.96,,2026-09-09T22:31:06+09:00
2024-04-12,005930,삼성전자,1,64000979700,83700,2681.82,,2026-09-09T22:31:12+09:00
2024-04-12,005380,현대차,2,50414668500,238000,2681.82,,2026-09-09T22:31:12+09:00
2024-04-12,010120,LS ELECTRIC,3,23823751900,139700,2681.82,,2026-09-09T22:31:12+09:00
2024-04-12,000660,SK하이닉스,4,22789798200,187400,2681.82,,2026-09-09T22:31:12+09:00
2024-04-12,010140,삼성중공업,5,19074985750,8910,2681.82,,2026-09-09T22:31:12+09:00
2024-04-12,055550,신한지주,6,17227754600,41850,2681.82,,2026-09-09T22:31:12+09:00
2024-04-12,298040,효성중공업,7,15059467500,339000,2681.82,,2026-09-09T22:31:12+09:00
2024-04-12,402340,SK스퀘어,8,13583001600,77900,2681.82,,2026-09-09T22:31:12+09:00
2024-04-12,267260,HD현대일렉트릭,9,12264680500,235000,2681.82,,2026-09-09T22:31:12+09:00
2024-04-12,103140,풍산,10,12026229300,61600,2681.82,,2026-09-09T22:31:12+09:00
2024-04-12,005935,삼성전자우,11,11387961300,69100,2681.82,,2026-09-09T22:31:12+09:00
2024-04-12,068270,셀트리온,12,11247458100,182200,2681.82,,2026-09-09T22:31:12+09:00
2024-04-12,042700,한미반도체,13,11056165800,145500,2681.82,,2026-09-09T22:31:12+09:00
2024-04-12,035420,NAVER,14,9725683600,185900,2681.82,,2026-09-09T22:31:12+09:00
2024-04-12,011790,SKC,15,7462785100,127700,2681.82,,2026-09-09T22:31:12+09:00
2024-04-12,000810,삼성화재,16,6219538500,288500,2681.82,,2026-09-09T22:31:12+09:00
2024-04-12,032830,삼성생명,17,5985855500,81100,2681.82,,2026-09-09T22:31:12+09:00
2024-04-12,015760,한국전력,18,5359056500,20200,2681.82,,2026-09-09T22:31:12+09:00
2024-04-12,034020,두산에너빌리티,19,5175740660,15310,2681.82,,2026-09-09T22:31:12+09:00
2024-04-12,000500,가온전선,20,4792760450,44650,2681.82,,2026-09-09T22:31:12+09:00
2024-04-15,005380,현대차,1,28416845000,241500,2670.43,,2026-09-09T22:31:21+09:00
2024-04-15,028260,삼성물산,2,17921669000,144500,2670.43,,2026-09-09T22:31:21+09:00
2024-04-15,005490,POSCO홀딩스,3,16160166000,390500,2670.43,,2026-09-09T22:31:21+09:00
2024-04-15,011790,SKC,4,10913211000,121200,2670.43,,2026-09-09T22:31:21+09:00
2024-04-15,000270,기아,5,10804343200,114600,2670.43,,2026-09-09T22:31:21+09:00
2024-04-15,097950,CJ제일제당,6,10204648000,326000,2670.43,,2026-09-09T22:31:21+09:00
2024-04-15,015760,한국전력,7,9795684950,20900,2670.43,,2026-09-09T22:31:21+09:00
2024-04-15,066970,엘앤에프,8,9410960700,151000,2670.43,,2026-09-09T22:31:21+09:00
2024-04-15,138040,메리츠금융지주,9,8537294200,76900,2670.43,,2026-09-09T22:31:21+09:00
2024-04-15,316140,우리금융지주,10,6209724630,13560,2670.43,,2026-09-09T22:31:21+09:00
2024-04-15,005387,현대차2우B,11,5593964400,152600,2670.43,,2026-09-09T22:31:21+09:00
2024-04-15,086790,하나금융지주,12,4991674200,55400,2670.43,,2026-09-09T22:31:21+09:00
2024-04-15,024110,기업은행,13,4766467840,12770,2670.43,,2026-09-09T22:31:21+09:00
2024-04-15,022100,포스코DX,14,4354513400,41850,2670.43,,2026-09-09T22:31:21+09:00
2024-04-15,064350,현대로템,15,4063012750,39000,2670.43,,2026-09-09T22:31:21+09:00
2024-04-15,047050,포스코인터내셔널,16,3838512650,45150,2670.43,,2026-09-09T22:31:21+09:00
2024-04-15,402340,SK스퀘어,17,3832625100,79800,2670.43,,2026-09-09T22:31:21+09:00
2024-04-15,005070,코스모신소재,18,3737442500,140100,2670.43,,2026-09-09T22:31:21+09:00
2024-04-15,055550,신한지주,19,3578434750,42150,2670.43,,2026-09-09T22:31:21+09:00
2024-04-15,028050,삼성E&A,20,3551286450,25800,2670.43,,2026-09-09T22:31:21+09:00
2024-04-16,005930,삼성전자,1,107048091100,80000,2609.63,,2026-09-09T22:31:26+09:00
2024-04-16,005935,삼성전자우,2,48304416600,66600,2609.63,,2026-09-09T22:31:26+09:00
2024-04-16,005380,현대차,3,48008816500,242000,2609.63,,2026-09-09T22:31:26+09:00
2024-04-16,010120,LS ELECTRIC,4,29105352000,133000,2609.63,,2026-09-09T22:31:26+09:00
2024-04-16,003670,포스코퓨처엠,5,17442079000,257000,2609.63,,2026-09-09T22:31:26+09:00
2024-04-16,066970,엘앤에프,6,13779636600,145900,2609.63,,2026-09-09T22:31:26+09:00
2024-04-16,022100,포스코DX,7,12415508450,40200,2609.63,,2026-09-09T22:31:26+09:00
2024-04-16,402340,SK스퀘어,8,10716560200,80000,2609.63,,2026-09-09T22:31:26+09:00
2024-04-16,105560,KB금융,9,10464632000,64400,2609.63,,2026-09-09T22:31:26+09:00
2024-04-16,138040,메리츠금융지주,10,8772248200,74300,2609.63,,2026-09-09T22:31:26+09:00
2024-04-16,011790,SKC,11,8204633000,114900,2609.63,,2026-09-09T22:31:26+09:00
2024-04-16,001570,금양,12,8080316400,93700,2609.63,,2026-09-09T22:31:26+09:00
2024-04-16,352820,하이브,13,6206276500,223000,2609.63,,2026-09-09T22:31:26+09:00
2024-04-16,103140,풍산,14,5530280000,58500,2609.63,,2026-09-09T22:31:26+09:00
2024-04-16,259960,크래프톤,15,5252768500,254000,2609.63,,2026-09-09T22:31:26+09:00
2024-04-16,316140,우리금융지주,16,5177279390,13400,2609.63,,2026-09-09T22:31:26+09:00
2024-04-16,450080,에코프로머티,17,4890531100,108200,2609.63,,2026-09-09T22:31:26+09:00
2024-04-16,033780,KT&G,18,4813147300,88800,2609.63,,2026-09-09T22:31:26+09:00
2024-04-16,103590,일진전기,19,4578430170,18090,2609.63,,2026-09-09T22:31:26+09:00
2024-04-16,161390,한국타이어앤테크놀로지,20,4398495500,63100,2609.63,,2026-09-09T22:31:26+09:00
2024-04-17,267260,HD현대일렉트릭,1,46013382000,213000,2584.18,,2026-09-09T22:31:30+09:00
2024-04-17,012450,한화에어로스페이스,2,36306028000,220000,2584.18,,2026-09-09T22:31:30+09:00
2024-04-17,010120,LS ELECTRIC,3,19699237100,143100,2584.18,,2026-09-09T22:31:30+09:00
2024-04-17,005935,삼성전자우,4,14714671700,66300,2584.18,,2026-09-09T22:31:30+09:00
2024-04-17,278470,에이피알,5,13277871500,252000,2584.18,,2026-09-09T22:31:30+09:00
2024-04-17,034730,SK,6,13237172600,157000,2584.18,,2026-09-09T22:31:30+09:00
2024-04-17,105560,KB금융,7,10288659100,63100,2584.18,,2026-09-09T22:31:30+09:00
2024-04-17,005380,현대차,8,9837674500,233500,2584.18,,2026-09-09T22:31:30+09:00
2024-04-17,298040,효성중공업,9,6330572500,308500,2584.18,,2026-09-09T22:31:30+09:00
2024-04-17,028260,삼성물산,10,5900709100,138800,2584.18,,2026-09-09T22:31:30+09:00
2024-04-17,086790,하나금융지주,11,5272648900,52300,2584.18,,2026-09-09T22:31:30+09:00
2024-04-17,001440,대한전선,12,4987521670,12110,2584.18,,2026-09-09T22:31:30+09:00
2024-04-17,003160,디아이,13,4946001630,20250,2584.18,,2026-09-09T22:31:30+09:00
2024-04-17,018260,삼성에스디에스,14,4836551400,145400,2584.18,,2026-09-09T22:31:30+09:00
2024-04-17,282330,BGF리테일,15,4658440200,121500,2584.18,,2026-09-09T22:31:30+09:00
2024-04-17,003230,삼양식품,16,4490354500,260500,2584.18,,2026-09-09T22:31:30+09:00
2024-04-17,103590,일진전기,17,4448101500,19050,2584.18,,2026-09-09T22:31:30+09:00
2024-04-17,450080,에코프로머티,18,4328973500,104200,2584.18,,2026-09-09T22:31:30+09:00
2024-04-17,006260,LS,19,4327489900,113600,2584.18,,2026-09-09T22:31:30+09:00
2024-04-17,024110,기업은행,20,4099351420,12800,2584.18,,2026-09-09T22:31:30+09:00
2024-04-18,010140,삼성중공업,1,108414770190,9540,2634.7,,2026-09-09T22:31:35+09:00
2024-04-18,005930,삼성전자,2,76081895100,79600,2634.7,,2026-09-09T22:31:35+09:00
2024-04-18,267260,HD현대일렉트릭,3,54662582000,239000,2634.7,,2026-09-09T22:31:35+09:00
2024-04-18,329180,HD현대중공업,4,23478540000,120300,2634.7,,2026-09-09T22:31:35+09:00
2024-04-18,068270,셀트리온,5,20954104200,177100,2634.7,,2026-09-09T22:31:35+09:00
2024-04-18,012450,한화에어로스페이스,6,17298702000,226000,2634.7,,2026-09-09T22:31:35+09:00
2024-04-18,042660,한화오션,7,16037760800,33300,2634.7,,2026-09-09T22:31:35+09:00
2024-04-18,402340,SK스퀘어,8,15436766200,83700,2634.7,,2026-09-09T22:31:35+09:00
2024-04-18,005490,POSCO홀딩스,9,13431154500,390000,2634.7,,2026-09-09T22:31:35+09:00
2024-04-18,259960,크래프톤,10,12732244500,260000,2634.7,,2026-09-09T22:31:35+09:00
2024-04-18,010620,HD현대미포,11,12417093600,64900,2634.7,,2026-09-09T22:31:35+09:00
2024-04-18,006260,LS,12,11263939200,130500,2634.7,,2026-09-09T22:31:35+09:00
2024-04-18,006400,삼성SDI,13,10567431000,405500,2634.7,,2026-09-09T22:31:35+09:00
2024-04-18,282330,BGF리테일,14,10226184000,125600,2634.7,,2026-09-09T22:31:35+09:00
2024-04-18,373220,LG에너지솔루션,15,9967681000,377000,2634.7,,2026-09-09T22:31:35+09:00
2024-04-18,003230,삼양식품,16,9550610500,268500,2634.7,,2026-09-09T22:31:35+09:00
2024-04-18,090430,아모레퍼시픽,17,9230051700,146500,2634.7,,2026-09-09T22:31:35+09:00
2024-04-18,003670,포스코퓨처엠,18,8136032000,258500,2634.7,,2026-09-09T22:31:35+09:00
2024-04-18,064350,현대로템,19,7871327650,41150,2634.7,,2026-09-09T22:31:35+09:00
2024-04-18,457190,이수스페셜티케미컬,20,7802832000,317000,2634.7,,2026-09-09T22:31:35+09:00
2024-04-19,005380,현대차,1,56434832500,235000,2591.86,,2026-09-09T22:31:40+09:00
2024-04-19,005935,삼성전자우,2,25005877700,65200,2591.86,,2026-09-09T22:31:40+09:00
2024-04-19,012450,한화에어로스페이스,3,19931533500,234000,2591.86,,2026-09-09T22:31:40+09:00
2024-04-19,035420,NAVER,4,17662055900,182400,2591.86,,2026-09-09T22:31:40+09:00
2024-04-19,282330,BGF리테일,5,10173489700,128900,2591.86,,2026-09-09T22:31:40+09:00
2024-04-19,028260,삼성물산,6,8553882600,138200,2591.86,,2026-09-09T22:31:40+09:00
2024-04-19,105560,KB금융,7,8306150900,63700,2591.86,,2026-09-09T22:31:40+09:00
2024-04-19,241560,두산밥캣,8,7220823100,51600,2591.86,,2026-09-09T22:31:40+09:00
2024-04-19,000810,삼성화재,9,6972979000,277500,2591.86,,2026-09-09T22:31:40+09:00
2024-04-19,018260,삼성에스디에스,10,6753320300,147400,2591.86,,2026-09-09T22:31:40+09:00
2024-04-19,012330,현대모비스,11,5753521500,234500,2591.86,,2026-09-09T22:31:40+09:00
2024-04-19,011790,SKC,12,5337572800,109300,2591.86,,2026-09-09T22:31:40+09:00
2024-04-19,055550,신한지주,13,4674609450,41750,2591.86,,2026-09-09T22:31:40+09:00
2024-04-19,033780,KT&G,14,4425319900,89600,2591.86,,2026-09-09T22:31:40+09:00
2024-04-19,316140,우리금융지주,15,4334215210,13540,2591.86,,2026-09-09T22:31:40+09:00
2024-04-19,024110,기업은행,16,3436029270,13350,2591.86,,2026-09-09T22:31:40+09:00
2024-04-19,010120,LS ELECTRIC,17,3137435200,167000,2591.86,,2026-09-09T22:31:40+09:00
2024-04-19,032830,삼성생명,18,2590495600,77300,2591.86,,2026-09-09T22:31:40+09:00
2024-04-19,097950,CJ제일제당,19,2358521000,335000,2591.86,,2026-09-09T22:31:40+09:00
2024-04-19,000150,두산,20,2296752200,131700,2591.86,,2026-09-09T22:31:40+09:00
2024-04-22,005380,현대차,1,108700191500,245000,2629.44,,2026-09-09T22:31:48+09:00
2024-04-22,000270,기아,2,32410669200,115100,2629.44,,2026-09-09T22:31:48+09:00
2024-04-22,001740,SK네트웍스,3,31196599692,5420,2629.44,,2026-09-09T22:31:48+09:00
2024-04-22,003670,포스코퓨처엠,4,16646090000,277000,2629.44,,2026-09-09T22:31:48+09:00
2024-04-22,068270,셀트리온,5,11094198300,178700,2629.44,,2026-09-09T22:31:48+09:00
2024-04-22,207940,삼성바이오로직스,6,10591152000,802000,2629.44,,2026-09-09T22:31:48+09:00
2024-04-22,000720,현대건설,7,9848216500,34000,2629.44,,2026-09-09T22:31:48+09:00
2024-04-22,006400,삼성SDI,8,9601147500,421500,2629.44,,2026-09-09T22:31:48+09:00
2024-04-22,298040,효성중공업,9,9487778000,277000,2629.44,,2026-09-09T22:31:48+09:00
2024-04-22,096770,SK이노베이션,10,8783260200,110600,2629.44,,2026-09-09T22:31:48+09:00
2024-04-22,028050,삼성E&A,11,8612689800,26300,2629.44,,2026-09-09T22:31:48+09:00
2024-04-22,097950,CJ제일제당,12,8147361000,347000,2629.44,,2026-09-09T22:31:48+09:00
2024-04-22,000150,두산,13,6599710500,133400,2629.44,,2026-09-09T22:31:48+09:00
2024-04-22,005387,현대차2우B,14,5655042800,151800,2629.44,,2026-09-09T22:31:48+09:00
2024-04-22,004370,농심,15,5600735000,395500,2629.44,,2026-09-09T22:31:48+09:00
2024-04-22,010620,HD현대미포,16,5000984800,73200,2629.44,,2026-09-09T22:31:48+09:00
2024-04-22,034020,두산에너빌리티,17,4689376930,15730,2629.44,,2026-09-09T22:31:48+09:00
2024-04-22,450080,에코프로머티,18,4560338400,118200,2629.44,,2026-09-09T22:31:48+09:00
2024-04-22,271560,오리온,19,4221309800,92500,2629.44,,2026-09-09T22:31:48+09:00
2024-04-22,103140,풍산,20,4133317000,59600,2629.44,,2026-09-09T22:31:48+09:00
2024-04-23,259960,크래프톤,1,202965868500,238000,2623.02,,2026-09-09T22:31:52+09:00
2024-04-23,005380,현대차,2,86355063500,249500,2623.02,,2026-09-09T22:31:52+09:00
2024-04-23,012450,한화에어로스페이스,3,41958153500,236500,2623.02,,2026-09-09T22:31:52+09:00
2024-04-23,267260,HD현대일렉트릭,4,25093402500,240000,2623.02,,2026-09-09T22:31:52+09:00
2024-04-23,105560,KB금융,5,22891551900,70200,2623.02,,2026-09-09T22:31:52+09:00
2024-04-23,000270,기아,6,20829260600,115900,2623.02,,2026-09-09T22:31:52+09:00
2024-04-23,272210,한화시스템,7,18685137050,17920,2623.02,,2026-09-09T22:31:52+09:00
2024-04-23,042700,한미반도체,8,18044396200,131400,2623.02,,2026-09-09T22:31:52+09:00
2024-04-23,009540,HD한국조선해양,9,12596679700,125300,2623.02,,2026-09-09T22:31:52+09:00
2024-04-23,138930,BNK금융지주,10,10746359950,8270,2623.02,,2026-09-09T22:31:52+09:00
2024-04-23,047810,한국항공우주,11,10202582500,51300,2623.02,,2026-09-09T22:31:52+09:00
2024-04-23,028260,삼성물산,12,9401188200,150400,2623.02,,2026-09-09T22:31:52+09:00
2024-04-23,064350,현대로템,13,9166797850,40900,2623.02,,2026-09-09T22:31:52+09:00
2024-04-23,298040,효성중공업,14,8381234500,284500,2623.02,,2026-09-09T22:31:52+09:00
2024-04-23,010620,HD현대미포,15,8301475000,73100,2623.02,,2026-09-09T22:31:52+09:00
2024-04-23,066570,LG전자,16,8259719000,92800,2623.02,,2026-09-09T22:31:52+09:00
2024-04-23,000720,현대건설,17,8250670750,34200,2623.02,,2026-09-09T22:31:52+09:00
2024-04-23,010120,LS ELECTRIC,18,8236706200,153200,2623.02,,2026-09-09T22:31:52+09:00
2024-04-23,079550,LIG넥스원,19,7183177000,164600,2623.02,,2026-09-09T22:31:52+09:00
2024-04-23,005387,현대차2우B,20,6887962400,155300,2623.02,,2026-09-09T22:31:52+09:00
2024-04-24,005930,삼성전자,1,207935474700,78600,2675.75,,2026-09-09T22:31:56+09:00
2024-04-24,005380,현대차,2,101218774500,252500,2675.75,,2026-09-09T22:31:56+09:00
2024-04-24,000660,SK하이닉스,3,83553602400,179800,2675.75,,2026-09-09T22:31:56+09:00
2024-04-24,267260,HD현대일렉트릭,4,43921228000,255000,2675.75,,2026-09-09T22:31:56+09:00
2024-04-24,011070,LG이노텍,5,25504276500,209000,2675.75,,2026-09-09T22:31:56+09:00
2024-04-24,307950,현대오토에버,6,21409169100,154200,2675.75,,2026-09-09T22:31:56+09:00
2024-04-24,012450,한화에어로스페이스,7,20969288500,241500,2675.75,,2026-09-09T22:31:56+09:00
2024-04-24,047810,한국항공우주,8,12034044900,52600,2675.75,,2026-09-09T22:31:56+09:00
2024-04-24,009540,HD한국조선해양,9,11611389700,129400,2675.75,,2026-09-09T22:31:56+09:00
2024-04-24,051910,LG화학,10,10989614500,381500,2675.75,,2026-09-09T22:31:56+09:00
2024-04-24,003670,포스코퓨처엠,11,10760646500,297000,2675.75,,2026-09-09T22:31:56+09:00
2024-04-24,000720,현대건설,12,9533997350,34600,2675.75,,2026-09-09T22:31:56+09:00
2024-04-24,010120,LS ELECTRIC,13,9400645600,156600,2675.75,,2026-09-09T22:31:56+09:00
2024-04-24,402340,SK스퀘어,14,6317747200,85500,2675.75,,2026-09-09T22:31:56+09:00
2024-04-24,336370,솔루스첨단소재,15,5973270350,19440,2675.75,,2026-09-09T22:31:56+09:00
2024-04-24,055550,신한지주,16,5951473750,43300,2675.75,,2026-09-09T22:31:56+09:00
2024-04-24,450080,에코프로머티,17,5790208500,122200,2675.75,,2026-09-09T22:31:56+09:00
2024-04-24,009150,삼성전기,18,5311280400,148000,2675.75,,2026-09-09T22:31:56+09:00
2024-04-24,103590,일진전기,19,5102302700,20750,2675.75,,2026-09-09T22:31:56+09:00
2024-04-24,001440,대한전선,20,4950396530,12650,2675.75,,2026-09-09T22:31:56+09:00
2024-04-25,000270,기아,1,51873312700,116600,2628.62,,2026-09-09T22:32:01+09:00
2024-04-25,005380,현대차,2,49598658500,250000,2628.62,,2026-09-09T22:32:01+09:00
2024-04-25,003280,흥아해운,3,24679609140,2835,2628.62,,2026-09-09T22:32:01+09:00
2024-04-25,278470,에이피알,4,17806905500,250000,2628.62,,2026-09-09T22:32:01+09:00
2024-04-25,011070,LG이노텍,5,16675261500,212500,2628.62,,2026-09-09T22:32:01+09:00
2024-04-25,272210,한화시스템,6,15192202310,18620,2628.62,,2026-09-09T22:32:01+09:00
2024-04-25,000720,현대건설,7,9195576050,34800,2628.62,,2026-09-09T22:32:01+09:00
2024-04-25,055550,신한지주,8,8324576000,43500,2628.62,,2026-09-09T22:32:01+09:00
2024-04-25,010120,LS ELECTRIC,9,7907166200,152300,2628.62,,2026-09-09T22:32:01+09:00
2024-04-25,014830,유니드,10,7150497000,92000,2628.62,,2026-09-09T22:32:01+09:00
2024-04-25,011780,금호석유,11,6579384600,130200,2628.62,,2026-09-09T22:32:01+09:00
2024-04-25,035420,NAVER,12,6453275300,182700,2628.62,,2026-09-09T22:32:01+09:00
2024-04-25,028260,삼성물산,13,6324763400,150100,2628.62,,2026-09-09T22:32:01+09:00
2024-04-25,138930,BNK금융지주,14,5962573470,8350,2628.62,,2026-09-09T22:32:01+09:00
2024-04-25,010620,HD현대미포,15,5717172600,70600,2628.62,,2026-09-09T22:32:01+09:00
2024-04-25,004370,농심,16,5503883000,399500,2628.62,,2026-09-09T22:32:01+09:00
2024-04-25,009540,HD한국조선해양,17,5289568100,127300,2628.62,,2026-09-09T22:32:01+09:00
2024-04-25,047810,한국항공우주,18,5104046800,52500,2628.62,,2026-09-09T22:32:01+09:00
2024-04-25,035720,카카오,19,4160109650,47400,2628.62,,2026-09-09T22:32:01+09:00
2024-04-25,010140,삼성중공업,20,4141407090,9470,2628.62,,2026-09-09T22:32:01+09:00
2024-04-26,000660,SK하이닉스,1,246030468700,177800,2656.33,,2026-09-09T22:32:05+09:00
2024-04-26,105560,KB금융,2,52277728400,76000,2656.33,,2026-09-09T22:32:05+09:00
2024-04-26,272210,한화시스템,3,41833438880,19940,2656.33,,2026-09-09T22:32:05+09:00
2024-04-26,001440,대한전선,4,38780332230,13800,2656.33,,2026-09-09T22:32:05+09:00
2024-04-26,000270,기아,5,31136786900,118200,2656.33,,2026-09-09T22:32:05+09:00
2024-04-26,267260,HD현대일렉트릭,6,27722606000,250000,2656.33,,2026-09-09T22:32:05+09:00
2024-04-26,006260,LS,7,20165674200,127800,2656.33,,2026-09-09T22:32:05+09:00
2024-04-26,010140,삼성중공업,8,18174283150,9850,2656.33,,2026-09-09T22:32:05+09:00
2024-04-26,103590,일진전기,9,17960952800,23300,2656.33,,2026-09-09T22:32:05+09:00
2024-04-26,329180,HD현대중공업,10,14491254600,139500,2656.33,,2026-09-09T22:32:05+09:00
2024-04-26,055550,신한지주,11,12626902100,46750,2656.33,,2026-09-09T22:32:05+09:00
2024-04-26,090430,아모레퍼시픽,12,11918759800,150600,2656.33,,2026-09-09T22:32:05+09:00
2024-04-26,007660,이수페타시스,13,10866288100,38150,2656.33,,2026-09-09T22:32:05+09:00
2024-04-26,086790,하나금융지주,14,10125913400,60000,2656.33,,2026-09-09T22:32:05+09:00
2024-04-26,039130,하나투어,15,8778397600,63900,2656.33,,2026-09-09T22:32:05+09:00
2024-04-26,028260,삼성물산,16,6947731200,151100,2656.33,,2026-09-09T22:32:05+09:00
2024-04-26,000810,삼성화재,17,6585684000,311500,2656.33,,2026-09-09T22:32:05+09:00
2024-04-26,005830,DB손해보험,18,6295736000,99900,2656.33,,2026-09-09T22:32:05+09:00
2024-04-26,009540,HD한국조선해양,19,6119257100,129000,2656.33,,2026-09-09T22:32:05+09:00
2024-04-26,010120,LS ELECTRIC,20,5561911200,163900,2656.33,,2026-09-09T22:32:05+09:00
2024-04-29,278470,에이피알,1,47629142500,270000,2687.44,,2026-09-09T22:32:15+09:00
2024-04-29,005380,현대차,2,44622237000,251500,2687.44,,2026-09-09T22:32:15+09:00
2024-04-29,051910,LG화학,3,40473861500,395500,2687.44,,2026-09-09T22:32:15+09:00
2024-04-29,068270,셀트리온,4,38030147700,183700,2687.44,,2026-09-09T22:32:15+09:00
2024-04-29,005490,POSCO홀딩스,5,31139533500,407000,2687.44,,2026-09-09T22:32:15+09:00
2024-04-29,204320,HL만도,6,27707299600,38350,2687.44,,2026-09-09T22:32:15+09:00
2024-04-29,006400,삼성SDI,7,24775418000,421000,2687.44,,2026-09-09T22:32:15+09:00
2024-04-29,009830,한화솔루션,8,21602960150,26300,2687.44,,2026-09-09T22:32:15+09:00
2024-04-29,066570,LG전자,9,21165052900,92800,2687.44,,2026-09-09T22:32:15+09:00
2024-04-29,096770,SK이노베이션,10,15620299100,112700,2687.44,,2026-09-09T22:32:15+09:00
2024-04-29,000270,기아,11,15566625600,118300,2687.44,,2026-09-09T22:32:15+09:00
2024-04-29,298050,효성첨단소재,12,14725382000,372000,2687.44,,2026-09-09T22:32:15+09:00
2024-04-29,003670,포스코퓨처엠,13,13711284500,286000,2687.44,,2026-09-09T22:32:15+09:00
2024-04-29,000720,현대건설,14,12430872050,35400,2687.44,,2026-09-09T22:32:15+09:00
2024-04-29,352820,하이브,15,12419957500,205000,2687.44,,2026-09-09T22:32:15+09:00
2024-04-29,035420,NAVER,16,12199886600,184700,2687.44,,2026-09-09T22:32:15+09:00
2024-04-29,011200,HMM,17,12166185940,16020,2687.44,,2026-09-09T22:32:15+09:00
2024-04-29,298020,효성티앤씨,18,12067077000,371500,2687.44,,2026-09-09T22:32:15+09:00
2024-04-29,112610,씨에스윈드,19,11067741600,54100,2687.44,,2026-09-09T22:32:15+09:00
2024-04-29,047810,한국항공우주,20,10882475300,53700,2687.44,,2026-09-09T22:32:15+09:00
2024-04-30,068270,셀트리온,1,62654747100,189000,2692.06,,2026-09-09T22:32:19+09:00
2024-04-30,005930,삼성전자,2,46346478300,77500,2692.06,,2026-09-09T22:32:19+09:00
2024-04-30,090430,아모레퍼시픽,3,33185826800,169500,2692.06,,2026-09-09T22:32:19+09:00
2024-04-30,373220,LG에너지솔루션,4,28140644500,389000,2692.06,,2026-09-09T22:32:19+09:00
2024-04-30,005935,삼성전자우,5,26142775700,65200,2692.06,,2026-09-09T22:32:19+09:00
2024-04-30,267260,HD현대일렉트릭,6,25525409000,247000,2692.06,,2026-09-09T22:32:19+09:00
2024-04-30,009150,삼성전기,7,20781339800,155900,2692.06,,2026-09-09T22:32:19+09:00
2024-04-30,000270,기아,8,17745074500,118000,2692.06,,2026-09-09T22:32:19+09:00
2024-04-30,010140,삼성중공업,9,16948065620,9450,2692.06,,2026-09-09T22:32:19+09:00
2024-04-30,006360,GS건설,10,16472310500,16480,2692.06,,2026-09-09T22:32:19+09:00
2024-04-30,007660,이수페타시스,11,16225224900,40050,2692.06,,2026-09-09T22:32:19+09:00
2024-04-30,010120,LS ELECTRIC,12,14764311800,176600,2692.06,,2026-09-09T22:32:19+09:00
2024-04-30,051900,LG생활건강,13,14450783500,420000,2692.06,,2026-09-09T22:32:19+09:00
2024-04-30,005380,현대차,14,12688750000,251000,2692.06,,2026-09-09T22:32:19+09:00
2024-04-30,042700,한미반도체,15,10797068100,135000,2692.06,,2026-09-09T22:32:19+09:00
2024-04-30,012450,한화에어로스페이스,16,10482852000,211500,2692.06,,2026-09-09T22:32:19+09:00
2024-04-30,006400,삼성SDI,17,9732122500,434000,2692.06,,2026-09-09T22:32:19+09:00
2024-04-30,066570,LG전자,18,7609185100,92900,2692.06,,2026-09-09T22:32:19+09:00
2024-04-30,272210,한화시스템,19,7177338490,19680,2692.06,,2026-09-09T22:32:19+09:00
2024-04-30,064350,현대로템,20,6862346650,37300,2692.06,,2026-09-09T22:32:19+09:00
2024-05-02,079550,LIG넥스원,1,39844519700,178900,2683.65,,2026-09-09T22:32:26+09:00
2024-05-02,005930,삼성전자,2,39718799000,78000,2683.65,,2026-09-09T22:32:26+09:00
2024-05-02,000270,기아,3,39349701000,119600,2683.65,,2026-09-09T22:32:26+09:00
2024-05-02,006400,삼성SDI,4,28767273500,443500,2683.65,,2026-09-09T22:32:26+09:00
2024-05-02,012450,한화에어로스페이스,5,23536729000,220500,2683.65,,2026-09-09T22:32:26+09:00
2024-05-02,090430,아모레퍼시픽,6,19619667100,173400,2683.65,,2026-09-09T22:32:26+09:00
2024-05-02,055550,신한지주,7,13944385650,45800,2683.65,,2026-09-09T22:32:26+09:00
2024-05-02,047810,한국항공우주,8,13692392700,54100,2683.65,,2026-09-09T22:32:26+09:00
2024-05-02,229640,LS에코에너지,9,11370915800,31850,2683.65,,2026-09-09T22:32:26+09:00
2024-05-02,073240,금호타이어,10,9683243190,7830,2683.65,,2026-09-09T22:32:26+09:00
2024-05-02,103140,풍산,11,9574043900,72700,2683.65,,2026-09-09T22:32:26+09:00
2024-05-02,051900,LG생활건강,12,8583097000,425500,2683.65,,2026-09-09T22:32:26+09:00
2024-05-02,033780,KT&G,13,6406834900,90900,2683.65,,2026-09-09T22:32:26+09:00
2024-05-02,402340,SK스퀘어,14,5312286900,75000,2683.65,,2026-09-09T22:32:26+09:00
2024-05-02,086790,하나금융지주,15,4191910600,57000,2683.65,,2026-09-09T22:32:26+09:00
2024-05-02,128940,한미약품,16,3374586000,319500,2683.65,,2026-09-09T22:32:26+09:00
2024-05-02,282330,BGF리테일,17,3284924200,133100,2683.65,,2026-09-09T22:32:26+09:00
2024-05-02,097950,CJ제일제당,18,2991779000,342500,2683.65,,2026-09-09T22:32:26+09:00
2024-05-02,091810,티웨이항공,19,2926680940,2915,2683.65,,2026-09-09T22:32:26+09:00
2024-05-02,009540,HD한국조선해양,20,2870042400,129500,2683.65,,2026-09-09T22:32:26+09:00
2024-05-03,035420,NAVER,1,91219019900,194600,2676.63,,2026-09-09T22:32:31+09:00
2024-05-03,010120,LS ELECTRIC,2,29356913200,159800,2676.63,,2026-09-09T22:32:31+09:00
2024-05-03,011070,LG이노텍,3,18959234500,234500,2676.63,,2026-09-09T22:32:31+09:00
2024-05-03,090460,비에이치,4,13364396490,20700,2676.63,,2026-09-09T22:32:31+09:00
2024-05-03,090430,아모레퍼시픽,5,12753157500,168700,2676.63,,2026-09-09T22:32:31+09:00
2024-05-03,051900,LG생활건강,6,12000934000,432000,2676.63,,2026-09-09T22:32:31+09:00
2024-05-03,005490,POSCO홀딩스,7,11504248500,403500,2676.63,,2026-09-09T22:32:31+09:00
2024-05-03,352820,하이브,8,10847877500,203500,2676.63,,2026-09-09T22:32:31+09:00
2024-05-03,006260,LS,9,9757210800,129600,2676.63,,2026-09-09T22:32:31+09:00
2024-05-03,000150,두산,10,9732791600,154200,2676.63,,2026-09-09T22:32:31+09:00
2024-05-03,008770,호텔신라,11,8435982600,58300,2676.63,,2026-09-09T22:32:31+09:00
2024-05-03,003670,포스코퓨처엠,12,7840627000,280500,2676.63,,2026-09-09T22:32:31+09:00
2024-05-03,073240,금호타이어,13,6628736380,8190,2676.63,,2026-09-09T22:32:31+09:00
2024-05-03,028260,삼성물산,14,5813568200,146000,2676.63,,2026-09-09T22:32:31+09:00
2024-05-03,055550,신한지주,15,5692015100,46450,2676.63,,2026-09-09T22:32:31+09:00
2024-05-03,033780,KT&G,16,5636960500,92100,2676.63,,2026-09-09T22:32:31+09:00
2024-05-03,278470,에이피알,17,5593601500,297000,2676.63,,2026-09-09T22:32:31+09:00
2024-05-03,454910,두산로보틱스,18,4758008700,75300,2676.63,,2026-09-09T22:32:31+09:00
2024-05-03,010140,삼성중공업,19,4712942400,9390,2676.63,,2026-09-09T22:32:31+09:00
2024-05-03,105560,KB금융,20,4406635400,73700,2676.63,,2026-09-09T22:32:31+09:00
2024-05-07,005930,삼성전자,1,594925122400,81300,2734.36,,2026-09-09T22:32:41+09:00
2024-05-07,000660,SK하이닉스,2,179787728100,179600,2734.36,,2026-09-09T22:32:41+09:00
2024-05-07,267260,HD현대일렉트릭,3,95449514000,252000,2734.36,,2026-09-09T22:32:41+09:00
2024-05-07,042700,한미반도체,4,46844826500,136500,2734.36,,2026-09-09T22:32:41+09:00
2024-05-07,005935,삼성전자우,5,42639476000,66900,2734.36,,2026-09-09T22:32:41+09:00
2024-05-07,035420,NAVER,6,31233581000,194800,2734.36,,2026-09-09T22:32:41+09:00
2024-05-07,034020,두산에너빌리티,7,31091529530,17080,2734.36,,2026-09-09T22:32:41+09:00
2024-05-07,000270,기아,8,27407347600,115700,2734.36,,2026-09-09T22:32:41+09:00
2024-05-07,001440,대한전선,9,24117300890,14300,2734.36,,2026-09-09T22:32:41+09:00
2024-05-07,068270,셀트리온,10,20064258600,194400,2734.36,,2026-09-09T22:32:41+09:00
2024-05-07,009150,삼성전기,11,18304743500,158000,2734.36,,2026-09-09T22:32:41+09:00
2024-05-07,007660,이수페타시스,12,17589749050,40400,2734.36,,2026-09-09T22:32:41+09:00
2024-05-07,010140,삼성중공업,13,15743054720,9600,2734.36,,2026-09-09T22:32:41+09:00
2024-05-07,011070,LG이노텍,14,15159521500,239500,2734.36,,2026-09-09T22:32:41+09:00
2024-05-07,006260,LS,15,13415093300,143700,2734.36,,2026-09-09T22:32:41+09:00
2024-05-07,010120,LS ELECTRIC,16,13158585200,164800,2734.36,,2026-09-09T22:32:41+09:00
2024-05-07,051900,LG생활건강,17,12369086000,436500,2734.36,,2026-09-09T22:32:41+09:00
2024-05-07,006340,대원전선,18,11884682620,4170,2734.36,,2026-09-09T22:32:41+09:00
2024-05-07,090430,아모레퍼시픽,19,11516015900,167100,2734.36,,2026-09-09T22:32:41+09:00
2024-05-07,316140,우리금융지주,20,10411884260,14190,2734.36,,2026-09-09T22:32:41+09:00
2024-05-08,005930,삼성전자,1,122476483900,81300,2745.05,,2026-09-09T22:32:46+09:00
2024-05-08,105560,KB금융,2,22502822000,77700,2745.05,,2026-09-09T22:32:46+09:00
2024-05-08,042700,한미반도체,3,20202226100,140800,2745.05,,2026-09-09T22:32:46+09:00
2024-05-08,005380,현대차,4,20176380500,242000,2745.05,,2026-09-09T22:32:46+09:00
2024-05-08,000270,기아,5,18724135300,116000,2745.05,,2026-09-09T22:32:46+09:00
2024-05-08,007660,이수페타시스,6,15012956250,41400,2745.05,,2026-09-09T22:32:46+09:00
2024-05-08,316140,우리금융지주,7,14668921870,14500,2745.05,,2026-09-09T22:32:46+09:00
2024-05-08,012330,현대모비스,8,13477194000,232000,2745.05,,2026-09-09T22:32:46+09:00
2024-05-08,051910,LG화학,9,13298955500,402000,2745.05,,2026-09-09T22:32:46+09:00
2024-05-08,032830,삼성생명,10,11928631800,89500,2745.05,,2026-09-09T22:32:46+09:00
2024-05-08,034020,두산에너빌리티,11,11177270380,17350,2745.05,,2026-09-09T22:32:46+09:00
2024-05-08,055550,신한지주,12,11123649950,47300,2745.05,,2026-09-09T22:32:46+09:00
2024-05-08,010140,삼성중공업,13,10459415430,9670,2745.05,,2026-09-09T22:32:46+09:00
2024-05-08,267260,HD현대일렉트릭,14,10423543500,259000,2745.05,,2026-09-09T22:32:46+09:00
2024-05-08,006400,삼성SDI,15,10249808000,437000,2745.05,,2026-09-09T22:32:46+09:00
2024-05-08,028670,팬오션,16,8943985255,4535,2745.05,,2026-09-09T22:32:46+09:00
2024-05-08,010130,고려아연,17,8904852000,493000,2745.05,,2026-09-09T22:32:46+09:00
2024-05-08,066570,LG전자,18,8869409700,93900,2745.05,,2026-09-09T22:32:46+09:00
2024-05-08,090430,아모레퍼시픽,19,8346180500,164700,2745.05,,2026-09-09T22:32:46+09:00
2024-05-08,259960,크래프톤,20,7002547000,260000,2745.05,,2026-09-09T22:32:46+09:00
2024-05-09,035420,NAVER,1,43910927600,188300,2712.14,,2026-09-09T22:32:51+09:00
2024-05-09,007660,이수페타시스,2,33195996100,43150,2712.14,,2026-09-09T22:32:51+09:00
2024-05-09,278470,에이피알,3,27832292000,320000,2712.14,,2026-09-09T22:32:51+09:00
2024-05-09,010140,삼성중공업,4,25961911070,9830,2712.14,,2026-09-09T22:32:51+09:00
2024-05-09,267260,HD현대일렉트릭,5,23668192000,269000,2712.14,,2026-09-09T22:32:51+09:00
2024-05-09,010120,LS ELECTRIC,6,19860418900,171200,2712.14,,2026-09-09T22:32:51+09:00
2024-05-09,011200,HMM,7,14953901870,17300,2712.14,,2026-09-09T22:32:51+09:00
2024-05-09,259960,크래프톤,8,13503873000,263500,2712.14,,2026-09-09T22:32:51+09:00
2024-05-09,042700,한미반도체,9,12919337800,141600,2712.14,,2026-09-09T22:32:51+09:00
2024-05-09,051910,LG화학,10,10997421500,396500,2712.14,,2026-09-09T22:32:51+09:00
2024-05-09,034020,두산에너빌리티,11,10196747580,17640,2712.14,,2026-09-09T22:32:51+09:00
2024-05-09,051900,LG생활건강,12,10025421000,459000,2712.14,,2026-09-09T22:32:51+09:00
2024-05-09,103140,풍산,13,9725109100,72100,2712.14,,2026-09-09T22:32:51+09:00
2024-05-09,005490,POSCO홀딩스,14,9451308000,398000,2712.14,,2026-09-09T22:32:51+09:00
2024-05-09,028670,팬오션,15,8273794245,4645,2712.14,,2026-09-09T22:32:51+09:00
2024-05-09,022100,포스코DX,16,7661959600,42550,2712.14,,2026-09-09T22:32:51+09:00
2024-05-09,009470,삼화전기,17,5886732500,67000,2712.14,,2026-09-09T22:32:51+09:00
2024-05-09,032830,삼성생명,18,5392861900,88600,2712.14,,2026-09-09T22:32:51+09:00
2024-05-09,011070,LG이노텍,19,4405051500,232500,2712.14,,2026-09-09T22:32:51+09:00
2024-05-09,103590,일진전기,20,3926988150,22550,2712.14,,2026-09-09T22:32:51+09:00
2024-05-10,000660,SK하이닉스,1,53425045500,179900,2727.63,,2026-09-09T22:32:56+09:00
2024-05-10,005930,삼성전자,2,49772980700,79200,2727.63,,2026-09-09T22:32:56+09:00
2024-05-10,066570,LG전자,3,45626605200,97500,2727.63,,2026-09-09T22:32:56+09:00
2024-05-10,105560,KB금융,4,20996277400,79300,2727.63,,2026-09-09T22:32:56+09:00
2024-05-10,032830,삼성생명,5,18352984200,91900,2727.63,,2026-09-09T22:32:56+09:00
2024-05-10,000270,기아,6,17050961300,114100,2727.63,,2026-09-09T22:32:56+09:00
2024-05-10,036570,엔씨소프트,7,14292123700,204000,2727.63,,2026-09-09T22:32:56+09:00
2024-05-10,251270,넷마블,8,14197192100,69400,2727.63,,2026-09-09T22:32:56+09:00
2024-05-10,012450,한화에어로스페이스,9,13803210500,218000,2727.63,,2026-09-09T22:32:56+09:00
2024-05-10,010120,LS ELECTRIC,10,13669623000,178000,2727.63,,2026-09-09T22:32:56+09:00
2024-05-10,066970,엘앤에프,11,10581504100,153300,2727.63,,2026-09-09T22:32:56+09:00
2024-05-10,028670,팬오션,12,10377980660,4815,2727.63,,2026-09-09T22:32:56+09:00
2024-05-10,010140,삼성중공업,13,9900393140,9890,2727.63,,2026-09-09T22:32:56+09:00
2024-05-10,086790,하나금융지주,14,9879830400,62100,2727.63,,2026-09-09T22:32:56+09:00
2024-05-10,005380,현대차,15,9742454000,241500,2727.63,,2026-09-09T22:32:56+09:00
2024-05-10,005880,대한해운,16,9384690066,2200,2727.63,,2026-09-09T22:32:56+09:00
2024-05-10,103590,일진전기,17,8555542400,24650,2727.63,,2026-09-09T22:32:56+09:00
2024-05-10,259960,크래프톤,18,6830466500,259000,2727.63,,2026-09-09T22:32:56+09:00
2024-05-10,003160,디아이,19,6578652970,17300,2727.63,,2026-09-09T22:32:56+09:00
2024-05-10,316140,우리금융지주,20,5885394690,14530,2727.63,,2026-09-09T22:32:56+09:00
2024-05-13,000660,SK하이닉스,1,90944592000,183800,2727.21,,2026-09-09T22:33:05+09:00
2024-05-13,005380,현대차,2,36613531500,245000,2727.21,,2026-09-09T22:33:05+09:00
2024-05-13,001440,대한전선,3,28009498240,18110,2727.21,,2026-09-09T22:33:05+09:00
2024-05-13,010140,삼성중공업,4,25344038450,10170,2727.21,,2026-09-09T22:33:05+09:00
2024-05-13,000270,기아,5,17783039600,114300,2727.21,,2026-09-09T22:33:05+09:00
2024-05-13,009540,HD한국조선해양,6,16798486200,136300,2727.21,,2026-09-09T22:33:05+09:00
2024-05-13,035420,NAVER,7,13728630200,184300,2727.21,,2026-09-09T22:33:05+09:00
2024-05-13,012450,한화에어로스페이스,8,10738770000,221500,2727.21,,2026-09-09T22:33:05+09:00
2024-05-13,032830,삼성생명,9,10298031100,93100,2727.21,,2026-09-09T22:33:05+09:00
2024-05-13,259960,크래프톤,10,9649448000,259500,2727.21,,2026-09-09T22:33:05+09:00
2024-05-13,034020,두산에너빌리티,11,8063442050,17700,2727.21,,2026-09-09T22:33:05+09:00
2024-05-13,042660,한화오션,12,7591352750,33200,2727.21,,2026-09-09T22:33:05+09:00
2024-05-13,373220,LG에너지솔루션,13,7140111500,381500,2727.21,,2026-09-09T22:33:05+09:00
2024-05-13,450080,에코프로머티,14,6995647400,97100,2727.21,,2026-09-09T22:33:05+09:00
2024-05-13,267260,HD현대일렉트릭,15,6795430500,257000,2727.21,,2026-09-09T22:33:05+09:00
2024-05-13,011790,SKC,16,6304746300,110600,2727.21,,2026-09-09T22:33:05+09:00
2024-05-13,004370,농심,17,5626074000,424000,2727.21,,2026-09-09T22:33:05+09:00
2024-05-13,042700,한미반도체,18,5471926800,139700,2727.21,,2026-09-09T22:33:05+09:00
2024-05-13,000810,삼성화재,19,5051668500,335500,2727.21,,2026-09-09T22:33:05+09:00
2024-05-13,066970,엘앤에프,20,4976397200,156500,2727.21,,2026-09-09T22:33:05+09:00
2024-05-14,000660,SK하이닉스,1,74878704300,185300,2730.34,,2026-09-09T22:33:11+09:00
2024-05-14,005380,현대차,2,50011270500,246500,2730.34,,2026-09-09T22:33:11+09:00
2024-05-14,051910,LG화학,3,20714895500,402500,2730.34,,2026-09-09T22:33:11+09:00
2024-05-14,042700,한미반도체,4,19421886200,141800,2730.34,,2026-09-09T22:33:11+09:00
2024-05-14,373220,LG에너지솔루션,5,17903910000,385500,2730.34,,2026-09-09T22:33:11+09:00
2024-05-14,036570,엔씨소프트,6,16263073000,220000,2730.34,,2026-09-09T22:33:11+09:00
2024-05-14,192820,코스맥스,7,16019474000,160500,2730.34,,2026-09-09T22:33:11+09:00
2024-05-14,007660,이수페타시스,8,13401401100,42750,2730.34,,2026-09-09T22:33:11+09:00
2024-05-14,032830,삼성생명,9,11885127200,93000,2730.34,,2026-09-09T22:33:11+09:00
2024-05-14,030200,KT,10,9147346100,36550,2730.34,,2026-09-09T22:33:11+09:00
2024-05-14,086280,현대글로비스,11,8518708100,188100,2730.34,,2026-09-09T22:33:11+09:00
2024-05-14,064350,현대로템,12,8347247200,38550,2730.34,,2026-09-09T22:33:11+09:00
2024-05-14,161390,한국타이어앤테크놀로지,13,7735706700,45100,2730.34,,2026-09-09T22:33:11+09:00
2024-05-14,018260,삼성에스디에스,14,7226019400,161600,2730.34,,2026-09-09T22:33:11+09:00
2024-05-14,006650,대한유화,15,6827116300,152100,2730.34,,2026-09-09T22:33:11+09:00
2024-05-14,443060,HD현대마린솔루션,16,6704026400,205500,2730.34,,2026-09-09T22:33:11+09:00
2024-05-14,298020,효성티앤씨,17,6449080500,388000,2730.34,,2026-09-09T22:33:11+09:00
2024-05-14,005490,POSCO홀딩스,18,6431849000,401500,2730.34,,2026-09-09T22:33:11+09:00
2024-05-14,000810,삼성화재,19,6283755000,336500,2730.34,,2026-09-09T22:33:11+09:00
2024-05-14,012510,더존비즈온,20,5828623900,55100,2730.34,,2026-09-09T22:33:11+09:00
2024-05-16,000660,SK하이닉스,1,324149000300,193000,2753.0,,2026-09-09T22:33:17+09:00
2024-05-16,007660,이수페타시스,2,114049654350,50800,2753.0,,2026-09-09T22:33:17+09:00
2024-05-16,010120,LS ELECTRIC,3,45226566100,197100,2753.0,,2026-09-09T22:33:17+09:00
2024-05-16,032830,삼성생명,4,28115030600,95000,2753.0,,2026-09-09T22:33:17+09:00
2024-05-16,066970,엘앤에프,5,24021320700,162500,2753.0,,2026-09-09T22:33:17+09:00
2024-05-16,034020,두산에너빌리티,6,23513940270,18100,2753.0,,2026-09-09T22:33:17+09:00
2024-05-16,000810,삼성화재,7,20490182500,370000,2753.0,,2026-09-09T22:33:17+09:00
2024-05-16,001440,대한전선,8,19452511870,18580,2753.0,,2026-09-09T22:33:17+09:00
2024-05-16,005380,현대차,9,18844617500,247000,2753.0,,2026-09-09T22:33:17+09:00
2024-05-16,028260,삼성물산,10,16688159300,153100,2753.0,,2026-09-09T22:33:17+09:00
2024-05-16,090430,아모레퍼시픽,11,16477163800,176400,2753.0,,2026-09-09T22:33:17+09:00
2024-05-16,010130,고려아연,12,15749054000,514000,2753.0,,2026-09-09T22:33:17+09:00
2024-05-16,006260,LS,13,14294249400,161500,2753.0,,2026-09-09T22:33:17+09:00
2024-05-16,042700,한미반도체,14,13803501200,144100,2753.0,,2026-09-09T22:33:17+09:00
2024-05-16,103590,일진전기,15,13620852100,25650,2753.0,,2026-09-09T22:33:17+09:00
2024-05-16,112610,씨에스윈드,16,11834105300,50300,2753.0,,2026-09-09T22:33:17+09:00
2024-05-16,030200,KT,17,11771777700,37700,2753.0,,2026-09-09T22:33:17+09:00
2024-05-16,001450,현대해상,18,11488565200,34600,2753.0,,2026-09-09T22:33:17+09:00
2024-05-16,267260,HD현대일렉트릭,19,10769754500,256000,2753.0,,2026-09-09T22:33:17+09:00
2024-05-16,006400,삼성SDI,20,10622062000,441500,2753.0,,2026-09-09T22:33:17+09:00
2024-05-17,329180,HD현대중공업,1,282427067900,130200,2724.62,,2026-09-09T22:33:22+09:00
2024-05-17,000270,기아,2,21928928500,112700,2724.62,,2026-09-09T22:33:22+09:00
2024-05-17,005380,현대차,3,19018419000,244000,2724.62,,2026-09-09T22:33:22+09:00
2024-05-17,000660,SK하이닉스,4,15173872400,189900,2724.62,,2026-09-09T22:33:22+09:00
2024-05-17,298040,효성중공업,5,12090805000,370500,2724.62,,2026-09-09T22:33:22+09:00
2024-05-17,000810,삼성화재,6,10676211500,371000,2724.62,,2026-09-09T22:33:22+09:00
2024-05-17,005850,에스엘,7,8621595900,35500,2724.62,,2026-09-09T22:33:22+09:00
2024-05-17,402340,SK스퀘어,8,8005208200,82300,2724.62,,2026-09-09T22:33:22+09:00
2024-05-17,298020,효성티앤씨,9,7894010500,412000,2724.62,,2026-09-09T22:33:22+09:00
2024-05-17,034020,두산에너빌리티,10,6933915170,18050,2724.62,,2026-09-09T22:33:22+09:00
2024-05-17,005180,빙그레,11,6152695200,88300,2724.62,,2026-09-09T22:33:22+09:00
2024-05-17,000100,유한양행,12,6019973900,77400,2724.62,,2026-09-09T22:33:22+09:00
2024-05-17,086280,현대글로비스,13,5770677100,191300,2724.62,,2026-09-09T22:33:22+09:00
2024-05-17,066570,LG전자,14,5005068500,97900,2724.62,,2026-09-09T22:33:22+09:00
2024-05-17,009150,삼성전기,15,4985473800,151700,2724.62,,2026-09-09T22:33:22+09:00
2024-05-17,036570,엔씨소프트,16,4578895000,216500,2724.62,,2026-09-09T22:33:22+09:00
2024-05-17,207940,삼성바이오로직스,17,3824982000,788000,2724.62,,2026-09-09T22:33:22+09:00
2024-05-17,012330,현대모비스,18,3670484500,227000,2724.62,,2026-09-09T22:33:22+09:00
2024-05-17,097950,CJ제일제당,19,3574219500,333500,2724.62,,2026-09-09T22:33:22+09:00
2024-05-17,259960,크래프톤,20,3540873500,258000,2724.62,,2026-09-09T22:33:22+09:00
2024-05-20,005380,현대차,1,64975925000,250500,2742.14,,2026-09-09T22:33:31+09:00
2024-05-20,005490,POSCO홀딩스,2,32092926000,401000,2742.14,,2026-09-09T22:33:31+09:00
2024-05-20,006260,LS,3,19936375600,187500,2742.14,,2026-09-09T22:33:31+09:00
2024-05-20,000270,기아,4,17924043000,114900,2742.14,,2026-09-09T22:33:31+09:00
2024-05-20,011200,HMM,5,14571505820,17550,2742.14,,2026-09-09T22:33:31+09:00
2024-05-20,005930,삼성전자,6,14116753900,78900,2742.14,,2026-09-09T22:33:31+09:00
2024-05-20,064350,현대로템,7,12648802800,38350,2742.14,,2026-09-09T22:33:31+09:00
2024-05-20,012510,더존비즈온,8,12464469300,59200,2742.14,,2026-09-09T22:33:31+09:00
2024-05-20,001120,LX인터내셔널,9,11994662700,32900,2742.14,,2026-09-09T22:33:31+09:00
2024-05-20,001440,대한전선,10,9305525200,19680,2742.14,,2026-09-09T22:33:31+09:00
2024-05-20,090460,비에이치,11,9201806850,22850,2742.14,,2026-09-09T22:33:31+09:00
2024-05-20,267260,HD현대일렉트릭,12,8383904500,260000,2742.14,,2026-09-09T22:33:31+09:00
2024-05-20,001040,CJ,13,7609004500,138900,2742.14,,2026-09-09T22:33:31+09:00
2024-05-20,011790,SKC,14,6899655700,104200,2742.14,,2026-09-09T22:33:31+09:00
2024-05-20,042700,한미반도체,15,6299267600,141300,2742.14,,2026-09-09T22:33:31+09:00
2024-05-20,047810,한국항공우주,16,6105393900,55200,2742.14,,2026-09-09T22:33:31+09:00
2024-05-20,009830,한화솔루션,17,6009490100,31800,2742.14,,2026-09-09T22:33:31+09:00
2024-05-20,034020,두산에너빌리티,18,5727959700,17800,2742.14,,2026-09-09T22:33:31+09:00
2024-05-20,103590,일진전기,19,5508960050,25600,2742.14,,2026-09-09T22:33:31+09:00
2024-05-20,454910,두산로보틱스,20,5486217300,73700,2742.14,,2026-09-09T22:33:31+09:00
2024-05-21,005930,삼성전자,1,100308340000,78400,2724.18,,2026-09-09T22:33:36+09:00
2024-05-21,001570,금양,2,56699998920,90900,2724.18,,2026-09-09T22:33:36+09:00
2024-05-21,000660,SK하이닉스,3,42189245200,192000,2724.18,,2026-09-09T22:33:36+09:00
2024-05-21,009150,삼성전기,4,36281583600,158400,2724.18,,2026-09-09T22:33:36+09:00
2024-05-21,005380,현대차,5,26696827500,253000,2724.18,,2026-09-09T22:33:36+09:00
2024-05-21,032830,삼성생명,6,11102779500,91800,2724.18,,2026-09-09T22:33:36+09:00
2024-05-21,229640,LS에코에너지,7,9278592200,37400,2724.18,,2026-09-09T22:33:36+09:00
2024-05-21,298040,효성중공업,8,7847311500,419500,2724.18,,2026-09-09T22:33:36+09:00
2024-05-21,034020,두산에너빌리티,9,7263263150,17710,2724.18,,2026-09-09T22:33:36+09:00
2024-05-21,010130,고려아연,10,7021792000,537000,2724.18,,2026-09-09T22:33:36+09:00
2024-05-21,003230,삼양식품,11,7020922000,497500,2724.18,,2026-09-09T22:33:36+09:00
2024-05-21,003670,포스코퓨처엠,12,6816244000,263000,2724.18,,2026-09-09T22:33:36+09:00
2024-05-21,018260,삼성에스디에스,13,6482013900,166100,2724.18,,2026-09-09T22:33:36+09:00
2024-05-21,259960,크래프톤,14,5698377000,252500,2724.18,,2026-09-09T22:33:36+09:00
2024-05-21,316140,우리금융지주,15,5615708980,14870,2724.18,,2026-09-09T22:33:36+09:00
2024-05-21,064350,현대로템,16,5271004800,38750,2724.18,,2026-09-09T22:33:36+09:00
2024-05-21,001450,현대해상,17,5065534650,34200,2724.18,,2026-09-09T22:33:36+09:00
2024-05-21,007660,이수페타시스,18,4970160200,53000,2724.18,,2026-09-09T22:33:36+09:00
2024-05-21,009540,HD한국조선해양,19,4911899900,131200,2724.18,,2026-09-09T22:33:36+09:00
2024-05-21,267250,HD현대,20,4576628800,68200,2724.18,,2026-09-09T22:33:36+09:00
2024-05-22,000660,SK하이닉스,1,252825679400,197700,2723.46,,2026-09-09T22:33:41+09:00
2024-05-22,005380,현대차,2,234193696000,277000,2723.46,,2026-09-09T22:33:41+09:00
2024-05-22,042700,한미반도체,3,53867469200,147300,2723.46,,2026-09-09T22:33:41+09:00
2024-05-22,000270,기아,4,24645001200,118900,2723.46,,2026-09-09T22:33:41+09:00
2024-05-22,090430,아모레퍼시픽,5,17381508900,188600,2723.46,,2026-09-09T22:33:41+09:00
2024-05-22,006260,LS,6,12763490700,175800,2723.46,,2026-09-09T22:33:41+09:00
2024-05-22,034020,두산에너빌리티,7,9999241060,18060,2723.46,,2026-09-09T22:33:41+09:00
2024-05-22,015760,한국전력,8,8900591760,20100,2723.46,,2026-09-09T22:33:41+09:00
2024-05-22,009540,HD한국조선해양,9,8488403800,128300,2723.46,,2026-09-09T22:33:41+09:00
2024-05-22,259960,크래프톤,10,7355952000,254500,2723.46,,2026-09-09T22:33:41+09:00
2024-05-22,052690,한전기술,11,7287492300,71700,2723.46,,2026-09-09T22:33:41+09:00
2024-05-22,051900,LG생활건강,12,7128654500,469000,2723.46,,2026-09-09T22:33:41+09:00
2024-05-22,103140,풍산,13,5864339100,69100,2723.46,,2026-09-09T22:33:41+09:00
2024-05-22,005385,현대차우,14,5818166400,166600,2723.46,,2026-09-09T22:33:41+09:00
2024-05-22,161390,한국타이어앤테크놀로지,15,5298986050,44850,2723.46,,2026-09-09T22:33:41+09:00
2024-05-22,097950,CJ제일제당,16,5295060500,354000,2723.46,,2026-09-09T22:33:41+09:00
2024-05-22,066970,엘앤에프,17,5285933600,153200,2723.46,,2026-09-09T22:33:41+09:00
2024-05-22,028260,삼성물산,18,5208951500,147000,2723.46,,2026-09-09T22:33:41+09:00
2024-05-22,192820,코스맥스,19,5060469800,171500,2723.46,,2026-09-09T22:33:41+09:00
2024-05-22,003230,삼양식품,20,4899953500,495000,2723.46,,2026-09-09T22:33:41+09:00
2024-05-23,000660,SK하이닉스,1,256204366700,200000,2721.81,,2026-09-09T22:33:45+09:00
2024-05-23,005930,삼성전자,2,113375791200,78300,2721.81,,2026-09-09T22:33:45+09:00
2024-05-23,000270,기아,3,32562586600,120500,2721.81,,2026-09-09T22:33:45+09:00
2024-05-23,267260,HD현대일렉트릭,4,26742737500,255500,2721.81,,2026-09-09T22:33:45+09:00
2024-05-23,103140,풍산,5,13058088500,65800,2721.81,,2026-09-09T22:33:45+09:00
2024-05-23,112610,씨에스윈드,6,12889596100,51500,2721.81,,2026-09-09T22:33:45+09:00
2024-05-23,402340,SK스퀘어,7,10923561900,83300,2721.81,,2026-09-09T22:33:45+09:00
2024-05-23,006260,LS,8,10851806200,168000,2721.81,,2026-09-09T22:33:45+09:00
2024-05-23,003230,삼양식품,9,10556535500,488500,2721.81,,2026-09-09T22:33:45+09:00
2024-05-23,051910,LG화학,10,10099480000,394000,2721.81,,2026-09-09T22:33:45+09:00
2024-05-23,018260,삼성에스디에스,11,9932344800,167700,2721.81,,2026-09-09T22:33:45+09:00
2024-05-23,278470,에이피알,12,8502808500,331500,2721.81,,2026-09-09T22:33:45+09:00
2024-05-23,267250,HD현대,13,7412820200,68800,2721.81,,2026-09-09T22:33:45+09:00
2024-05-23,000150,두산,14,7228261500,193400,2721.81,,2026-09-09T22:33:45+09:00
2024-05-23,090430,아모레퍼시픽,15,7096460400,188000,2721.81,,2026-09-09T22:33:45+09:00
2024-05-23,010130,고려아연,16,6951838000,514000,2721.81,,2026-09-09T22:33:45+09:00
2024-05-23,010060,OCI홀딩스,17,5783158800,100000,2721.81,,2026-09-09T22:33:45+09:00
2024-05-23,086790,하나금융지주,18,5733052200,61300,2721.81,,2026-09-09T22:33:45+09:00
2024-05-23,373220,LG에너지솔루션,19,5465083500,362000,2721.81,,2026-09-09T22:33:45+09:00
2024-05-23,352820,하이브,20,5320889700,198100,2721.81,,2026-09-09T22:33:45+09:00
2024-05-24,000660,SK하이닉스,1,155027981600,198600,2687.6,,2026-09-09T22:33:51+09:00
2024-05-24,267260,HD현대일렉트릭,2,124157421000,283000,2687.6,,2026-09-09T22:33:51+09:00
2024-05-24,475150,SK이터닉스,3,49676437738,28350,2687.6,,2026-09-09T22:33:51+09:00
2024-05-24,000270,기아,4,25426992900,120000,2687.6,,2026-09-09T22:33:51+09:00
2024-05-24,005380,현대차,5,22087961500,267500,2687.6,,2026-09-09T22:33:51+09:00
2024-05-24,009540,HD한국조선해양,6,17995188500,135400,2687.6,,2026-09-09T22:33:51+09:00
2024-05-24,034020,두산에너빌리티,7,16417723300,18260,2687.6,,2026-09-09T22:33:51+09:00
2024-05-24,003230,삼양식품,8,14134477000,501000,2687.6,,2026-09-09T22:33:51+09:00
2024-05-24,010140,삼성중공업,9,13571866370,9650,2687.6,,2026-09-09T22:33:51+09:00
2024-05-24,402340,SK스퀘어,10,13517637600,85400,2687.6,,2026-09-09T22:33:51+09:00
2024-05-24,001440,대한전선,11,11716193360,19180,2687.6,,2026-09-09T22:33:51+09:00
2024-05-24,278470,에이피알,12,9849103000,362000,2687.6,,2026-09-09T22:33:51+09:00
2024-05-24,010120,LS ELECTRIC,13,9005208500,231000,2687.6,,2026-09-09T22:33:51+09:00
2024-05-24,064350,현대로템,14,8916817400,38650,2687.6,,2026-09-09T22:33:51+09:00
2024-05-24,259960,크래프톤,15,8877360500,260000,2687.6,,2026-09-09T22:33:51+09:00
2024-05-24,103590,일진전기,16,7427058150,25100,2687.6,,2026-09-09T22:33:51+09:00
2024-05-24,007660,이수페타시스,17,7024615500,50300,2687.6,,2026-09-09T22:33:51+09:00
2024-05-24,267250,HD현대,18,6967024100,68500,2687.6,,2026-09-09T22:33:51+09:00
2024-05-24,352820,하이브,19,5775757200,200500,2687.6,,2026-09-09T22:33:51+09:00
2024-05-24,018260,삼성에스디에스,20,5757727700,168000,2687.6,,2026-09-09T22:33:51+09:00
2024-05-27,000660,SK하이닉스,1,382024056000,201500,2722.99,,2026-09-09T22:34:00+09:00
2024-05-27,034020,두산에너빌리티,2,116825574500,21300,2722.99,,2026-09-09T22:34:00+09:00
2024-05-27,042700,한미반도체,3,58023610800,152200,2722.99,,2026-09-09T22:34:00+09:00
2024-05-27,267260,HD현대일렉트릭,4,56640124000,293500,2722.99,,2026-09-09T22:34:00+09:00
2024-05-27,000270,기아,5,53668486700,122500,2722.99,,2026-09-09T22:34:00+09:00
2024-05-27,011790,SKC,6,20222932000,135600,2722.99,,2026-09-09T22:34:00+09:00
2024-05-27,005070,코스모신소재,7,18979816800,152800,2722.99,,2026-09-09T22:34:00+09:00
2024-05-27,003670,포스코퓨처엠,8,14946366000,275000,2722.99,,2026-09-09T22:34:00+09:00
2024-05-27,066970,엘앤에프,9,14508564300,159100,2722.99,,2026-09-09T22:34:00+09:00
2024-05-27,006260,LS,10,12448431100,174700,2722.99,,2026-09-09T22:34:00+09:00
2024-05-27,259960,크래프톤,11,12280477500,260000,2722.99,,2026-09-09T22:34:00+09:00
2024-05-27,009830,한화솔루션,12,10644349250,32850,2722.99,,2026-09-09T22:34:00+09:00
2024-05-27,267270,HD현대건설기계,13,10139657600,59700,2722.99,,2026-09-09T22:34:00+09:00
2024-05-27,042670,HD현대인프라코어,14,8961623550,8730,2722.99,,2026-09-09T22:34:00+09:00
2024-05-27,009540,HD한국조선해양,15,8657576600,134300,2722.99,,2026-09-09T22:34:00+09:00
2024-05-27,454910,두산로보틱스,16,8434140700,73800,2722.99,,2026-09-09T22:34:00+09:00
2024-05-27,096770,SK이노베이션,17,6499712300,105100,2722.99,,2026-09-09T22:34:00+09:00
2024-05-27,079550,LIG넥스원,18,6013592600,161600,2722.99,,2026-09-09T22:34:00+09:00
2024-05-27,103140,풍산,19,5402765100,64500,2722.99,,2026-09-09T22:34:00+09:00
2024-05-27,011200,HMM,20,4818435050,17550,2722.99,,2026-09-09T22:34:00+09:00
2024-05-28,066570,LG전자,1,134136626000,109300,2722.85,,2026-09-09T22:34:04+09:00
2024-05-28,042700,한미반도체,2,47518403700,163000,2722.85,,2026-09-09T22:34:04+09:00
2024-05-28,034020,두산에너빌리티,3,36917707000,21800,2722.85,,2026-09-09T22:34:04+09:00
2024-05-28,047810,한국항공우주,4,26265422600,58600,2722.85,,2026-09-09T22:34:04+09:00
2024-05-28,000270,기아,5,19142514900,122400,2722.85,,2026-09-09T22:34:04+09:00
2024-05-28,000660,SK하이닉스,6,18501980000,202500,2722.85,,2026-09-09T22:34:04+09:00
2024-05-28,012450,한화에어로스페이스,7,16215301500,223000,2722.85,,2026-09-09T22:34:04+09:00
2024-05-28,006260,LS,8,14181939300,183200,2722.85,,2026-09-09T22:34:04+09:00
2024-05-28,079550,LIG넥스원,9,11643521300,170600,2722.85,,2026-09-09T22:34:04+09:00
2024-05-28,011790,SKC,10,8816559100,139700,2722.85,,2026-09-09T22:34:04+09:00
2024-05-28,298040,효성중공업,11,8485306500,449500,2722.85,,2026-09-09T22:34:04+09:00
2024-05-28,064350,현대로템,12,8147037750,39700,2722.85,,2026-09-09T22:34:04+09:00
2024-05-28,192820,코스맥스,13,7907584000,163500,2722.85,,2026-09-09T22:34:04+09:00
2024-05-28,103590,일진전기,14,7731185150,28000,2722.85,,2026-09-09T22:34:04+09:00
2024-05-28,267250,HD현대,15,7011346100,68500,2722.85,,2026-09-09T22:34:04+09:00
2024-05-28,267260,HD현대일렉트릭,16,5246686500,302500,2722.85,,2026-09-09T22:34:04+09:00
2024-05-28,066575,LG전자우,17,4705789950,47800,2722.85,,2026-09-09T22:34:04+09:00
2024-05-28,011200,HMM,18,4300072140,18010,2722.85,,2026-09-09T22:34:04+09:00
2024-05-28,009150,삼성전기,19,4244864700,159600,2722.85,,2026-09-09T22:34:04+09:00
2024-05-28,010120,LS ELECTRIC,20,4100178000,231000,2722.85,,2026-09-09T22:34:04+09:00
2024-05-29,042700,한미반도체,1,47066372400,169200,2677.3,,2026-09-09T22:34:09+09:00
2024-05-29,011790,SKC,2,11789998600,141000,2677.3,,2026-09-09T22:34:09+09:00
2024-05-29,000660,SK하이닉스,3,9763863000,202500,2677.3,,2026-09-09T22:34:09+09:00
2024-05-29,090430,아모레퍼시픽,4,9133782800,186200,2677.3,,2026-09-09T22:34:09+09:00
2024-05-29,267250,HD현대,5,8427320700,69600,2677.3,,2026-09-09T22:34:09+09:00
2024-05-29,000270,기아,6,8316464100,122000,2677.3,,2026-09-09T22:34:09+09:00
2024-05-29,105560,KB금융,7,5890717400,78100,2677.3,,2026-09-09T22:34:09+09:00
2024-05-29,051900,LG생활건강,8,5737572500,430000,2677.3,,2026-09-09T22:34:09+09:00
2024-05-29,001450,현대해상,9,4916618800,33000,2677.3,,2026-09-09T22:34:09+09:00
2024-05-29,011200,HMM,10,4886946420,18180,2677.3,,2026-09-09T22:34:09+09:00
2024-05-29,402340,SK스퀘어,11,4780913000,81100,2677.3,,2026-09-09T22:34:09+09:00
2024-05-29,001040,CJ,12,4206826900,136200,2677.3,,2026-09-09T22:34:09+09:00
2024-05-29,042660,한화오션,13,3985033950,30750,2677.3,,2026-09-09T22:34:09+09:00
2024-05-29,034020,두산에너빌리티,14,3712265050,20950,2677.3,,2026-09-09T22:34:09+09:00
2024-05-29,020150,롯데에너지머티리얼즈,15,3647264000,48900,2677.3,,2026-09-09T22:34:09+09:00
2024-05-29,005830,DB손해보험,16,3377419200,102600,2677.3,,2026-09-09T22:34:09+09:00
2024-05-29,010140,삼성중공업,17,3223856810,9400,2677.3,,2026-09-09T22:34:09+09:00
2024-05-29,128940,한미약품,18,3135743500,291000,2677.3,,2026-09-09T22:34:09+09:00
2024-05-29,192820,코스맥스,19,2815706200,166200,2677.3,,2026-09-09T22:34:09+09:00
2024-05-29,214420,토니모리,20,2798587240,10710,2677.3,,2026-09-09T22:34:09+09:00
2024-05-30,105560,KB금융,1,15783454400,78700,2635.44,,2026-09-09T22:34:14+09:00
2024-05-30,267260,HD현대일렉트릭,2,14454383000,289500,2635.44,,2026-09-09T22:34:14+09:00
2024-05-30,259960,크래프톤,3,9340842500,251000,2635.44,,2026-09-09T22:34:14+09:00
2024-05-30,005490,POSCO홀딩스,4,8234086000,369500,2635.44,,2026-09-09T22:34:14+09:00
2024-05-30,066570,LG전자,5,7768864500,106300,2635.44,,2026-09-09T22:34:14+09:00
2024-05-30,006260,LS,6,7446964600,177000,2635.44,,2026-09-09T22:34:14+09:00
2024-05-30,003230,삼양식품,7,7134129000,528000,2635.44,,2026-09-09T22:34:14+09:00
2024-05-30,005380,현대차,8,6382512500,257000,2635.44,,2026-09-09T22:34:14+09:00
2024-05-30,030200,KT,9,5754665300,36150,2635.44,,2026-09-09T22:34:14+09:00
2024-05-30,064350,현대로템,10,5727069100,36850,2635.44,,2026-09-09T22:34:14+09:00
2024-05-30,352820,하이브,11,5456536900,204000,2635.44,,2026-09-09T22:34:14+09:00
2024-05-30,001440,대한전선,12,5040581870,17300,2635.44,,2026-09-09T22:34:14+09:00
2024-05-30,128940,한미약품,13,4917889500,286500,2635.44,,2026-09-09T22:34:14+09:00
2024-05-30,103140,풍산,14,4441883600,62900,2635.44,,2026-09-09T22:34:14+09:00
2024-05-30,012330,현대모비스,15,4228694500,215000,2635.44,,2026-09-09T22:34:14+09:00
2024-05-30,051900,LG생활건강,16,3921123000,422500,2635.44,,2026-09-09T22:34:14+09:00
2024-05-30,009470,삼화전기,17,3795962500,70300,2635.44,,2026-09-09T22:34:14+09:00
2024-05-30,022100,포스코DX,18,3218789200,34650,2635.44,,2026-09-09T22:34:14+09:00
2024-05-30,011170,롯데케미칼,19,3212606700,110800,2635.44,,2026-09-09T22:34:14+09:00
2024-05-30,267250,HD현대,20,3060402400,68500,2635.44,,2026-09-09T22:34:14+09:00
2024-05-31,267260,HD현대일렉트릭,1,35414310000,301000,2636.52,,2026-09-09T22:34:19+09:00
2024-05-31,090430,아모레퍼시픽,2,22765559800,194200,2636.52,,2026-09-09T22:34:19+09:00
2024-05-31,005880,대한해운,3,15861692200,2490,2636.52,,2026-09-09T22:34:19+09:00
2024-05-31,006260,LS,4,13754699400,170100,2636.52,,2026-09-09T22:34:19+09:00
2024-05-31,034020,두산에너빌리티,5,9560553050,20800,2636.52,,2026-09-09T22:34:19+09:00
2024-05-31,402340,SK스퀘어,6,9197447300,77600,2636.52,,2026-09-09T22:34:19+09:00
2024-05-31,032350,롯데관광개발,7,8225520090,10840,2636.52,,2026-09-09T22:34:19+09:00
2024-05-31,042660,한화오션,8,7643568300,29700,2636.52,,2026-09-09T22:34:19+09:00
2024-05-31,000270,기아,9,7622638500,117700,2636.52,,2026-09-09T22:34:19+09:00
2024-05-31,066970,엘앤에프,10,7358375000,156400,2636.52,,2026-09-09T22:34:19+09:00
2024-05-31,161890,한국콜마,11,6179524800,64300,2636.52,,2026-09-09T22:34:19+09:00
2024-05-31,103590,일진전기,12,5708004150,27350,2636.52,,2026-09-09T22:34:19+09:00
2024-05-31,175330,JB금융지주,13,5261313740,14620,2636.52,,2026-09-09T22:34:19+09:00
2024-05-31,259960,크래프톤,14,5100339500,250000,2636.52,,2026-09-09T22:34:19+09:00
2024-05-31,003230,삼양식품,15,5057105000,529000,2636.52,,2026-09-09T22:34:19+09:00
2024-05-31,251270,넷마블,16,4414411000,60200,2636.52,,2026-09-09T22:34:19+09:00
2024-05-31,278470,에이피알,17,4293608500,369500,2636.52,,2026-09-09T22:34:19+09:00
2024-05-31,105630,한세실업,18,4145673100,23600,2636.52,,2026-09-09T22:34:19+09:00
2024-05-31,383220,F&F,19,4123229500,67000,2636.52,,2026-09-09T22:34:19+09:00
2024-05-31,003350,한국화장품제조,20,3968715100,54900,2636.52,,2026-09-09T22:34:19+09:00
2024-06-03,005930,삼성전자,1,137127257000,75700,2682.52,,2026-09-09T22:34:28+09:00
2024-06-03,000660,SK하이닉스,2,91879074900,194200,2682.52,,2026-09-09T22:34:28+09:00
2024-06-03,005380,현대차,3,22607874000,265000,2682.52,,2026-09-09T22:34:28+09:00
2024-06-03,010140,삼성중공업,4,22300249100,9600,2682.52,,2026-09-09T22:34:28+09:00
2024-06-03,267260,HD현대일렉트릭,5,19610390000,291000,2682.52,,2026-09-09T22:34:28+09:00
2024-06-03,000100,유한양행,6,18709201700,75000,2682.52,,2026-09-09T22:34:28+09:00
2024-06-03,010120,LS ELECTRIC,7,16639598000,213000,2682.52,,2026-09-09T22:34:28+09:00
2024-06-03,006260,LS,8,15356172000,169800,2682.52,,2026-09-09T22:34:28+09:00
2024-06-03,015760,한국전력,9,15126165490,20300,2682.52,,2026-09-09T22:34:28+09:00
2024-06-03,096770,SK이노베이션,10,12995562700,106300,2682.52,,2026-09-09T22:34:28+09:00
2024-06-03,011200,HMM,11,9853234080,19130,2682.52,,2026-09-09T22:34:28+09:00
2024-06-03,005490,POSCO홀딩스,12,9523613500,374000,2682.52,,2026-09-09T22:34:28+09:00
2024-06-03,090430,아모레퍼시픽,13,8750564800,187200,2682.52,,2026-09-09T22:34:28+09:00
2024-06-03,012330,현대모비스,14,7513934500,220000,2682.52,,2026-09-09T22:34:28+09:00
2024-06-03,454910,두산로보틱스,15,6658323000,74100,2682.52,,2026-09-09T22:34:28+09:00
2024-06-03,012450,한화에어로스페이스,16,6501286000,223000,2682.52,,2026-09-09T22:34:28+09:00
2024-06-03,207940,삼성바이오로직스,17,6331446000,752000,2682.52,,2026-09-09T22:34:28+09:00
2024-06-03,018260,삼성에스디에스,18,5861388700,158800,2682.52,,2026-09-09T22:34:28+09:00
2024-06-03,271560,오리온,19,5773948700,94400,2682.52,,2026-09-09T22:34:28+09:00
2024-06-03,010950,S-Oil,20,5575301400,70000,2682.52,,2026-09-09T22:34:28+09:00
2024-06-04,267260,HD현대일렉트릭,1,41369739000,299000,2662.1,,2026-09-09T22:34:33+09:00
2024-06-04,000660,SK하이닉스,2,23881419500,193300,2662.1,,2026-09-09T22:34:33+09:00
2024-06-04,042700,한미반도체,3,22588642400,148600,2662.1,,2026-09-09T22:34:33+09:00
2024-06-04,298040,효성중공업,4,17807563000,408500,2662.1,,2026-09-09T22:34:33+09:00
2024-06-04,003670,포스코퓨처엠,5,11453620000,262000,2662.1,,2026-09-09T22:34:33+09:00
2024-06-04,001040,CJ,6,10675400800,125100,2662.1,,2026-09-09T22:34:33+09:00
2024-06-04,079550,LIG넥스원,7,10324616600,165300,2662.1,,2026-09-09T22:34:33+09:00
2024-06-04,077970,STX엔진,8,9761444430,14020,2662.1,,2026-09-09T22:34:33+09:00
2024-06-04,066970,엘앤에프,9,9426866100,153900,2662.1,,2026-09-09T22:34:33+09:00
2024-06-04,006260,LS,10,9408214600,163800,2662.1,,2026-09-09T22:34:33+09:00
2024-06-04,010120,LS ELECTRIC,11,9318082000,207000,2662.1,,2026-09-09T22:34:33+09:00
2024-06-04,000150,두산,12,8297894800,195500,2662.1,,2026-09-09T22:34:33+09:00
2024-06-04,005070,코스모신소재,13,7818993800,158800,2662.1,,2026-09-09T22:34:33+09:00
2024-06-04,012330,현대모비스,14,7580609000,220000,2662.1,,2026-09-09T22:34:33+09:00
2024-06-04,001440,대한전선,15,6536713740,16100,2662.1,,2026-09-09T22:34:33+09:00
2024-06-04,090430,아모레퍼시픽,16,6181705200,179100,2662.1,,2026-09-09T22:34:33+09:00
2024-06-04,090460,비에이치,17,5520191650,24050,2662.1,,2026-09-09T22:34:33+09:00
2024-06-04,103140,풍산,18,4980214900,60100,2662.1,,2026-09-09T22:34:33+09:00
2024-06-04,138040,메리츠금융지주,19,4906400500,75100,2662.1,,2026-09-09T22:34:33+09:00
2024-06-04,000100,유한양행,20,4882243800,78500,2662.1,,2026-09-09T22:34:33+09:00
2024-06-05,005930,삼성전자,1,398714651800,77400,2689.5,,2026-09-09T22:34:40+09:00
2024-06-05,010120,LS ELECTRIC,2,31658661000,190200,2689.5,,2026-09-09T22:34:40+09:00
2024-06-05,006260,LS,3,22443223000,149900,2689.5,,2026-09-09T22:34:40+09:00
2024-06-05,003670,포스코퓨처엠,4,20548576000,275500,2689.5,,2026-09-09T22:34:40+09:00
2024-06-05,003230,삼양식품,5,17753485000,581000,2689.5,,2026-09-09T22:34:40+09:00
2024-06-05,005380,현대차,6,16875010000,264000,2689.5,,2026-09-09T22:34:40+09:00
2024-06-05,068270,셀트리온,7,15131237800,190300,2689.5,,2026-09-09T22:34:40+09:00
2024-06-05,090430,아모레퍼시픽,8,15009004800,177800,2689.5,,2026-09-09T22:34:40+09:00
2024-06-05,051910,LG화학,9,11925638000,374500,2689.5,,2026-09-09T22:34:40+09:00
2024-06-05,207940,삼성바이오로직스,10,11856023000,760000,2689.5,,2026-09-09T22:34:40+09:00
2024-06-05,298040,효성중공업,11,11616824000,384500,2689.5,,2026-09-09T22:34:40+09:00
2024-06-05,373220,LG에너지솔루션,12,11547981500,351500,2689.5,,2026-09-09T22:34:40+09:00
2024-06-05,042700,한미반도체,13,10380215300,155800,2689.5,,2026-09-09T22:34:40+09:00
2024-06-05,000100,유한양행,14,10295264400,79600,2689.5,,2026-09-09T22:34:40+09:00
2024-06-05,001440,대한전선,15,9868577550,15550,2689.5,,2026-09-09T22:34:40+09:00
2024-06-05,000660,SK하이닉스,16,9338493300,193700,2689.5,,2026-09-09T22:34:40+09:00
2024-06-05,000270,기아,17,9179557600,119500,2689.5,,2026-09-09T22:34:40+09:00
2024-06-05,079550,LIG넥스원,18,8784883000,166100,2689.5,,2026-09-09T22:34:40+09:00
2024-06-05,192820,코스맥스,19,8226463500,161300,2689.5,,2026-09-09T22:34:40+09:00
2024-06-05,051900,LG생활건강,20,8022823500,410500,2689.5,,2026-09-09T22:34:40+09:00
2024-06-07,000660,SK하이닉스,1,362277092100,207500,2722.67,,2026-09-09T22:34:47+09:00
2024-06-07,042700,한미반도체,2,46409773000,156800,2722.67,,2026-09-09T22:34:47+09:00
2024-06-07,000270,기아,3,25515180200,121100,2722.67,,2026-09-09T22:34:47+09:00
2024-06-07,005490,POSCO홀딩스,4,16508195500,386500,2722.67,,2026-09-09T22:34:47+09:00
2024-06-07,402340,SK스퀘어,5,16201971600,87500,2722.67,,2026-09-09T22:34:47+09:00
2024-06-07,012450,한화에어로스페이스,6,14461212500,209500,2722.67,,2026-09-09T22:34:47+09:00
2024-06-07,009540,HD한국조선해양,7,14288529400,135000,2722.67,,2026-09-09T22:34:47+09:00
2024-06-07,011200,HMM,8,11255976030,19500,2722.67,,2026-09-09T22:34:47+09:00
2024-06-07,064350,현대로템,9,10076286050,37900,2722.67,,2026-09-09T22:34:47+09:00
2024-06-07,079550,LIG넥스원,10,9148624000,167600,2722.67,,2026-09-09T22:34:47+09:00
2024-06-07,066970,엘앤에프,11,8873296600,164800,2722.67,,2026-09-09T22:34:47+09:00
2024-06-07,259960,크래프톤,12,8671323000,256000,2722.67,,2026-09-09T22:34:47+09:00
2024-06-07,105560,KB금융,13,8379901600,79600,2722.67,,2026-09-09T22:34:47+09:00
2024-06-07,278470,에이피알,14,7762928500,324500,2722.67,,2026-09-09T22:34:47+09:00
2024-06-07,003490,대한항공,15,7673494650,22150,2722.67,,2026-09-09T22:34:47+09:00
2024-06-07,161390,한국타이어앤테크놀로지,16,7261542000,44600,2722.67,,2026-09-09T22:34:47+09:00
2024-06-07,010120,LS ELECTRIC,17,7076997700,186400,2722.67,,2026-09-09T22:34:47+09:00
2024-06-07,000100,유한양행,18,6896768000,81800,2722.67,,2026-09-09T22:34:47+09:00
2024-06-07,316140,우리금융지주,19,6552028390,14280,2722.67,,2026-09-09T22:34:47+09:00
2024-06-07,298040,효성중공업,20,6514213000,371000,2722.67,,2026-09-09T22:34:47+09:00
2024-06-10,000660,SK하이닉스,1,95911361500,208000,2701.17,,2026-09-09T22:34:56+09:00
2024-06-10,042700,한미반도체,2,36165622000,160000,2701.17,,2026-09-09T22:34:56+09:00
2024-06-10,005380,현대차,3,35753325500,267500,2701.17,,2026-09-09T22:34:56+09:00
2024-06-10,011790,SKC,4,33092207400,169700,2701.17,,2026-09-09T22:34:56+09:00
2024-06-10,000270,기아,5,32514957900,121400,2701.17,,2026-09-09T22:34:56+09:00
2024-06-10,079550,LIG넥스원,6,21554757000,175900,2701.17,,2026-09-09T22:34:56+09:00
2024-06-10,267260,HD현대일렉트릭,7,20036371500,284500,2701.17,,2026-09-09T22:34:56+09:00
2024-06-10,005935,삼성전자우,8,17449011700,62500,2701.17,,2026-09-09T22:34:56+09:00
2024-06-10,012450,한화에어로스페이스,9,16744368000,214000,2701.17,,2026-09-09T22:34:56+09:00
2024-06-10,352820,하이브,10,14017326100,202500,2701.17,,2026-09-09T22:34:56+09:00
2024-06-10,373220,LG에너지솔루션,11,12164287500,353000,2701.17,,2026-09-09T22:34:56+09:00
2024-06-10,105560,KB금융,12,12162506300,78400,2701.17,,2026-09-09T22:34:56+09:00
2024-06-10,007660,이수페타시스,13,10757668800,48800,2701.17,,2026-09-09T22:34:56+09:00
2024-06-10,443060,HD현대마린솔루션,14,8331175300,136700,2701.17,,2026-09-09T22:34:56+09:00
2024-06-10,086790,하나금융지주,15,8159681300,59700,2701.17,,2026-09-09T22:34:56+09:00
2024-06-10,003490,대한항공,16,5434557900,21950,2701.17,,2026-09-09T22:34:56+09:00
2024-06-10,009540,HD한국조선해양,17,5392751100,134700,2701.17,,2026-09-09T22:34:56+09:00
2024-06-10,090430,아모레퍼시픽,18,4779385000,176100,2701.17,,2026-09-09T22:34:56+09:00
2024-06-10,012330,현대모비스,19,4665246000,221500,2701.17,,2026-09-09T22:34:56+09:00
2024-06-10,259960,크래프톤,20,4220196000,254500,2701.17,,2026-09-09T22:34:56+09:00
2024-06-11,000660,SK하이닉스,1,110536291500,212500,2705.32,,2026-09-09T22:35:01+09:00
2024-06-11,005380,현대차,2,48617841000,271000,2705.32,,2026-09-09T22:35:01+09:00
2024-06-11,000270,기아,3,37938029100,122000,2705.32,,2026-09-09T22:35:01+09:00
2024-06-11,068270,셀트리온,4,15812146200,192600,2705.32,,2026-09-09T22:35:01+09:00
2024-06-11,011070,LG이노텍,5,10040622000,229500,2705.32,,2026-09-09T22:35:01+09:00
2024-06-11,278470,에이피알,6,8763864000,362000,2705.32,,2026-09-09T22:35:01+09:00
2024-06-11,090460,비에이치,7,8746585650,20750,2705.32,,2026-09-09T22:35:01+09:00
2024-06-11,003670,포스코퓨처엠,8,7914357500,286000,2705.32,,2026-09-09T22:35:01+09:00
2024-06-11,011170,롯데케미칼,9,7742769500,119800,2705.32,,2026-09-09T22:35:01+09:00
2024-06-11,105560,KB금융,10,7354904400,78400,2705.32,,2026-09-09T22:35:01+09:00
2024-06-11,004370,농심,11,7079822000,533000,2705.32,,2026-09-09T22:35:01+09:00
2024-06-11,010120,LS ELECTRIC,12,6387669800,194800,2705.32,,2026-09-09T22:35:01+09:00
2024-06-11,450080,에코프로머티,13,6318035200,131800,2705.32,,2026-09-09T22:35:01+09:00
2024-06-11,267250,HD현대,14,5939460900,69100,2705.32,,2026-09-09T22:35:01+09:00
2024-06-11,012510,더존비즈온,15,5876783400,68800,2705.32,,2026-09-09T22:35:01+09:00
2024-06-11,009830,한화솔루션,16,5690337450,32350,2705.32,,2026-09-09T22:35:01+09:00
2024-06-11,028260,삼성물산,17,5632061400,134400,2705.32,,2026-09-09T22:35:01+09:00
2024-06-11,036460,한국가스공사,18,5431425150,44000,2705.32,,2026-09-09T22:35:01+09:00
2024-06-11,192820,코스맥스,19,5398978400,155500,2705.32,,2026-09-09T22:35:01+09:00
2024-06-11,096770,SK이노베이션,20,4722610000,103600,2705.32,,2026-09-09T22:35:01+09:00
2024-06-12,042700,한미반도체,1,169352612600,173900,2728.17,,2026-09-09T22:35:07+09:00
2024-06-12,000660,SK하이닉스,2,122332199000,215000,2728.17,,2026-09-09T22:35:07+09:00
2024-06-12,011070,LG이노텍,3,35391489500,251000,2728.17,,2026-09-09T22:35:07+09:00
2024-06-12,454910,두산로보틱스,4,25382306200,86200,2728.17,,2026-09-09T22:35:07+09:00
2024-06-12,090430,아모레퍼시픽,5,18764534700,191700,2728.17,,2026-09-09T22:35:07+09:00
2024-06-12,259960,크래프톤,6,16578146000,265000,2728.17,,2026-09-09T22:35:07+09:00
2024-06-12,450080,에코프로머티,7,16223528100,133000,2728.17,,2026-09-09T22:35:07+09:00
2024-06-12,006260,LS,8,15792134900,143700,2728.17,,2026-09-09T22:35:07+09:00
2024-06-12,055550,신한지주,9,10761500250,47800,2728.17,,2026-09-09T22:35:07+09:00
2024-06-12,034020,두산에너빌리티,10,10023043480,20000,2728.17,,2026-09-09T22:35:07+09:00
2024-06-12,003550,LG,11,9138554200,83000,2728.17,,2026-09-09T22:35:07+09:00
2024-06-12,001340,백광산업,12,9028741320,17650,2728.17,,2026-09-09T22:35:07+09:00
2024-06-12,010120,LS ELECTRIC,13,8893150600,187400,2728.17,,2026-09-09T22:35:07+09:00
2024-06-12,003230,삼양식품,14,8552185000,607000,2728.17,,2026-09-09T22:35:07+09:00
2024-06-12,192820,코스맥스,15,8413195900,170100,2728.17,,2026-09-09T22:35:07+09:00
2024-06-12,267260,HD현대일렉트릭,16,7899525000,263500,2728.17,,2026-09-09T22:35:07+09:00
2024-06-12,272210,한화시스템,17,6211194130,18120,2728.17,,2026-09-09T22:35:07+09:00
2024-06-12,443060,HD현대마린솔루션,18,5579981600,145200,2728.17,,2026-09-09T22:35:07+09:00
2024-06-12,267250,HD현대,19,5008013200,69400,2728.17,,2026-09-09T22:35:07+09:00
2024-06-12,007660,이수페타시스,20,4800569150,48350,2728.17,,2026-09-09T22:35:07+09:00
2024-06-13,005930,삼성전자,1,945722033900,78600,2754.89,,2026-09-09T22:35:12+09:00
2024-06-13,000660,SK하이닉스,2,357282552500,222000,2754.89,,2026-09-09T22:35:12+09:00
2024-06-13,012450,한화에어로스페이스,3,61580417000,225000,2754.89,,2026-09-09T22:35:12+09:00
2024-06-13,000270,기아,4,52853935100,121700,2754.89,,2026-09-09T22:35:12+09:00
2024-06-13,005380,현대차,5,38501979000,269000,2754.89,,2026-09-09T22:35:12+09:00
2024-06-13,267260,HD현대일렉트릭,6,35613534000,275500,2754.89,,2026-09-09T22:35:12+09:00
2024-06-13,105560,KB금융,7,28154719700,81000,2754.89,,2026-09-09T22:35:12+09:00
2024-06-13,259960,크래프톤,8,26722879500,265500,2754.89,,2026-09-09T22:35:12+09:00
2024-06-13,068270,셀트리온,9,23795298600,182600,2754.89,,2026-09-09T22:35:12+09:00
2024-06-13,005935,삼성전자우,10,23550513100,63100,2754.89,,2026-09-09T22:35:12+09:00
2024-06-13,028260,삼성물산,11,20435058400,134400,2754.89,,2026-09-09T22:35:12+09:00
2024-06-13,035420,NAVER,12,17511124100,169900,2754.89,,2026-09-09T22:35:12+09:00
2024-06-13,010140,삼성중공업,13,16890749190,8910,2754.89,,2026-09-09T22:35:12+09:00
2024-06-13,005490,POSCO홀딩스,14,16128997000,375000,2754.89,,2026-09-09T22:35:12+09:00
2024-06-13,003230,삼양식품,15,15651863000,612000,2754.89,,2026-09-09T22:35:12+09:00
2024-06-13,000990,DB하이텍,16,14590872850,40600,2754.89,,2026-09-09T22:35:12+09:00
2024-06-13,192820,코스맥스,17,13046280700,184100,2754.89,,2026-09-09T22:35:12+09:00
2024-06-13,000810,삼성화재,18,12995602500,330500,2754.89,,2026-09-09T22:35:12+09:00
2024-06-13,377300,카카오페이,19,12584511200,29400,2754.89,,2026-09-09T22:35:12+09:00
2024-06-13,018880,한온시스템,20,9805585470,4725,2754.89,,2026-09-09T22:35:12+09:00
2024-06-14,005930,삼성전자,1,530381923500,79600,2758.42,,2026-09-09T22:35:17+09:00
2024-06-14,000660,SK하이닉스,2,145139097500,221000,2758.42,,2026-09-09T22:35:17+09:00
2024-06-14,005935,삼성전자우,3,50763086900,64400,2758.42,,2026-09-09T22:35:17+09:00
2024-06-14,267260,HD현대일렉트릭,4,47393718000,290000,2758.42,,2026-09-09T22:35:17+09:00
2024-06-14,000270,기아,5,40595183900,122700,2758.42,,2026-09-09T22:35:17+09:00
2024-06-14,009540,HD한국조선해양,6,22378442900,138900,2758.42,,2026-09-09T22:35:17+09:00
2024-06-14,003230,삼양식품,7,17668126000,647000,2758.42,,2026-09-09T22:35:17+09:00
2024-06-14,036460,한국가스공사,8,17165543400,51800,2758.42,,2026-09-09T22:35:17+09:00
2024-06-14,454910,두산로보틱스,9,17006389700,87600,2758.42,,2026-09-09T22:35:17+09:00
2024-06-14,028260,삼성물산,10,15750493900,133000,2758.42,,2026-09-09T22:35:17+09:00
2024-06-14,005380,현대차,11,14465272500,268000,2758.42,,2026-09-09T22:35:17+09:00
2024-06-14,009150,삼성전기,12,13675791700,151700,2758.42,,2026-09-09T22:35:17+09:00
2024-06-14,082740,한화엔진,13,13087120820,15430,2758.42,,2026-09-09T22:35:17+09:00
2024-06-14,352820,하이브,14,12610609400,200500,2758.42,,2026-09-09T22:35:17+09:00
2024-06-14,010140,삼성중공업,15,11278958510,9040,2758.42,,2026-09-09T22:35:17+09:00
2024-06-14,011070,LG이노텍,16,11094343000,264000,2758.42,,2026-09-09T22:35:17+09:00
2024-06-14,373220,LG에너지솔루션,17,10220908000,349000,2758.42,,2026-09-09T22:35:17+09:00
2024-06-14,034730,SK,18,10207048400,177300,2758.42,,2026-09-09T22:35:17+09:00
2024-06-14,192820,코스맥스,19,10016083900,184900,2758.42,,2026-09-09T22:35:17+09:00
2024-06-14,207940,삼성바이오로직스,20,9180402000,737000,2758.42,,2026-09-09T22:35:17+09:00
2024-06-17,000270,기아,1,89948610400,129100,2744.1,,2026-09-09T22:35:26+09:00
2024-06-17,064350,현대로템,2,58697799300,42600,2744.1,,2026-09-09T22:35:26+09:00
2024-06-17,005380,현대차,3,57114520000,278500,2744.1,,2026-09-09T22:35:26+09:00
2024-06-17,079550,LIG넥스원,4,33373058300,206500,2744.1,,2026-09-09T22:35:26+09:00
2024-06-17,000660,SK하이닉스,5,22325137500,223000,2744.1,,2026-09-09T22:35:26+09:00
2024-06-17,028260,삼성물산,6,14716631800,130700,2744.1,,2026-09-09T22:35:26+09:00
2024-06-17,000990,DB하이텍,7,13682824550,43650,2744.1,,2026-09-09T22:35:26+09:00
2024-06-17,352820,하이브,8,11907279800,202500,2744.1,,2026-09-09T22:35:26+09:00
2024-06-17,009150,삼성전기,9,10411047100,150700,2744.1,,2026-09-09T22:35:26+09:00
2024-06-17,012450,한화에어로스페이스,10,10127296000,238500,2744.1,,2026-09-09T22:35:26+09:00
2024-06-17,034220,LG디스플레이,11,8445365300,10380,2744.1,,2026-09-09T22:35:26+09:00
2024-06-17,007660,이수페타시스,12,8267866800,52400,2744.1,,2026-09-09T22:35:26+09:00
2024-06-17,272210,한화시스템,13,7419847070,19550,2744.1,,2026-09-09T22:35:26+09:00
2024-06-17,450080,에코프로머티,14,7299796400,109500,2744.1,,2026-09-09T22:35:26+09:00
2024-06-17,108320,LX세미콘,15,6382073300,72100,2744.1,,2026-09-09T22:35:26+09:00
2024-06-17,001450,현대해상,16,5246383500,31400,2744.1,,2026-09-09T22:35:26+09:00
2024-06-17,006400,삼성SDI,17,5207799500,381000,2744.1,,2026-09-09T22:35:26+09:00
2024-06-17,006110,삼아알미늄,18,5142138700,86600,2744.1,,2026-09-09T22:35:26+09:00
2024-06-17,373220,LG에너지솔루션,19,4772528000,336500,2744.1,,2026-09-09T22:35:26+09:00
2024-06-17,259960,크래프톤,20,4501724000,274500,2744.1,,2026-09-09T22:35:26+09:00
2024-06-18,005930,삼성전자,1,446668268800,79800,2763.92,,2026-09-09T22:35:31+09:00
2024-06-18,000660,SK하이닉스,2,149343540500,234500,2763.92,,2026-09-09T22:35:31+09:00
2024-06-18,272210,한화시스템,3,83497383600,21700,2763.92,,2026-09-09T22:35:31+09:00
2024-06-18,007660,이수페타시스,4,41368734900,56100,2763.92,,2026-09-09T22:35:31+09:00
2024-06-18,000270,기아,5,29714612500,131000,2763.92,,2026-09-09T22:35:31+09:00
2024-06-18,278470,에이피알,6,18420323500,389500,2763.92,,2026-09-09T22:35:31+09:00
2024-06-18,036460,한국가스공사,7,18364559600,55800,2763.92,,2026-09-09T22:35:31+09:00
2024-06-18,241590,화승엔터프라이즈,8,15515141700,8030,2763.92,,2026-09-09T22:35:31+09:00
2024-06-18,259960,크래프톤,9,13507963000,276500,2763.92,,2026-09-09T22:35:31+09:00
2024-06-18,009540,HD한국조선해양,10,13407262700,138600,2763.92,,2026-09-09T22:35:31+09:00
2024-06-18,014680,한솔케미칼,11,12735529300,185800,2763.92,,2026-09-09T22:35:31+09:00
2024-06-18,454910,두산로보틱스,12,10356601500,84900,2763.92,,2026-09-09T22:35:31+09:00
2024-06-18,009150,삼성전기,13,9401412700,151600,2763.92,,2026-09-09T22:35:31+09:00
2024-06-18,090460,비에이치,14,9171944850,25000,2763.92,,2026-09-09T22:35:31+09:00
2024-06-18,086790,하나금융지주,15,7563106900,58400,2763.92,,2026-09-09T22:35:31+09:00
2024-06-18,207940,삼성바이오로직스,16,7536713000,740000,2763.92,,2026-09-09T22:35:31+09:00
2024-06-18,267260,HD현대일렉트릭,17,7238400500,289500,2763.92,,2026-09-09T22:35:31+09:00
2024-06-18,086280,현대글로비스,18,6925460100,202500,2763.92,,2026-09-09T22:35:31+09:00
2024-06-18,011790,SKC,19,6607829400,182000,2763.92,,2026-09-09T22:35:31+09:00
2024-06-18,051900,LG생활건강,20,6449529500,388500,2763.92,,2026-09-09T22:35:31+09:00
2024-06-19,005930,삼성전자,1,243153721200,81200,2797.33,,2026-09-09T22:35:35+09:00
2024-06-19,066570,LG전자,2,80480276200,108000,2797.33,,2026-09-09T22:35:35+09:00
2024-06-19,012450,한화에어로스페이스,3,48361859500,251000,2797.33,,2026-09-09T22:35:35+09:00
2024-06-19,005490,POSCO홀딩스,4,42958647000,373000,2797.33,,2026-09-09T22:35:35+09:00
2024-06-19,034020,두산에너빌리티,5,24312812160,21150,2797.33,,2026-09-09T22:35:35+09:00
2024-06-19,006400,삼성SDI,6,23868157500,392500,2797.33,,2026-09-09T22:35:35+09:00
2024-06-19,009540,HD한국조선해양,7,23486053300,145700,2797.33,,2026-09-09T22:35:35+09:00
2024-06-19,259960,크래프톤,8,22604888500,290000,2797.33,,2026-09-09T22:35:35+09:00
2024-06-19,373220,LG에너지솔루션,9,19147036000,343000,2797.33,,2026-09-09T22:35:35+09:00
2024-06-19,003670,포스코퓨처엠,10,17254509500,267500,2797.33,,2026-09-09T22:35:35+09:00
2024-06-19,000270,기아,11,16527500300,132300,2797.33,,2026-09-09T22:35:35+09:00
2024-06-19,005380,현대차,12,15312983000,286500,2797.33,,2026-09-09T22:35:35+09:00
2024-06-19,034220,LG디스플레이,13,8902670890,10610,2797.33,,2026-09-09T22:35:35+09:00
2024-06-19,042660,한화오션,14,8736866950,33100,2797.33,,2026-09-09T22:35:35+09:00
2024-06-19,011070,LG이노텍,15,8413866500,265000,2797.33,,2026-09-09T22:35:35+09:00
2024-06-19,011790,SKC,16,8181576100,182500,2797.33,,2026-09-09T22:35:35+09:00
2024-06-19,267250,HD현대,17,7939705300,70000,2797.33,,2026-09-09T22:35:35+09:00
2024-06-19,207940,삼성바이오로직스,18,7929059000,755000,2797.33,,2026-09-09T22:35:35+09:00
2024-06-19,032830,삼성생명,19,6904284700,87400,2797.33,,2026-09-09T22:35:35+09:00
2024-06-19,272210,한화시스템,20,6304176500,20700,2797.33,,2026-09-09T22:35:35+09:00
2024-06-20,005930,삼성전자,1,329888987800,81600,2807.63,,2026-09-09T22:35:40+09:00
2024-06-20,005935,삼성전자우,2,39289519400,64500,2807.63,,2026-09-09T22:35:40+09:00
2024-06-20,036460,한국가스공사,3,24037432700,63500,2807.63,,2026-09-09T22:35:40+09:00
2024-06-20,096770,SK이노베이션,4,21879100000,121000,2807.63,,2026-09-09T22:35:40+09:00
2024-06-20,352820,하이브,5,19452372900,202500,2807.63,,2026-09-09T22:35:40+09:00
2024-06-20,108320,LX세미콘,6,16372315200,77900,2807.63,,2026-09-09T22:35:40+09:00
2024-06-20,009150,삼성전기,7,13624782500,151300,2807.63,,2026-09-09T22:35:40+09:00
2024-06-20,105560,KB금융,8,13394129700,80800,2807.63,,2026-09-09T22:35:40+09:00
2024-06-20,003230,삼양식품,9,12431997000,644000,2807.63,,2026-09-09T22:35:40+09:00
2024-06-20,066570,LG전자,10,12213277300,108400,2807.63,,2026-09-09T22:35:40+09:00
2024-06-20,042700,한미반도체,11,12185983700,179300,2807.63,,2026-09-09T22:35:40+09:00
2024-06-20,185750,종근당,12,11472013100,101600,2807.63,,2026-09-09T22:35:40+09:00
2024-06-20,009540,HD한국조선해양,13,11462750300,149900,2807.63,,2026-09-09T22:35:40+09:00
2024-06-20,011200,HMM,14,9452108140,19150,2807.63,,2026-09-09T22:35:40+09:00
2024-06-20,000990,DB하이텍,15,9352580850,57100,2807.63,,2026-09-09T22:35:40+09:00
2024-06-20,055550,신한지주,16,8690100750,47650,2807.63,,2026-09-09T22:35:40+09:00
2024-06-20,051910,LG화학,17,7561617000,361500,2807.63,,2026-09-09T22:35:40+09:00
2024-06-20,278470,에이피알,18,7500967500,364500,2807.63,,2026-09-09T22:35:40+09:00
2024-06-20,010120,LS ELECTRIC,19,7498273500,190300,2807.63,,2026-09-09T22:35:40+09:00
2024-06-20,000810,삼성화재,20,7274599500,360000,2807.63,,2026-09-09T22:35:40+09:00
2024-06-21,267260,HD현대일렉트릭,1,48515024500,317000,2784.26,,2026-09-09T22:35:45+09:00
2024-06-21,003230,삼양식품,2,34410044000,700000,2784.26,,2026-09-09T22:35:45+09:00
2024-06-21,010120,LS ELECTRIC,3,33636754700,210000,2784.26,,2026-09-09T22:35:45+09:00
2024-06-21,278470,에이피알,4,26278118500,399000,2784.26,,2026-09-09T22:35:45+09:00
2024-06-21,066570,LG전자,5,24050321000,108300,2784.26,,2026-09-09T22:35:45+09:00
2024-06-21,454910,두산로보틱스,6,23685042900,81700,2784.26,,2026-09-09T22:35:45+09:00
2024-06-21,042700,한미반도체,7,21424698400,180300,2784.26,,2026-09-09T22:35:45+09:00
2024-06-21,017670,SK텔레콤,8,17495261300,52200,2784.26,,2026-09-09T22:35:45+09:00
2024-06-21,259960,크래프톤,9,17141605000,297000,2784.26,,2026-09-09T22:35:45+09:00
2024-06-21,011790,SKC,10,15756459800,177000,2784.26,,2026-09-09T22:35:45+09:00
2024-06-21,009540,HD한국조선해양,11,15588299400,151600,2784.26,,2026-09-09T22:35:45+09:00
2024-06-21,006340,대원전선,12,10943656110,3755,2784.26,,2026-09-09T22:35:45+09:00
2024-06-21,035720,카카오,13,10565117750,43150,2784.26,,2026-09-09T22:35:45+09:00
2024-06-21,329180,HD현대중공업,14,10030070400,146300,2784.26,,2026-09-09T22:35:45+09:00
2024-06-21,001440,대한전선,15,8728845850,16240,2784.26,,2026-09-09T22:35:45+09:00
2024-06-21,204320,HL만도,16,7555777100,42800,2784.26,,2026-09-09T22:35:45+09:00
2024-06-21,000810,삼성화재,17,7344388500,369000,2784.26,,2026-09-09T22:35:45+09:00
2024-06-21,005180,빙그레,18,6931095500,107100,2784.26,,2026-09-09T22:35:45+09:00
2024-06-21,034730,SK,19,6918916200,160500,2784.26,,2026-09-09T22:35:45+09:00
2024-06-21,207940,삼성바이오로직스,20,6884050000,750000,2784.26,,2026-09-09T22:35:45+09:00
2024-06-24,005935,삼성전자우,1,24144838300,64700,2764.73,,2026-09-09T22:35:54+09:00
2024-06-24,005930,삼성전자,2,21192359100,80600,2764.73,,2026-09-09T22:35:54+09:00
2024-06-24,066570,LG전자,3,14901332600,110200,2764.73,,2026-09-09T22:35:54+09:00
2024-06-24,316140,우리금융지주,4,13631610330,14490,2764.73,,2026-09-09T22:35:54+09:00
2024-06-24,034220,LG디스플레이,5,13223909100,11760,2764.73,,2026-09-09T22:35:54+09:00
2024-06-24,005490,POSCO홀딩스,6,10945339000,366000,2764.73,,2026-09-09T22:35:54+09:00
2024-06-24,010140,삼성중공업,7,9334512280,8950,2764.73,,2026-09-09T22:35:54+09:00
2024-06-24,450080,에코프로머티,8,7737741300,95200,2764.73,,2026-09-09T22:35:54+09:00
2024-06-24,012330,현대모비스,9,6521320000,238000,2764.73,,2026-09-09T22:35:54+09:00
2024-06-24,000150,두산,10,6198138000,203000,2764.73,,2026-09-09T22:35:54+09:00
2024-06-24,011200,HMM,11,5931326820,18980,2764.73,,2026-09-09T22:35:54+09:00
2024-06-24,011070,LG이노텍,12,5698170000,262000,2764.73,,2026-09-09T22:35:54+09:00
2024-06-24,001450,현대해상,13,5119755800,33450,2764.73,,2026-09-09T22:35:54+09:00
2024-06-24,068270,셀트리온,14,4979461500,179000,2764.73,,2026-09-09T22:35:54+09:00
2024-06-24,032830,삼성생명,15,4775824100,87000,2764.73,,2026-09-09T22:35:54+09:00
2024-06-24,402340,SK스퀘어,16,4769500100,91200,2764.73,,2026-09-09T22:35:54+09:00
2024-06-24,105560,KB금융,17,4535916900,80000,2764.73,,2026-09-09T22:35:54+09:00
2024-06-24,028260,삼성물산,18,4281644900,135900,2764.73,,2026-09-09T22:35:54+09:00
2024-06-24,009540,HD한국조선해양,19,4031540800,154300,2764.73,,2026-09-09T22:35:54+09:00
2024-06-24,047810,한국항공우주,20,3645795700,53600,2764.73,,2026-09-09T22:35:54+09:00
2024-06-25,005930,삼성전자,1,229396918600,80800,2774.39,,2026-09-09T22:36:00+09:00
2024-06-25,005380,현대차,2,31605343500,288500,2774.39,,2026-09-09T22:36:00+09:00
2024-06-25,066570,LG전자,3,21090123600,111100,2774.39,,2026-09-09T22:36:00+09:00
2024-06-25,010140,삼성중공업,4,20228416740,9290,2774.39,,2026-09-09T22:36:00+09:00
2024-06-25,012330,현대모비스,5,15016588000,250500,2774.39,,2026-09-09T22:36:00+09:00
2024-06-25,007660,이수페타시스,6,10747363550,52200,2774.39,,2026-09-09T22:36:00+09:00
2024-06-25,009150,삼성전기,7,9753047300,150500,2774.39,,2026-09-09T22:36:00+09:00
2024-06-25,034020,두산에너빌리티,8,9748397200,20500,2774.39,,2026-09-09T22:36:00+09:00
2024-06-25,009540,HD한국조선해양,9,8850556100,151800,2774.39,,2026-09-09T22:36:00+09:00
2024-06-25,402340,SK스퀘어,10,7394304600,95600,2774.39,,2026-09-09T22:36:00+09:00
2024-06-25,036570,엔씨소프트,11,6972055100,199800,2774.39,,2026-09-09T22:36:00+09:00
2024-06-25,012510,더존비즈온,12,6391525900,72200,2774.39,,2026-09-09T22:36:00+09:00
2024-06-25,005387,현대차2우B,13,6246355900,171200,2774.39,,2026-09-09T22:36:00+09:00
2024-06-25,010130,고려아연,14,5183908000,510000,2774.39,,2026-09-09T22:36:00+09:00
2024-06-25,039490,키움증권,15,4891847500,126000,2774.39,,2026-09-09T22:36:00+09:00
2024-06-25,000990,DB하이텍,16,4865471300,51400,2774.39,,2026-09-09T22:36:00+09:00
2024-06-25,161390,한국타이어앤테크놀로지,17,4827767900,45300,2774.39,,2026-09-09T22:36:00+09:00
2024-06-25,010620,HD현대미포,18,4798131800,88900,2774.39,,2026-09-09T22:36:00+09:00
2024-06-25,005385,현대차우,19,4730797400,169000,2774.39,,2026-09-09T22:36:00+09:00
2024-06-25,352820,하이브,20,4264887600,198700,2774.39,,2026-09-09T22:36:00+09:00
2024-06-26,000660,SK하이닉스,1,222602740500,237000,2792.05,,2026-09-09T22:36:05+09:00
2024-06-26,005930,삼성전자,2,104988985600,81300,2792.05,,2026-09-09T22:36:05+09:00
2024-06-26,042700,한미반도체,3,39969593900,179800,2792.05,,2026-09-09T22:36:05+09:00
2024-06-26,066570,LG전자,4,26043227500,111400,2792.05,,2026-09-09T22:36:05+09:00
2024-06-26,278470,에이피알,5,24125027000,402500,2792.05,,2026-09-09T22:36:05+09:00
2024-06-26,035420,NAVER,6,22816500300,168400,2792.05,,2026-09-09T22:36:05+09:00
2024-06-26,036460,한국가스공사,7,18392597800,56600,2792.05,,2026-09-09T22:36:05+09:00
2024-06-26,000270,기아,8,17457114100,130800,2792.05,,2026-09-09T22:36:05+09:00
2024-06-26,010120,LS ELECTRIC,9,12594121900,202000,2792.05,,2026-09-09T22:36:05+09:00
2024-06-26,035720,카카오,10,12467899350,41600,2792.05,,2026-09-09T22:36:05+09:00
2024-06-26,007660,이수페타시스,11,11423183000,53900,2792.05,,2026-09-09T22:36:05+09:00
2024-06-26,009150,삼성전기,12,10770705500,151500,2792.05,,2026-09-09T22:36:05+09:00
2024-06-26,090430,아모레퍼시픽,13,10028128500,177600,2792.05,,2026-09-09T22:36:05+09:00
2024-06-26,003230,삼양식품,14,9887877000,652000,2792.05,,2026-09-09T22:36:05+09:00
2024-06-26,402340,SK스퀘어,15,8758650500,102200,2792.05,,2026-09-09T22:36:05+09:00
2024-06-26,011200,HMM,16,8515285860,19140,2792.05,,2026-09-09T22:36:05+09:00
2024-06-26,000810,삼성화재,17,8294173000,373500,2792.05,,2026-09-09T22:36:05+09:00
2024-06-26,352820,하이브,18,8078594600,197900,2792.05,,2026-09-09T22:36:05+09:00
2024-06-26,028260,삼성물산,19,7880613400,136100,2792.05,,2026-09-09T22:36:05+09:00
2024-06-26,051910,LG화학,20,7633088000,352000,2792.05,,2026-09-09T22:36:05+09:00
2024-06-27,005930,삼성전자,1,394539485200,81600,2784.06,,2026-09-09T22:36:10+09:00
2024-06-27,000660,SK하이닉스,2,54697767000,236500,2784.06,,2026-09-09T22:36:10+09:00
2024-06-27,005380,현대차,3,54656525500,298000,2784.06,,2026-09-09T22:36:10+09:00
2024-06-27,267260,HD현대일렉트릭,4,53384171000,319000,2784.06,,2026-09-09T22:36:10+09:00
2024-06-27,009150,삼성전기,5,42437582600,154500,2784.06,,2026-09-09T22:36:10+09:00
2024-06-27,003490,대한항공,6,18917442350,23600,2784.06,,2026-09-09T22:36:10+09:00
2024-06-27,028260,삼성물산,7,18783900900,138700,2784.06,,2026-09-09T22:36:10+09:00
2024-06-27,010120,LS ELECTRIC,8,17417828900,216500,2784.06,,2026-09-09T22:36:10+09:00
2024-06-27,352820,하이브,9,15977885200,198500,2784.06,,2026-09-09T22:36:10+09:00
2024-06-27,090430,아모레퍼시픽,10,12054885200,176000,2784.06,,2026-09-09T22:36:10+09:00
2024-06-27,001440,대한전선,11,10707848380,16820,2784.06,,2026-09-09T22:36:10+09:00
2024-06-27,066570,LG전자,12,10107315400,109200,2784.06,,2026-09-09T22:36:10+09:00
2024-06-27,298040,효성중공업,13,10078839000,365000,2784.06,,2026-09-09T22:36:10+09:00
2024-06-27,000810,삼성화재,14,9569155500,377000,2784.06,,2026-09-09T22:36:10+09:00
2024-06-27,005387,현대차2우B,15,6994366400,188800,2784.06,,2026-09-09T22:36:10+09:00
2024-06-27,097950,CJ제일제당,16,6790419500,376000,2784.06,,2026-09-09T22:36:10+09:00
2024-06-27,112610,씨에스윈드,17,6745482350,48750,2784.06,,2026-09-09T22:36:10+09:00
2024-06-27,086790,하나금융지주,18,6542984900,60400,2784.06,,2026-09-09T22:36:10+09:00
2024-06-27,259960,크래프톤,19,6135361500,281500,2784.06,,2026-09-09T22:36:10+09:00
2024-06-27,010140,삼성중공업,20,6058590990,9430,2784.06,,2026-09-09T22:36:10+09:00
2024-06-28,007660,이수페타시스,1,60443951300,58700,2797.82,,2026-09-09T22:36:16+09:00
2024-06-28,009150,삼성전기,2,42247869400,158000,2797.82,,2026-09-09T22:36:16+09:00
2024-06-28,012450,한화에어로스페이스,3,30033561000,249500,2797.82,,2026-09-09T22:36:16+09:00
2024-06-28,005490,POSCO홀딩스,4,27032646000,363000,2797.82,,2026-09-09T22:36:16+09:00
2024-06-28,096770,SK이노베이션,5,26589605800,116100,2797.82,,2026-09-09T22:36:16+09:00
2024-06-28,011200,HMM,6,20480152680,19630,2797.82,,2026-09-09T22:36:16+09:00
2024-06-28,352820,하이브,7,19609122700,202500,2797.82,,2026-09-09T22:36:16+09:00
2024-06-28,005880,대한해운,8,18770449470,2895,2797.82,,2026-09-09T22:36:16+09:00
2024-06-28,028050,삼성E&A,9,17121672650,24150,2797.82,,2026-09-09T22:36:16+09:00
2024-06-28,066570,LG전자,10,14647191800,110900,2797.82,,2026-09-09T22:36:16+09:00
2024-06-28,064350,현대로템,11,12466087300,40800,2797.82,,2026-09-09T22:36:16+09:00
2024-06-28,033780,KT&G,12,11194425400,88200,2797.82,,2026-09-09T22:36:16+09:00
2024-06-28,259960,크래프톤,13,11043682000,281500,2797.82,,2026-09-09T22:36:16+09:00
2024-06-28,000810,삼성화재,14,8950972500,389000,2797.82,,2026-09-09T22:36:16+09:00
2024-06-28,028260,삼성물산,15,8734383500,142000,2797.82,,2026-09-09T22:36:16+09:00
2024-06-28,079550,LIG넥스원,16,8341362600,220000,2797.82,,2026-09-09T22:36:16+09:00
2024-06-28,035720,카카오,17,8233215050,40650,2797.82,,2026-09-09T22:36:16+09:00
2024-06-28,032830,삼성생명,18,7066003200,88500,2797.82,,2026-09-09T22:36:16+09:00
2024-06-28,030200,KT,19,7017808850,37400,2797.82,,2026-09-09T22:36:16+09:00
2024-06-28,316140,우리금융지주,20,6921765870,14690,2797.82,,2026-09-09T22:36:16+09:00
2024-07-01,005930,삼성전자,1,84040139600,81800,2804.31,,2026-09-09T22:36:25+09:00
2024-07-01,207940,삼성바이오로직스,2,46739819000,759000,2804.31,,2026-09-09T22:36:25+09:00
2024-07-01,373220,LG에너지솔루션,3,25250242500,347000,2804.31,,2026-09-09T22:36:25+09:00
2024-07-01,005935,삼성전자우,4,23549101300,64200,2804.31,,2026-09-09T22:36:25+09:00
2024-07-01,005490,POSCO홀딩스,5,17717850500,370500,2804.31,,2026-09-09T22:36:25+09:00
2024-07-01,010140,삼성중공업,6,15643250920,9680,2804.31,,2026-09-09T22:36:25+09:00
2024-07-01,298040,효성중공업,7,14074601500,319000,2804.31,,2026-09-09T22:36:25+09:00
2024-07-01,068270,셀트리온,8,13931135900,184100,2804.31,,2026-09-09T22:36:25+09:00
2024-07-01,003670,포스코퓨처엠,9,13321720500,269000,2804.31,,2026-09-09T22:36:25+09:00
2024-07-01,051910,LG화학,10,12680163000,355500,2804.31,,2026-09-09T22:36:25+09:00
2024-07-01,105560,KB금융,11,10355230900,79600,2804.31,,2026-09-09T22:36:25+09:00
2024-07-01,036570,엔씨소프트,12,9542782100,184100,2804.31,,2026-09-09T22:36:25+09:00
2024-07-01,018260,삼성에스디에스,13,8522210100,152900,2804.31,,2026-09-09T22:36:25+09:00
2024-07-01,009150,삼성전기,14,8429249000,156000,2804.31,,2026-09-09T22:36:25+09:00
2024-07-01,012330,현대모비스,15,8396819500,247500,2804.31,,2026-09-09T22:36:25+09:00
2024-07-01,009830,한화솔루션,16,6791614950,26500,2804.31,,2026-09-09T22:36:25+09:00
2024-07-01,009420,한올바이오파마,17,6752364300,32950,2804.31,,2026-09-09T22:36:25+09:00
2024-07-01,323410,카카오뱅크,18,6130378500,21000,2804.31,,2026-09-09T22:36:25+09:00
2024-07-01,006400,삼성SDI,19,5805292500,367000,2804.31,,2026-09-09T22:36:25+09:00
2024-07-01,005180,빙그레,20,5726585900,91600,2804.31,,2026-09-09T22:36:25+09:00
2024-07-02,005930,삼성전자,1,179261658400,81800,2780.86,,2026-09-09T22:36:31+09:00
2024-07-02,267260,HD현대일렉트릭,2,79596468500,317000,2780.86,,2026-09-09T22:36:31+09:00
2024-07-02,000660,SK하이닉스,3,50451448500,232000,2780.86,,2026-09-09T22:36:31+09:00
2024-07-02,207940,삼성바이오로직스,4,43028050000,810000,2780.86,,2026-09-09T22:36:31+09:00
2024-07-02,003230,삼양식품,5,25277255000,609000,2780.86,,2026-09-09T22:36:31+09:00
2024-07-02,010120,LS ELECTRIC,6,13070883500,210500,2780.86,,2026-09-09T22:36:31+09:00
2024-07-02,006260,LS,7,11958284900,131600,2780.86,,2026-09-09T22:36:31+09:00
2024-07-02,105560,KB금융,8,11907758000,83200,2780.86,,2026-09-09T22:36:31+09:00
2024-07-02,086790,하나금융지주,9,11660841400,62900,2780.86,,2026-09-09T22:36:31+09:00
2024-07-02,009150,삼성전기,10,8621896000,153800,2780.86,,2026-09-09T22:36:31+09:00
2024-07-02,161890,한국콜마,11,7963308500,63800,2780.86,,2026-09-09T22:36:31+09:00
2024-07-02,011790,SKC,12,7892026300,157000,2780.86,,2026-09-09T22:36:31+09:00
2024-07-02,005830,DB손해보험,13,7773171800,114400,2780.86,,2026-09-09T22:36:31+09:00
2024-07-02,032830,삼성생명,14,7739404800,88500,2780.86,,2026-09-09T22:36:31+09:00
2024-07-02,012510,더존비즈온,15,6799332700,68900,2780.86,,2026-09-09T22:36:31+09:00
2024-07-02,329180,HD현대중공업,16,6252643400,153300,2780.86,,2026-09-09T22:36:31+09:00
2024-07-02,047050,포스코인터내셔널,17,6171099800,57600,2780.86,,2026-09-09T22:36:31+09:00
2024-07-02,103590,일진전기,18,5731907700,25700,2780.86,,2026-09-09T22:36:31+09:00
2024-07-02,028260,삼성물산,19,5694510500,141200,2780.86,,2026-09-09T22:36:31+09:00
2024-07-02,066570,LG전자,20,5603153700,107200,2780.86,,2026-09-09T22:36:31+09:00
2024-07-03,005935,삼성전자우,1,33345833600,64500,2794.01,,2026-09-09T22:36:36+09:00
2024-07-03,000660,SK하이닉스,2,30992994500,236000,2794.01,,2026-09-09T22:36:36+09:00
2024-07-03,003230,삼양식품,3,25205007000,605000,2794.01,,2026-09-09T22:36:36+09:00
2024-07-03,207940,삼성바이오로직스,4,23958516000,810000,2794.01,,2026-09-09T22:36:36+09:00
2024-07-03,307950,현대오토에버,5,15685483200,168300,2794.01,,2026-09-09T22:36:36+09:00
2024-07-03,005490,POSCO홀딩스,6,15637377500,370500,2794.01,,2026-09-09T22:36:36+09:00
2024-07-03,066970,엘앤에프,7,15117658500,149300,2794.01,,2026-09-09T22:36:36+09:00
2024-07-03,042700,한미반도체,8,13671523300,166800,2794.01,,2026-09-09T22:36:36+09:00
2024-07-03,373220,LG에너지솔루션,9,12955039000,358000,2794.01,,2026-09-09T22:36:36+09:00
2024-07-03,017860,DS단석,10,12012813100,114500,2794.01,,2026-09-09T22:36:36+09:00
2024-07-03,032830,삼성생명,11,11782051200,88700,2794.01,,2026-09-09T22:36:36+09:00
2024-07-03,009150,삼성전기,12,8479340600,154900,2794.01,,2026-09-09T22:36:36+09:00
2024-07-03,079550,LIG넥스원,13,7816177300,197600,2794.01,,2026-09-09T22:36:36+09:00
2024-07-03,443060,HD현대마린솔루션,14,7527494000,122300,2794.01,,2026-09-09T22:36:36+09:00
2024-07-03,259960,크래프톤,15,6609906500,272500,2794.01,,2026-09-09T22:36:36+09:00
2024-07-03,009540,HD한국조선해양,16,6545370900,156700,2794.01,,2026-09-09T22:36:36+09:00
2024-07-03,086790,하나금융지주,17,6281434900,64600,2794.01,,2026-09-09T22:36:36+09:00
2024-07-03,161890,한국콜마,18,5497759400,61900,2794.01,,2026-09-09T22:36:36+09:00
2024-07-03,316140,우리금융지주,19,5261461240,14640,2794.01,,2026-09-09T22:36:36+09:00
2024-07-03,352820,하이브,20,4795421500,197000,2794.01,,2026-09-09T22:36:36+09:00
2024-07-04,005930,삼성전자,1,668207504900,84600,2824.94,,2026-09-09T22:36:41+09:00
2024-07-04,009150,삼성전기,2,70220592800,162500,2824.94,,2026-09-09T22:36:41+09:00
2024-07-04,005935,삼성전자우,3,50704570800,66000,2824.94,,2026-09-09T22:36:41+09:00
2024-07-04,006400,삼성SDI,4,21052087000,374500,2824.94,,2026-09-09T22:36:41+09:00
2024-07-04,278470,에이피알,5,17168751500,339000,2824.94,,2026-09-09T22:36:41+09:00
2024-07-04,012450,한화에어로스페이스,6,14528087000,242000,2824.94,,2026-09-09T22:36:41+09:00
2024-07-04,003670,포스코퓨처엠,7,14023786000,268000,2824.94,,2026-09-09T22:36:41+09:00
2024-07-04,352820,하이브,8,11656736500,201000,2824.94,,2026-09-09T22:36:41+09:00
2024-07-04,003230,삼양식품,9,9390518000,588000,2824.94,,2026-09-09T22:36:41+09:00
2024-07-04,001040,CJ,10,8043481600,106400,2824.94,,2026-09-09T22:36:41+09:00
2024-07-04,207940,삼성바이오로직스,11,7755800000,803000,2824.94,,2026-09-09T22:36:41+09:00
2024-07-04,402340,SK스퀘어,12,6241831100,97300,2824.94,,2026-09-09T22:36:41+09:00
2024-07-04,014680,한솔케미칼,13,6232809700,187900,2824.94,,2026-09-09T22:36:41+09:00
2024-07-04,018260,삼성에스디에스,14,6110359100,157800,2824.94,,2026-09-09T22:36:41+09:00
2024-07-04,003550,LG,15,5201207500,82700,2824.94,,2026-09-09T22:36:41+09:00
2024-07-04,039490,키움증권,16,4424666400,136000,2824.94,,2026-09-09T22:36:41+09:00
2024-07-04,097950,CJ제일제당,17,4043539000,365500,2824.94,,2026-09-09T22:36:41+09:00
2024-07-04,005940,NH투자증권,18,3920225250,13010,2824.94,,2026-09-09T22:36:41+09:00
2024-07-04,103140,풍산,19,3414308100,65600,2824.94,,2026-09-09T22:36:41+09:00
2024-07-04,000880,한화,20,2255630750,27850,2824.94,,2026-09-09T22:36:41+09:00
2024-07-05,005930,삼성전자,1,1184582597900,87100,2862.23,,2026-09-09T22:36:46+09:00
2024-07-05,005935,삼성전자우,2,121605076000,68000,2862.23,,2026-09-09T22:36:46+09:00
2024-07-05,009150,삼성전기,3,76541915100,170500,2862.23,,2026-09-09T22:36:46+09:00
2024-07-05,000100,유한양행,4,74035246300,89500,2862.23,,2026-09-09T22:36:46+09:00
2024-07-05,042700,한미반도체,5,39802767200,165400,2862.23,,2026-09-09T22:36:46+09:00
2024-07-05,028260,삼성물산,6,25214691900,154300,2862.23,,2026-09-09T22:36:46+09:00
2024-07-05,066570,LG전자,7,24736287700,110800,2862.23,,2026-09-09T22:36:46+09:00
2024-07-05,035420,NAVER,8,21994752000,168100,2862.23,,2026-09-09T22:36:46+09:00
2024-07-05,278470,에이피알,9,19440116500,316500,2862.23,,2026-09-09T22:36:46+09:00
2024-07-05,018260,삼성에스디에스,10,17040574800,162400,2862.23,,2026-09-09T22:36:46+09:00
2024-07-05,005490,POSCO홀딩스,11,12344788000,377000,2862.23,,2026-09-09T22:36:46+09:00
2024-07-05,086280,현대글로비스,12,9890565000,245500,2862.23,,2026-09-09T22:36:46+09:00
2024-07-05,034220,LG디스플레이,13,7287685400,12600,2862.23,,2026-09-09T22:36:46+09:00
2024-07-05,003230,삼양식품,14,6050721000,596000,2862.23,,2026-09-09T22:36:46+09:00
2024-07-05,207940,삼성바이오로직스,15,5495415000,803000,2862.23,,2026-09-09T22:36:46+09:00
2024-07-05,000880,한화,16,5299695750,29050,2862.23,,2026-09-09T22:36:46+09:00
2024-07-05,015760,한국전력,17,4789133960,19510,2862.23,,2026-09-09T22:36:46+09:00
2024-07-05,007660,이수페타시스,18,4476728700,56700,2862.23,,2026-09-09T22:36:46+09:00
2024-07-05,298040,효성중공업,19,4344691500,310500,2862.23,,2026-09-09T22:36:46+09:00
2024-07-05,047050,포스코인터내셔널,20,3899910800,57700,2862.23,,2026-09-09T22:36:46+09:00
2024-07-08,005930,삼성전자,1,343030519300,87400,2857.76,,2026-09-09T22:36:56+09:00
2024-07-08,005935,삼성전자우,2,57476033400,68600,2857.76,,2026-09-09T22:36:56+09:00
2024-07-08,034020,두산에너빌리티,3,46815039850,21000,2857.76,,2026-09-09T22:36:56+09:00
2024-07-08,012450,한화에어로스페이스,4,28243235000,251500,2857.76,,2026-09-09T22:36:56+09:00
2024-07-08,005380,현대차,5,22857330000,283000,2857.76,,2026-09-09T22:36:56+09:00
2024-07-08,010140,삼성중공업,6,16854056050,9800,2857.76,,2026-09-09T22:36:56+09:00
2024-07-08,267260,HD현대일렉트릭,7,16122346500,321000,2857.76,,2026-09-09T22:36:56+09:00
2024-07-08,373220,LG에너지솔루션,8,15247295500,358500,2857.76,,2026-09-09T22:36:56+09:00
2024-07-08,079550,LIG넥스원,9,14655067700,205500,2857.76,,2026-09-09T22:36:56+09:00
2024-07-08,052690,한전기술,10,11493009500,71900,2857.76,,2026-09-09T22:36:56+09:00
2024-07-08,009540,HD한국조선해양,11,10926650600,160000,2857.76,,2026-09-09T22:36:56+09:00
2024-07-08,035720,카카오,12,8649187650,42400,2857.76,,2026-09-09T22:36:56+09:00
2024-07-08,010120,LS ELECTRIC,13,7830070300,197600,2857.76,,2026-09-09T22:36:56+09:00
2024-07-08,011070,LG이노텍,14,6916327500,275500,2857.76,,2026-09-09T22:36:56+09:00
2024-07-08,207940,삼성바이오로직스,15,6857243000,792000,2857.76,,2026-09-09T22:36:56+09:00
2024-07-08,011780,금호석유,16,6496371800,157700,2857.76,,2026-09-09T22:36:56+09:00
2024-07-08,003670,포스코퓨처엠,17,6066147500,267000,2857.76,,2026-09-09T22:36:56+09:00
2024-07-08,006340,대원전선,18,5822121530,4120,2857.76,,2026-09-09T22:36:56+09:00
2024-07-08,086280,현대글로비스,19,5655017000,245500,2857.76,,2026-09-09T22:36:56+09:00
2024-07-08,042660,한화오션,20,5644843750,30400,2857.76,,2026-09-09T22:36:56+09:00
2024-07-09,005930,삼성전자,1,331093128500,87800,2867.38,,2026-09-09T22:37:01+09:00
2024-07-09,034020,두산에너빌리티,2,47414657900,22250,2867.38,,2026-09-09T22:37:01+09:00
2024-07-09,000660,SK하이닉스,3,44806285000,238500,2867.38,,2026-09-09T22:37:01+09:00
2024-07-09,005935,삼성전자우,4,38051229800,68800,2867.38,,2026-09-09T22:37:01+09:00
2024-07-09,010120,LS ELECTRIC,5,25153113000,213000,2867.38,,2026-09-09T22:37:01+09:00
2024-07-09,006400,삼성SDI,6,13608475000,382500,2867.38,,2026-09-09T22:37:01+09:00
2024-07-09,068270,셀트리온,7,13238386500,187200,2867.38,,2026-09-09T22:37:01+09:00
2024-07-09,259960,크래프톤,8,11508509500,289500,2867.38,,2026-09-09T22:37:01+09:00
2024-07-09,077970,STX엔진,9,11206630110,15670,2867.38,,2026-09-09T22:37:01+09:00
2024-07-09,042700,한미반도체,10,9865690500,164100,2867.38,,2026-09-09T22:37:01+09:00
2024-07-09,278470,에이피알,11,9707681000,301000,2867.38,,2026-09-09T22:37:01+09:00
2024-07-09,007660,이수페타시스,12,8868987600,56000,2867.38,,2026-09-09T22:37:01+09:00
2024-07-09,032830,삼성생명,13,7351908700,90400,2867.38,,2026-09-09T22:37:01+09:00
2024-07-09,016360,삼성증권,14,7141161150,43450,2867.38,,2026-09-09T22:37:01+09:00
2024-07-09,207940,삼성바이오로직스,15,6632111000,796000,2867.38,,2026-09-09T22:37:01+09:00
2024-07-09,066570,LG전자,16,5891356700,109600,2867.38,,2026-09-09T22:37:01+09:00
2024-07-09,009420,한올바이오파마,17,5832582450,33700,2867.38,,2026-09-09T22:37:01+09:00
2024-07-09,373220,LG에너지솔루션,18,4996714000,363000,2867.38,,2026-09-09T22:37:01+09:00
2024-07-09,011790,SKC,19,4941962400,169000,2867.38,,2026-09-09T22:37:01+09:00
2024-07-09,241560,두산밥캣,20,4851768550,50600,2867.38,,2026-09-09T22:37:01+09:00
2024-07-10,005930,삼성전자,1,304782302100,87800,2867.99,,2026-09-09T22:37:07+09:00
2024-07-10,064350,현대로템,2,88649061250,41550,2867.99,,2026-09-09T22:37:07+09:00
2024-07-10,005935,삼성전자우,3,86625757200,69600,2867.99,,2026-09-09T22:37:07+09:00
2024-07-10,035420,NAVER,4,80001961400,177500,2867.99,,2026-09-09T22:37:07+09:00
2024-07-10,000660,SK하이닉스,5,29502050000,239000,2867.99,,2026-09-09T22:37:07+09:00
2024-07-10,012450,한화에어로스페이스,6,28022005000,256500,2867.99,,2026-09-09T22:37:07+09:00
2024-07-10,005380,현대차,7,25467119500,274500,2867.99,,2026-09-09T22:37:07+09:00
2024-07-10,207940,삼성바이오로직스,8,19535572000,807000,2867.99,,2026-09-09T22:37:07+09:00
2024-07-10,011070,LG이노텍,9,17209876500,287500,2867.99,,2026-09-09T22:37:07+09:00
2024-07-10,353200,대덕전자,10,15000997400,24900,2867.99,,2026-09-09T22:37:07+09:00
2024-07-10,000270,기아,11,12621922400,122000,2867.99,,2026-09-09T22:37:07+09:00
2024-07-10,267260,HD현대일렉트릭,12,12350381000,342000,2867.99,,2026-09-09T22:37:07+09:00
2024-07-10,036460,한국가스공사,13,12346540700,44000,2867.99,,2026-09-09T22:37:07+09:00
2024-07-10,066570,LG전자,14,11127197000,110300,2867.99,,2026-09-09T22:37:07+09:00
2024-07-10,010620,HD현대미포,15,9373228200,100100,2867.99,,2026-09-09T22:37:07+09:00
2024-07-10,010140,삼성중공업,16,8973720140,9840,2867.99,,2026-09-09T22:37:07+09:00
2024-07-10,128940,한미약품,17,7988033500,302000,2867.99,,2026-09-09T22:37:07+09:00
2024-07-10,032830,삼성생명,18,7733860900,94000,2867.99,,2026-09-09T22:37:07+09:00
2024-07-10,005490,POSCO홀딩스,19,7630053500,368500,2867.99,,2026-09-09T22:37:07+09:00
2024-07-10,009150,삼성전기,20,6066932200,164300,2867.99,,2026-09-09T22:37:07+09:00
2024-07-11,005930,삼성전자,1,205110796600,87600,2891.35,,2026-09-09T22:37:13+09:00
2024-07-11,005490,POSCO홀딩스,2,74750692000,391500,2891.35,,2026-09-09T22:37:13+09:00
2024-07-11,005935,삼성전자우,3,61225250100,69800,2891.35,,2026-09-09T22:37:13+09:00
2024-07-11,066570,LG전자,4,43027021500,111000,2891.35,,2026-09-09T22:37:13+09:00
2024-07-11,105560,KB금융,5,32213353600,85400,2891.35,,2026-09-09T22:37:13+09:00
2024-07-11,005380,현대차,6,31297271500,278500,2891.35,,2026-09-09T22:37:13+09:00
2024-07-11,003670,포스코퓨처엠,7,24539790000,269500,2891.35,,2026-09-09T22:37:13+09:00
2024-07-11,454910,두산로보틱스,8,24186459700,85300,2891.35,,2026-09-09T22:37:13+09:00
2024-07-11,009150,삼성전기,9,21086599800,164900,2891.35,,2026-09-09T22:37:13+09:00
2024-07-11,051910,LG화학,10,20113242000,366500,2891.35,,2026-09-09T22:37:13+09:00
2024-07-11,278470,에이피알,11,19799508000,288500,2891.35,,2026-09-09T22:37:13+09:00
2024-07-11,017670,SK텔레콤,12,19729194800,52300,2891.35,,2026-09-09T22:37:13+09:00
2024-07-11,000270,기아,13,16480321100,122300,2891.35,,2026-09-09T22:37:13+09:00
2024-07-11,086280,현대글로비스,14,14783910000,252500,2891.35,,2026-09-09T22:37:13+09:00
2024-07-11,000660,SK하이닉스,15,14026274000,241000,2891.35,,2026-09-09T22:37:13+09:00
2024-07-11,267250,HD현대,16,14020504200,77000,2891.35,,2026-09-09T22:37:13+09:00
2024-07-11,006400,삼성SDI,17,13895745000,389500,2891.35,,2026-09-09T22:37:13+09:00
2024-07-11,011780,금호석유,18,12815495000,164500,2891.35,,2026-09-09T22:37:13+09:00
2024-07-11,034020,두산에너빌리티,19,11370834350,21850,2891.35,,2026-09-09T22:37:13+09:00
2024-07-11,207940,삼성바이오로직스,20,9175364000,815000,2891.35,,2026-09-09T22:37:13+09:00
2024-07-12,454910,두산로보틱스,1,90545838600,105700,2857.0,,2026-09-09T22:37:19+09:00
2024-07-12,000100,유한양행,2,30028506000,94900,2857.0,,2026-09-09T22:37:19+09:00
2024-07-12,034020,두산에너빌리티,3,27762326620,20900,2857.0,,2026-09-09T22:37:19+09:00
2024-07-12,207940,삼성바이오로직스,4,20306284000,823000,2857.0,,2026-09-09T22:37:19+09:00
2024-07-12,105560,KB금융,5,19326949600,87000,2857.0,,2026-09-09T22:37:19+09:00
2024-07-12,068270,셀트리온,6,18893379500,188800,2857.0,,2026-09-09T22:37:19+09:00
2024-07-12,009150,삼성전기,7,17611400100,164800,2857.0,,2026-09-09T22:37:19+09:00
2024-07-12,052690,한전기술,8,15145942000,74500,2857.0,,2026-09-09T22:37:19+09:00
2024-07-12,042700,한미반도체,9,14548601300,160500,2857.0,,2026-09-09T22:37:19+09:00
2024-07-12,011790,SKC,10,7266882700,160200,2857.0,,2026-09-09T22:37:19+09:00
2024-07-12,032830,삼성생명,11,6582652300,94500,2857.0,,2026-09-09T22:37:19+09:00
2024-07-12,130660,한전산업,12,6527665450,14380,2857.0,,2026-09-09T22:37:19+09:00
2024-07-12,047050,포스코인터내셔널,13,5769423700,55000,2857.0,,2026-09-09T22:37:19+09:00
2024-07-12,009420,한올바이오파마,14,5731382700,37050,2857.0,,2026-09-09T22:37:19+09:00
2024-07-12,352820,하이브,15,5561992300,189700,2857.0,,2026-09-09T22:37:19+09:00
2024-07-12,006360,GS건설,16,5214614800,16050,2857.0,,2026-09-09T22:37:19+09:00
2024-07-12,251270,넷마블,17,5120128400,63300,2857.0,,2026-09-09T22:37:19+09:00
2024-07-12,011200,HMM,18,5093397880,17560,2857.0,,2026-09-09T22:37:19+09:00
2024-07-12,017670,SK텔레콤,19,4991833300,52300,2857.0,,2026-09-09T22:37:19+09:00
2024-07-12,294870,HDC현대산업개발,20,4853914380,18350,2857.0,,2026-09-09T22:37:19+09:00
2024-07-15,064350,현대로템,1,51463169250,42950,2860.92,,2026-09-09T22:37:29+09:00
2024-07-15,000660,SK하이닉스,2,38499104000,230000,2860.92,,2026-09-09T22:37:29+09:00
2024-07-15,003230,삼양식품,3,22078174000,636000,2860.92,,2026-09-09T22:37:29+09:00
2024-07-15,079550,LIG넥스원,4,17788207500,233500,2860.92,,2026-09-09T22:37:29+09:00
2024-07-15,066570,LG전자,5,14765243800,109900,2860.92,,2026-09-09T22:37:29+09:00
2024-07-15,042670,HD현대인프라코어,6,12939318520,8080,2860.92,,2026-09-09T22:37:29+09:00
2024-07-15,006360,GS건설,7,12922465210,17260,2860.92,,2026-09-09T22:37:29+09:00
2024-07-15,012450,한화에어로스페이스,8,11677555500,265000,2860.92,,2026-09-09T22:37:29+09:00
2024-07-15,267270,HD현대건설기계,9,11473509800,57800,2860.92,,2026-09-09T22:37:29+09:00
2024-07-15,010140,삼성중공업,10,10929379900,9940,2860.92,,2026-09-09T22:37:29+09:00
2024-07-15,005380,현대차,11,9889446500,268500,2860.92,,2026-09-09T22:37:29+09:00
2024-07-15,259960,크래프톤,12,8313672000,275000,2860.92,,2026-09-09T22:37:29+09:00
2024-07-15,036460,한국가스공사,13,7861344100,42450,2860.92,,2026-09-09T22:37:29+09:00
2024-07-15,272210,한화시스템,14,7622777770,19330,2860.92,,2026-09-09T22:37:29+09:00
2024-07-15,000720,현대건설,15,7442367900,32900,2860.92,,2026-09-09T22:37:29+09:00
2024-07-15,011790,SKC,16,7029285700,154500,2860.92,,2026-09-09T22:37:29+09:00
2024-07-15,009830,한화솔루션,17,5407041350,27100,2860.92,,2026-09-09T22:37:29+09:00
2024-07-15,207940,삼성바이오로직스,18,5255257000,819000,2860.92,,2026-09-09T22:37:29+09:00
2024-07-15,011070,LG이노텍,19,5102870500,294500,2860.92,,2026-09-09T22:37:29+09:00
2024-07-15,006400,삼성SDI,20,5079765500,377500,2860.92,,2026-09-09T22:37:29+09:00
2024-07-16,005930,삼성전자,1,178685369100,87700,2866.09,,2026-09-09T22:37:34+09:00
2024-07-16,000660,SK하이닉스,2,90671570000,233000,2866.09,,2026-09-09T22:37:34+09:00
2024-07-16,009150,삼성전기,3,41179374700,172000,2866.09,,2026-09-09T22:37:34+09:00
2024-07-16,042700,한미반도체,4,38672032600,168100,2866.09,,2026-09-09T22:37:34+09:00
2024-07-16,010140,삼성중공업,5,33083624040,10280,2866.09,,2026-09-09T22:37:34+09:00
2024-07-16,096770,SK이노베이션,6,16820964200,113300,2866.09,,2026-09-09T22:37:34+09:00
2024-07-16,000270,기아,7,16076280800,122900,2866.09,,2026-09-09T22:37:34+09:00
2024-07-16,005380,현대차,8,16061222500,274500,2866.09,,2026-09-09T22:37:34+09:00
2024-07-16,011070,LG이노텍,9,15758931000,302000,2866.09,,2026-09-09T22:37:34+09:00
2024-07-16,000150,두산,10,13012090000,227500,2866.09,,2026-09-09T22:37:34+09:00
2024-07-16,005490,POSCO홀딩스,11,9523532500,373000,2866.09,,2026-09-09T22:37:34+09:00
2024-07-16,009540,HD한국조선해양,12,9195954200,178300,2866.09,,2026-09-09T22:37:34+09:00
2024-07-16,207940,삼성바이오로직스,13,9034646000,824000,2866.09,,2026-09-09T22:37:34+09:00
2024-07-16,090460,비에이치,14,7767079900,27150,2866.09,,2026-09-09T22:37:34+09:00
2024-07-16,016360,삼성증권,15,7614593050,45750,2866.09,,2026-09-09T22:37:34+09:00
2024-07-16,079550,LIG넥스원,16,7448946500,239500,2866.09,,2026-09-09T22:37:34+09:00
2024-07-16,057050,현대홈쇼핑,17,7256073000,49400,2866.09,,2026-09-09T22:37:34+09:00
2024-07-16,066570,LG전자,18,7107224700,112000,2866.09,,2026-09-09T22:37:34+09:00
2024-07-16,042660,한화오션,19,7045752450,30500,2866.09,,2026-09-09T22:37:34+09:00
2024-07-16,001040,CJ,20,6689272300,116700,2866.09,,2026-09-09T22:37:34+09:00
2024-07-17,010140,삼성중공업,1,66472273690,10930,2843.29,,2026-09-09T22:37:39+09:00
2024-07-17,005930,삼성전자,2,35902337300,86700,2843.29,,2026-09-09T22:37:39+09:00
2024-07-17,068270,셀트리온,3,32417172900,192500,2843.29,,2026-09-09T22:37:39+09:00
2024-07-17,096770,SK이노베이션,4,32005063600,119700,2843.29,,2026-09-09T22:37:39+09:00
2024-07-17,034020,두산에너빌리티,5,31774717350,21250,2843.29,,2026-09-09T22:37:39+09:00
2024-07-17,207940,삼성바이오로직스,6,31578711000,851000,2843.29,,2026-09-09T22:37:39+09:00
2024-07-17,012450,한화에어로스페이스,7,29363312500,275000,2843.29,,2026-09-09T22:37:39+09:00
2024-07-17,066570,LG전자,8,28091481600,112100,2843.29,,2026-09-09T22:37:39+09:00
2024-07-17,009150,삼성전기,9,23550418500,172700,2843.29,,2026-09-09T22:37:39+09:00
2024-07-17,005935,삼성전자우,10,19063377800,68100,2843.29,,2026-09-09T22:37:39+09:00
2024-07-17,009540,HD한국조선해양,11,17530151800,179200,2843.29,,2026-09-09T22:37:39+09:00
2024-07-17,028050,삼성E&A,12,17489105200,25400,2843.29,,2026-09-09T22:37:39+09:00
2024-07-17,000990,DB하이텍,13,9593220700,53500,2843.29,,2026-09-09T22:37:39+09:00
2024-07-17,011070,LG이노텍,14,8750884500,297000,2843.29,,2026-09-09T22:37:39+09:00
2024-07-17,036460,한국가스공사,15,8537460900,40200,2843.29,,2026-09-09T22:37:39+09:00
2024-07-17,267260,HD현대일렉트릭,16,8189345000,326000,2843.29,,2026-09-09T22:37:39+09:00
2024-07-17,090430,아모레퍼시픽,17,7607885700,162400,2843.29,,2026-09-09T22:37:39+09:00
2024-07-17,443060,HD현대마린솔루션,18,7526832600,136400,2843.29,,2026-09-09T22:37:39+09:00
2024-07-17,042660,한화오션,19,7216136900,31400,2843.29,,2026-09-09T22:37:39+09:00
2024-07-17,086280,현대글로비스,20,6954708600,120800,2843.29,,2026-09-09T22:37:39+09:00
2024-07-18,010140,삼성중공업,1,63571908120,11070,2824.35,,2026-09-09T22:37:43+09:00
2024-07-18,012450,한화에어로스페이스,2,37083087000,271500,2824.35,,2026-09-09T22:37:43+09:00
2024-07-18,033780,KT&G,3,24682892000,90000,2824.35,,2026-09-09T22:37:43+09:00
2024-07-18,073240,금호타이어,4,23236859550,5500,2824.35,,2026-09-09T22:37:43+09:00
2024-07-18,005935,삼성전자우,5,20013248300,67900,2824.35,,2026-09-09T22:37:43+09:00
2024-07-18,003230,삼양식품,6,18221981000,630000,2824.35,,2026-09-09T22:37:43+09:00
2024-07-18,011070,LG이노텍,7,17566174000,298500,2824.35,,2026-09-09T22:37:43+09:00
2024-07-18,066570,LG전자,8,17531800300,110900,2824.35,,2026-09-09T22:37:43+09:00
2024-07-18,192820,코스맥스,9,11476413100,167800,2824.35,,2026-09-09T22:37:43+09:00
2024-07-18,030200,KT,10,10322362350,37900,2824.35,,2026-09-09T22:37:43+09:00
2024-07-18,007660,이수페타시스,11,9206277750,48950,2824.35,,2026-09-09T22:37:43+09:00
2024-07-18,383220,F&F,12,7533812900,69600,2824.35,,2026-09-09T22:37:43+09:00
2024-07-18,352820,하이브,13,7153355200,185000,2824.35,,2026-09-09T22:37:43+09:00
2024-07-18,316140,우리금융지주,14,6258246550,14900,2824.35,,2026-09-09T22:37:43+09:00
2024-07-18,005380,현대차,15,5989397500,260500,2824.35,,2026-09-09T22:37:43+09:00
2024-07-18,402340,SK스퀘어,16,5300821700,89000,2824.35,,2026-09-09T22:37:43+09:00
2024-07-18,035420,NAVER,17,5295417500,174900,2824.35,,2026-09-09T22:37:43+09:00
2024-07-18,032640,LG유플러스,18,5269253700,9980,2824.35,,2026-09-09T22:37:43+09:00
2024-07-18,329180,HD현대중공업,19,5153765000,169000,2824.35,,2026-09-09T22:37:43+09:00
2024-07-18,130660,한전산업,20,4638059830,17740,2824.35,,2026-09-09T22:37:43+09:00
2024-07-19,012450,한화에어로스페이스,1,31042294500,281500,2795.46,,2026-09-09T22:37:49+09:00
2024-07-19,005380,현대차,2,19469478500,258500,2795.46,,2026-09-09T22:37:49+09:00
2024-07-19,066570,LG전자,3,17006903000,111800,2795.46,,2026-09-09T22:37:49+09:00
2024-07-19,112610,씨에스윈드,4,15493451000,50700,2795.46,,2026-09-09T22:37:49+09:00
2024-07-19,329180,HD현대중공업,5,13061993200,164300,2795.46,,2026-09-09T22:37:49+09:00
2024-07-19,259960,크래프톤,6,13059375500,280500,2795.46,,2026-09-09T22:37:49+09:00
2024-07-19,011070,LG이노텍,7,11772659500,297500,2795.46,,2026-09-09T22:37:49+09:00
2024-07-19,003670,포스코퓨처엠,8,10941206000,257000,2795.46,,2026-09-09T22:37:49+09:00
2024-07-19,192820,코스맥스,9,10809906700,147700,2795.46,,2026-09-09T22:37:49+09:00
2024-07-19,034020,두산에너빌리티,10,10640762650,20200,2795.46,,2026-09-09T22:37:49+09:00
2024-07-19,033780,KT&G,11,9686538400,90400,2795.46,,2026-09-09T22:37:49+09:00
2024-07-19,010120,LS ELECTRIC,12,9531648500,223000,2795.46,,2026-09-09T22:37:49+09:00
2024-07-19,454910,두산로보틱스,13,9486487200,83900,2795.46,,2026-09-09T22:37:49+09:00
2024-07-19,105560,KB금융,14,8850889900,84800,2795.46,,2026-09-09T22:37:49+09:00
2024-07-19,010620,HD현대미포,15,8682465500,97000,2795.46,,2026-09-09T22:37:49+09:00
2024-07-19,000100,유한양행,16,8197870400,95400,2795.46,,2026-09-09T22:37:49+09:00
2024-07-19,086790,하나금융지주,17,6855137100,62700,2795.46,,2026-09-09T22:37:49+09:00
2024-07-19,090430,아모레퍼시픽,18,5754059900,163200,2795.46,,2026-09-09T22:37:49+09:00
2024-07-19,086280,현대글로비스,19,5225359000,119100,2795.46,,2026-09-09T22:37:49+09:00
2024-07-19,003550,LG,20,5082732400,81800,2795.46,,2026-09-09T22:37:49+09:00
2024-07-22,033780,KT&G,1,32740412200,92900,2763.51,,2026-09-09T22:37:59+09:00
2024-07-22,055550,신한지주,2,29027188400,55000,2763.51,,2026-09-09T22:37:59+09:00
2024-07-22,068270,셀트리온,3,26302494300,193200,2763.51,,2026-09-09T22:37:59+09:00
2024-07-22,090430,아모레퍼시픽,4,26128249700,177700,2763.51,,2026-09-09T22:37:59+09:00
2024-07-22,005380,현대차,5,21195001500,255000,2763.51,,2026-09-09T22:37:59+09:00
2024-07-22,042700,한미반도체,6,19143252000,145400,2763.51,,2026-09-09T22:37:59+09:00
2024-07-22,007660,이수페타시스,7,16106043250,47200,2763.51,,2026-09-09T22:37:59+09:00
2024-07-22,034020,두산에너빌리티,8,12293712250,20200,2763.51,,2026-09-09T22:37:59+09:00
2024-07-22,000270,기아,9,11666313300,115900,2763.51,,2026-09-09T22:37:59+09:00
2024-07-22,278470,에이피알,10,10638575000,270000,2763.51,,2026-09-09T22:37:59+09:00
2024-07-22,009540,HD한국조선해양,11,10471773000,186600,2763.51,,2026-09-09T22:37:59+09:00
2024-07-22,402340,SK스퀘어,12,7830631900,85700,2763.51,,2026-09-09T22:37:59+09:00
2024-07-22,006260,LS,13,7249801000,126300,2763.51,,2026-09-09T22:37:59+09:00
2024-07-22,103140,풍산,14,6814865700,60600,2763.51,,2026-09-09T22:37:59+09:00
2024-07-22,000150,두산,15,6397565400,194500,2763.51,,2026-09-09T22:37:59+09:00
2024-07-22,259960,크래프톤,16,4888059500,281000,2763.51,,2026-09-09T22:37:59+09:00
2024-07-22,005935,삼성전자우,17,4778057900,65100,2763.51,,2026-09-09T22:37:59+09:00
2024-07-22,036460,한국가스공사,18,4754282950,40900,2763.51,,2026-09-09T22:37:59+09:00
2024-07-22,028260,삼성물산,19,4343011100,149400,2763.51,,2026-09-09T22:37:59+09:00
2024-07-22,298040,효성중공업,20,4005820000,325500,2763.51,,2026-09-09T22:37:59+09:00
2024-07-23,005930,삼성전자,1,207802665200,83900,2774.29,,2026-09-09T22:38:03+09:00
2024-07-23,010120,LS ELECTRIC,2,51915519500,259000,2774.29,,2026-09-09T22:38:03+09:00
2024-07-23,064350,현대로템,3,45739444000,46350,2774.29,,2026-09-09T22:38:03+09:00
2024-07-23,066570,LG전자,4,37714717700,113900,2774.29,,2026-09-09T22:38:03+09:00
2024-07-23,000270,기아,5,31663937600,120500,2774.29,,2026-09-09T22:38:03+09:00
2024-07-23,259960,크래프톤,6,27761598500,292000,2774.29,,2026-09-09T22:38:03+09:00
2024-07-23,005380,현대차,7,27143231000,263500,2774.29,,2026-09-09T22:38:03+09:00
2024-07-23,012450,한화에어로스페이스,8,21162603000,287000,2774.29,,2026-09-09T22:38:03+09:00
2024-07-23,105560,KB금융,9,19597959700,88300,2774.29,,2026-09-09T22:38:03+09:00
2024-07-23,003230,삼양식품,10,14898728000,659000,2774.29,,2026-09-09T22:38:03+09:00
2024-07-23,033780,KT&G,11,14031069300,93400,2774.29,,2026-09-09T22:38:03+09:00
2024-07-23,034020,두산에너빌리티,12,13631834640,19880,2774.29,,2026-09-09T22:38:03+09:00
2024-07-23,010140,삼성중공업,13,13418968230,11000,2774.29,,2026-09-09T22:38:03+09:00
2024-07-23,443060,HD현대마린솔루션,14,10812309000,132700,2774.29,,2026-09-09T22:38:03+09:00
2024-07-23,042670,HD현대인프라코어,15,10643887320,8830,2774.29,,2026-09-09T22:38:03+09:00
2024-07-23,042660,한화오션,16,10411743400,30950,2774.29,,2026-09-09T22:38:03+09:00
2024-07-23,272210,한화시스템,17,9857944790,20250,2774.29,,2026-09-09T22:38:03+09:00
2024-07-23,009540,HD한국조선해양,18,8771312100,189700,2774.29,,2026-09-09T22:38:03+09:00
2024-07-23,034730,SK,19,8606344000,145900,2774.29,,2026-09-09T22:38:03+09:00
2024-07-23,012330,현대모비스,20,6834371000,222500,2774.29,,2026-09-09T22:38:03+09:00
2024-07-24,272210,한화시스템,1,47981450850,22250,2758.71,,2026-09-09T22:38:09+09:00
2024-07-24,068270,셀트리온,2,34114965600,193400,2758.71,,2026-09-09T22:38:09+09:00
2024-07-24,207940,삼성바이오로직스,3,28036570000,883000,2758.71,,2026-09-09T22:38:09+09:00
2024-07-24,000660,SK하이닉스,4,23362515000,208500,2758.71,,2026-09-09T22:38:09+09:00
2024-07-24,012450,한화에어로스페이스,5,22559339500,298500,2758.71,,2026-09-09T22:38:09+09:00
2024-07-24,035720,카카오,6,20164771700,39550,2758.71,,2026-09-09T22:38:09+09:00
2024-07-24,066570,LG전자,7,12368002800,112500,2758.71,,2026-09-09T22:38:09+09:00
2024-07-24,035420,NAVER,8,10179256200,171700,2758.71,,2026-09-09T22:38:09+09:00
2024-07-24,034020,두산에너빌리티,9,8568143230,19820,2758.71,,2026-09-09T22:38:09+09:00
2024-07-24,032830,삼성생명,10,7875890200,93700,2758.71,,2026-09-09T22:38:09+09:00
2024-07-24,033780,KT&G,11,7067975000,93400,2758.71,,2026-09-09T22:38:09+09:00
2024-07-24,086280,현대글로비스,12,5612068200,117800,2758.71,,2026-09-09T22:38:09+09:00
2024-07-24,011790,SKC,13,5598832400,143200,2758.71,,2026-09-09T22:38:09+09:00
2024-07-24,047810,한국항공우주,14,5174867100,50600,2758.71,,2026-09-09T22:38:09+09:00
2024-07-24,112610,씨에스윈드,15,4952866350,49350,2758.71,,2026-09-09T22:38:09+09:00
2024-07-24,000880,한화,16,4946597350,29700,2758.71,,2026-09-09T22:38:09+09:00
2024-07-24,017960,한국카본,17,4577010780,12180,2758.71,,2026-09-09T22:38:09+09:00
2024-07-24,064350,현대로템,18,4368764350,47950,2758.71,,2026-09-09T22:38:09+09:00
2024-07-24,028670,팬오션,19,4340077900,3840,2758.71,,2026-09-09T22:38:09+09:00
2024-07-24,090430,아모레퍼시픽,20,4231365000,179000,2758.71,,2026-09-09T22:38:09+09:00
2024-07-25,042700,한미반도체,1,44144100700,135500,2710.65,,2026-09-09T22:38:14+09:00
2024-07-25,035420,NAVER,2,29754806800,178000,2710.65,,2026-09-09T22:38:14+09:00
2024-07-25,207940,삼성바이오로직스,3,26028323000,871000,2710.65,,2026-09-09T22:38:14+09:00
2024-07-25,066570,LG전자,4,24153302000,110200,2710.65,,2026-09-09T22:38:14+09:00
2024-07-25,006400,삼성SDI,5,23068356500,343500,2710.65,,2026-09-09T22:38:14+09:00
2024-07-25,009150,삼성전기,6,19659216100,157300,2710.65,,2026-09-09T22:38:14+09:00
2024-07-25,068270,셀트리온,7,18258276000,199200,2710.65,,2026-09-09T22:38:14+09:00
2024-07-25,005490,POSCO홀딩스,8,17192651000,355500,2710.65,,2026-09-09T22:38:14+09:00
2024-07-25,005930,삼성전자,9,15614765400,80400,2710.65,,2026-09-09T22:38:14+09:00
2024-07-25,017670,SK텔레콤,10,14656603200,54100,2710.65,,2026-09-09T22:38:14+09:00
2024-07-25,090430,아모레퍼시픽,11,13761526700,177200,2710.65,,2026-09-09T22:38:14+09:00
2024-07-25,006260,LS,12,12242111900,119800,2710.65,,2026-09-09T22:38:14+09:00
2024-07-25,036460,한국가스공사,13,12010124050,38650,2710.65,,2026-09-09T22:38:14+09:00
2024-07-25,000150,두산,14,11133180500,172000,2710.65,,2026-09-09T22:38:14+09:00
2024-07-25,010140,삼성중공업,15,11091742850,10950,2710.65,,2026-09-09T22:38:14+09:00
2024-07-25,011790,SKC,16,10289473000,140100,2710.65,,2026-09-09T22:38:14+09:00
2024-07-25,035720,카카오,17,8646746750,40550,2710.65,,2026-09-09T22:38:14+09:00
2024-07-25,323410,카카오뱅크,18,8629659050,21400,2710.65,,2026-09-09T22:38:14+09:00
2024-07-25,012330,현대모비스,19,7737321500,225500,2710.65,,2026-09-09T22:38:14+09:00
2024-07-25,034730,SK,20,6174599800,144700,2710.65,,2026-09-09T22:38:14+09:00
2024-07-26,010140,삼성중공업,1,118005551950,11870,2731.9,,2026-09-09T22:38:19+09:00
2024-07-26,316140,우리금융지주,2,97786678150,16180,2731.9,,2026-09-09T22:38:19+09:00
2024-07-26,207940,삼성바이오로직스,3,62210329000,915000,2731.9,,2026-09-09T22:38:19+09:00
2024-07-26,009540,HD한국조선해양,4,51624504000,198800,2731.9,,2026-09-09T22:38:19+09:00
2024-07-26,329180,HD현대중공업,5,49827547700,207500,2731.9,,2026-09-09T22:38:19+09:00
2024-07-26,028050,삼성E&A,6,29538595000,27900,2731.9,,2026-09-09T22:38:19+09:00
2024-07-26,105560,KB금융,7,29483037400,87900,2731.9,,2026-09-09T22:38:19+09:00
2024-07-26,042660,한화오션,8,21099439950,30950,2731.9,,2026-09-09T22:38:19+09:00
2024-07-26,012330,현대모비스,9,14313617500,225500,2731.9,,2026-09-09T22:38:19+09:00
2024-07-26,006360,GS건설,10,13879677950,19210,2731.9,,2026-09-09T22:38:19+09:00
2024-07-26,010120,LS ELECTRIC,11,13185634800,200500,2731.9,,2026-09-09T22:38:19+09:00
2024-07-26,011790,SKC,12,12982372700,133000,2731.9,,2026-09-09T22:38:19+09:00
2024-07-26,033780,KT&G,13,11425140500,93800,2731.9,,2026-09-09T22:38:19+09:00
2024-07-26,000270,기아,14,9366545300,112100,2731.9,,2026-09-09T22:38:19+09:00
2024-07-26,192820,코스맥스,15,7301327400,148700,2731.9,,2026-09-09T22:38:19+09:00
2024-07-26,082740,한화엔진,16,7195801940,14560,2731.9,,2026-09-09T22:38:19+09:00
2024-07-26,003230,삼양식품,17,7186444000,623000,2731.9,,2026-09-09T22:38:19+09:00
2024-07-26,003550,LG,18,6775052000,82900,2731.9,,2026-09-09T22:38:19+09:00
2024-07-26,024110,기업은행,19,6374266750,14230,2731.9,,2026-09-09T22:38:19+09:00
2024-07-26,007660,이수페타시스,20,5982216800,43950,2731.9,,2026-09-09T22:38:19+09:00
2024-07-29,000660,SK하이닉스,1,170871224800,195600,2765.53,,2026-09-09T22:38:29+09:00
2024-07-29,055550,신한지주,2,33019068300,60700,2765.53,,2026-09-09T22:38:29+09:00
2024-07-29,005380,현대차,3,31330790500,255500,2765.53,,2026-09-09T22:38:29+09:00
2024-07-29,316140,우리금융지주,4,29741572560,16330,2765.53,,2026-09-09T22:38:29+09:00
2024-07-29,047810,한국항공우주,5,29411991000,54600,2765.53,,2026-09-09T22:38:29+09:00
2024-07-29,207940,삼성바이오로직스,6,27815212000,940000,2765.53,,2026-09-09T22:38:29+09:00
2024-07-29,068270,셀트리온,7,21610952000,209000,2765.53,,2026-09-09T22:38:29+09:00
2024-07-29,090430,아모레퍼시픽,8,21262801100,182300,2765.53,,2026-09-09T22:38:29+09:00
2024-07-29,003230,삼양식품,9,16739099000,638000,2765.53,,2026-09-09T22:38:29+09:00
2024-07-29,062040,산일전기,10,16466123950,50200,2765.53,,2026-09-09T22:38:29+09:00
2024-07-29,003670,포스코퓨처엠,11,16184599500,214000,2765.53,,2026-09-09T22:38:29+09:00
2024-07-29,010950,S-Oil,12,15079779100,68500,2765.53,,2026-09-09T22:38:29+09:00
2024-07-29,012330,현대모비스,13,13150095500,228000,2765.53,,2026-09-09T22:38:29+09:00
2024-07-29,036460,한국가스공사,14,10458663450,44100,2765.53,,2026-09-09T22:38:29+09:00
2024-07-29,064350,현대로템,15,10086519850,49950,2765.53,,2026-09-09T22:38:29+09:00
2024-07-29,028260,삼성물산,16,9599863300,152000,2765.53,,2026-09-09T22:38:29+09:00
2024-07-29,105560,KB금융,17,5773084400,90800,2765.53,,2026-09-09T22:38:29+09:00
2024-07-29,003550,LG,18,5695408600,84300,2765.53,,2026-09-09T22:38:29+09:00
2024-07-29,028050,삼성E&A,19,5556717750,28500,2765.53,,2026-09-09T22:38:29+09:00
2024-07-29,138040,메리츠금융지주,20,4694467800,83200,2765.53,,2026-09-09T22:38:29+09:00
2024-07-30,316140,우리금융지주,1,122502320830,15680,2738.19,,2026-09-09T22:38:34+09:00
2024-07-30,047810,한국항공우주,2,80098406200,57100,2738.19,,2026-09-09T22:38:34+09:00
2024-07-30,042700,한미반도체,3,44499521700,128700,2738.19,,2026-09-09T22:38:34+09:00
2024-07-30,086790,하나금융지주,4,24139917900,64000,2738.19,,2026-09-09T22:38:34+09:00
2024-07-30,007660,이수페타시스,5,12693964150,43300,2738.19,,2026-09-09T22:38:34+09:00
2024-07-30,066570,LG전자,6,9770483300,103200,2738.19,,2026-09-09T22:38:34+09:00
2024-07-30,033780,KT&G,7,9283601200,92700,2738.19,,2026-09-09T22:38:34+09:00
2024-07-30,373220,LG에너지솔루션,8,8696823000,333000,2738.19,,2026-09-09T22:38:34+09:00
2024-07-30,017670,SK텔레콤,9,8695084700,54600,2738.19,,2026-09-09T22:38:34+09:00
2024-07-30,006260,LS,10,7987182500,113300,2738.19,,2026-09-09T22:38:34+09:00
2024-07-30,207940,삼성바이오로직스,11,7820214000,937000,2738.19,,2026-09-09T22:38:34+09:00
2024-07-30,010120,LS ELECTRIC,12,7403327300,184900,2738.19,,2026-09-09T22:38:34+09:00
2024-07-30,016360,삼성증권,13,6870468800,44400,2738.19,,2026-09-09T22:38:34+09:00
2024-07-30,011200,HMM,14,6756282810,17550,2738.19,,2026-09-09T22:38:34+09:00
2024-07-30,329180,HD현대중공업,15,5421638500,204500,2738.19,,2026-09-09T22:38:34+09:00
2024-07-30,161390,한국타이어앤테크놀로지,16,5097128750,42900,2738.19,,2026-09-09T22:38:34+09:00
2024-07-30,259960,크래프톤,17,4978123500,292500,2738.19,,2026-09-09T22:38:34+09:00
2024-07-30,003670,포스코퓨처엠,18,3826363500,215500,2738.19,,2026-09-09T22:38:34+09:00
2024-07-30,402340,SK스퀘어,19,3589062700,82100,2738.19,,2026-09-09T22:38:34+09:00
2024-07-30,267250,HD현대,20,3506027200,81600,2738.19,,2026-09-09T22:38:34+09:00
2024-07-31,005930,삼성전자,1,139667984800,83900,2770.69,,2026-09-09T22:38:38+09:00
2024-07-31,047810,한국항공우주,2,33544061000,57000,2770.69,,2026-09-09T22:38:38+09:00
2024-07-31,000660,SK하이닉스,3,27163626500,194600,2770.69,,2026-09-09T22:38:38+09:00
2024-07-31,207940,삼성바이오로직스,4,22707494000,938000,2770.69,,2026-09-09T22:38:38+09:00
2024-07-31,064350,현대로템,5,18947419450,48900,2770.69,,2026-09-09T22:38:38+09:00
2024-07-31,033780,KT&G,6,14658364700,93300,2770.69,,2026-09-09T22:38:38+09:00
2024-07-31,086790,하나금융지주,7,12899930500,64700,2770.69,,2026-09-09T22:38:38+09:00
2024-07-31,011200,HMM,8,9960725400,18200,2770.69,,2026-09-09T22:38:38+09:00
2024-07-31,011070,LG이노텍,9,9514555000,256000,2770.69,,2026-09-09T22:38:38+09:00
2024-07-31,030200,KT,10,8929760950,39850,2770.69,,2026-09-09T22:38:38+09:00
2024-07-31,003230,삼양식품,11,8131539000,617000,2770.69,,2026-09-09T22:38:38+09:00
2024-07-31,028260,삼성물산,12,7963607500,155300,2770.69,,2026-09-09T22:38:38+09:00
2024-07-31,032830,삼성생명,13,6982451400,96500,2770.69,,2026-09-09T22:38:38+09:00
2024-07-31,090430,아모레퍼시픽,14,6851433200,181700,2770.69,,2026-09-09T22:38:38+09:00
2024-07-31,042660,한화오션,15,6294800050,30550,2770.69,,2026-09-09T22:38:38+09:00
2024-07-31,086280,현대글로비스,16,6073436100,121500,2770.69,,2026-09-09T22:38:38+09:00
2024-07-31,034730,SK,17,6027243300,149900,2770.69,,2026-09-09T22:38:38+09:00
2024-07-31,139480,이마트,18,5289836400,60400,2770.69,,2026-09-09T22:38:38+09:00
2024-07-31,161390,한국타이어앤테크놀로지,19,4946377850,44650,2770.69,,2026-09-09T22:38:38+09:00
2024-07-31,005830,DB손해보험,20,4709613700,110500,2770.69,,2026-09-09T22:38:38+09:00
2024-08-01,005380,현대차,1,47221036500,253500,2777.68,,2026-09-09T22:38:42+09:00
2024-08-01,006400,삼성SDI,2,46382194000,334000,2777.68,,2026-09-09T22:38:42+09:00
2024-08-01,042660,한화오션,3,41807680500,32600,2777.68,,2026-09-09T22:38:42+09:00
2024-08-01,012450,한화에어로스페이스,4,39018039000,303500,2777.68,,2026-09-09T22:38:42+09:00
2024-08-01,207940,삼성바이오로직스,5,29447524000,925000,2777.68,,2026-09-09T22:38:42+09:00
2024-08-01,005930,삼성전자,6,29168028200,83100,2777.68,,2026-09-09T22:38:42+09:00
2024-08-01,005490,POSCO홀딩스,7,21201973500,362500,2777.68,,2026-09-09T22:38:42+09:00
2024-08-01,105560,KB금융,8,18137326200,88300,2777.68,,2026-09-09T22:38:42+09:00
2024-08-01,047810,한국항공우주,9,17150754500,57400,2777.68,,2026-09-09T22:38:42+09:00
2024-08-01,064350,현대로템,10,17110846200,50500,2777.68,,2026-09-09T22:38:42+09:00
2024-08-01,003670,포스코퓨처엠,11,12645174000,221500,2777.68,,2026-09-09T22:38:42+09:00
2024-08-01,009830,한화솔루션,12,12183913250,27000,2777.68,,2026-09-09T22:38:42+09:00
2024-08-01,035720,카카오,13,11385385700,39800,2777.68,,2026-09-09T22:38:42+09:00
2024-08-01,068270,셀트리온,14,11359748700,200000,2777.68,,2026-09-09T22:38:42+09:00
2024-08-01,096770,SK이노베이션,15,10638404300,107200,2777.68,,2026-09-09T22:38:42+09:00
2024-08-01,015760,한국전력,16,10479308440,20200,2777.68,,2026-09-09T22:38:42+09:00
2024-08-01,009150,삼성전기,17,10429417400,159500,2777.68,,2026-09-09T22:38:42+09:00
2024-08-01,329180,HD현대중공업,18,10093846500,214000,2777.68,,2026-09-09T22:38:42+09:00
2024-08-01,112610,씨에스윈드,19,10014126400,50900,2777.68,,2026-09-09T22:38:42+09:00
2024-08-01,035420,NAVER,20,9303356500,175000,2777.68,,2026-09-09T22:38:42+09:00
2024-08-02,042700,한미반도체,1,45722175100,115400,2676.19,,2026-09-09T22:38:47+09:00
2024-08-02,006400,삼성SDI,2,30168621000,336500,2676.19,,2026-09-09T22:38:47+09:00
2024-08-02,207940,삼성바이오로직스,3,22801033000,911000,2676.19,,2026-09-09T22:38:47+09:00
2024-08-02,010120,LS ELECTRIC,4,13202749500,169900,2676.19,,2026-09-09T22:38:47+09:00
2024-08-02,010140,삼성중공업,5,12134378970,11300,2676.19,,2026-09-09T22:38:47+09:00
2024-08-02,047810,한국항공우주,6,11976395300,55200,2676.19,,2026-09-09T22:38:47+09:00
2024-08-02,086280,현대글로비스,7,10342666000,115400,2676.19,,2026-09-09T22:38:47+09:00
2024-08-02,068270,셀트리온,8,9227201800,193600,2676.19,,2026-09-09T22:38:47+09:00
2024-08-02,000100,유한양행,9,8505614800,90800,2676.19,,2026-09-09T22:38:47+09:00
2024-08-02,017670,SK텔레콤,10,8234145100,54200,2676.19,,2026-09-09T22:38:47+09:00
2024-08-02,051900,LG생활건강,11,7829757000,354000,2676.19,,2026-09-09T22:38:47+09:00
2024-08-02,103140,풍산,12,6900680500,54300,2676.19,,2026-09-09T22:38:47+09:00
2024-08-02,402340,SK스퀘어,13,6646994400,75900,2676.19,,2026-09-09T22:38:47+09:00
2024-08-02,003230,삼양식품,14,6075694000,578000,2676.19,,2026-09-09T22:38:47+09:00
2024-08-02,329180,HD현대중공업,15,6036249500,209000,2676.19,,2026-09-09T22:38:47+09:00
2024-08-02,028050,삼성E&A,16,5619643300,27600,2676.19,,2026-09-09T22:38:47+09:00
2024-08-02,012330,현대모비스,17,5201778000,217500,2676.19,,2026-09-09T22:38:47+09:00
2024-08-02,267250,HD현대,18,4983769600,82800,2676.19,,2026-09-09T22:38:47+09:00
2024-08-02,090430,아모레퍼시픽,19,4379726300,178100,2676.19,,2026-09-09T22:38:47+09:00
2024-08-02,028260,삼성물산,20,3773426300,146900,2676.19,,2026-09-09T22:38:47+09:00
2024-08-05,042700,한미반도체,1,45360144700,102600,2441.55,,2026-09-09T22:38:55+09:00
2024-08-05,003230,삼양식품,2,38549596000,528000,2441.55,,2026-09-09T22:38:55+09:00
2024-08-05,207940,삼성바이오로직스,3,26678758000,890000,2441.55,,2026-09-09T22:38:55+09:00
2024-08-05,055550,신한지주,4,26563860000,52800,2441.55,,2026-09-09T22:38:55+09:00
2024-08-05,007660,이수페타시스,5,20560851400,33250,2441.55,,2026-09-09T22:38:55+09:00
2024-08-05,010120,LS ELECTRIC,6,18027109300,157400,2441.55,,2026-09-09T22:38:55+09:00
2024-08-05,011790,SKC,7,16513185200,114100,2441.55,,2026-09-09T22:38:55+09:00
2024-08-05,000100,유한양행,8,16412218900,82800,2441.55,,2026-09-09T22:38:55+09:00
2024-08-05,036460,한국가스공사,9,12565915150,37950,2441.55,,2026-09-09T22:38:55+09:00
2024-08-05,068270,셀트리온,10,12108626900,182500,2441.55,,2026-09-09T22:38:55+09:00
2024-08-05,011070,LG이노텍,11,11610881000,217500,2441.55,,2026-09-09T22:38:55+09:00
2024-08-05,079550,LIG넥스원,12,10491468800,179600,2441.55,,2026-09-09T22:38:55+09:00
2024-08-05,001440,대한전선,13,9799946120,11580,2441.55,,2026-09-09T22:38:55+09:00
2024-08-05,267260,HD현대일렉트릭,14,9627848000,264500,2441.55,,2026-09-09T22:38:55+09:00
2024-08-05,010620,HD현대미포,15,8957770600,101000,2441.55,,2026-09-09T22:38:55+09:00
2024-08-05,259960,크래프톤,16,8569961000,273000,2441.55,,2026-09-09T22:38:55+09:00
2024-08-05,298040,효성중공업,17,8343068000,252000,2441.55,,2026-09-09T22:38:55+09:00
2024-08-05,103590,일진전기,18,8294099120,19050,2441.55,,2026-09-09T22:38:55+09:00
2024-08-05,066970,엘앤에프,19,8155545900,92400,2441.55,,2026-09-09T22:38:55+09:00
2024-08-05,047050,포스코인터내셔널,20,7884052300,47100,2441.55,,2026-09-09T22:38:55+09:00
2024-08-06,003280,흥아해운,1,31602753155,2965,2522.15,,2026-09-09T22:39:00+09:00
2024-08-06,207940,삼성바이오로직스,2,24558646000,928000,2522.15,,2026-09-09T22:39:00+09:00
2024-08-06,373220,LG에너지솔루션,3,16889331000,337000,2522.15,,2026-09-09T22:39:00+09:00
2024-08-06,005490,POSCO홀딩스,4,15425310500,330500,2522.15,,2026-09-09T22:39:00+09:00
2024-08-06,034020,두산에너빌리티,5,14608124850,16870,2522.15,,2026-09-09T22:39:00+09:00
2024-08-06,035720,카카오,6,13389927450,38000,2522.15,,2026-09-09T22:39:00+09:00
2024-08-06,011200,HMM,7,13186652800,17230,2522.15,,2026-09-09T22:39:00+09:00
2024-08-06,051910,LG화학,8,11693641000,289500,2522.15,,2026-09-09T22:39:00+09:00
2024-08-06,001440,대한전선,9,11334345460,12730,2522.15,,2026-09-09T22:39:00+09:00
2024-08-06,259960,크래프톤,10,9929454000,285500,2522.15,,2026-09-09T22:39:00+09:00
2024-08-06,066970,엘앤에프,11,9676180900,101500,2522.15,,2026-09-09T22:39:00+09:00
2024-08-06,015760,한국전력,12,9481484500,19000,2522.15,,2026-09-09T22:39:00+09:00
2024-08-06,012330,현대모비스,13,9372751000,213000,2522.15,,2026-09-09T22:39:00+09:00
2024-08-06,034730,SK,14,9114026600,137600,2522.15,,2026-09-09T22:39:00+09:00
2024-08-06,051900,LG생활건강,15,7420543000,345000,2522.15,,2026-09-09T22:39:00+09:00
2024-08-06,001570,금양,16,6486383100,64600,2522.15,,2026-09-09T22:39:00+09:00
2024-08-06,161390,한국타이어앤테크놀로지,17,6339859450,40850,2522.15,,2026-09-09T22:39:00+09:00
2024-08-06,036460,한국가스공사,18,6224405550,40450,2522.15,,2026-09-09T22:39:00+09:00
2024-08-06,036570,엔씨소프트,19,6134413900,171700,2522.15,,2026-09-09T22:39:00+09:00
2024-08-06,033780,KT&G,20,5735644000,89100,2522.15,,2026-09-09T22:39:00+09:00
2024-08-07,005930,삼성전자,1,80905616100,74700,2568.41,,2026-09-09T22:39:04+09:00
2024-08-07,267260,HD현대일렉트릭,2,52680029500,305500,2568.41,,2026-09-09T22:39:04+09:00
2024-08-07,207940,삼성바이오로직스,3,39398611000,960000,2568.41,,2026-09-09T22:39:04+09:00
2024-08-07,068270,셀트리온,4,36414453100,197000,2568.41,,2026-09-09T22:39:04+09:00
2024-08-07,017670,SK텔레콤,5,32612664600,54800,2568.41,,2026-09-09T22:39:04+09:00
2024-08-07,035420,NAVER,6,17574872300,162700,2568.41,,2026-09-09T22:39:04+09:00
2024-08-07,066570,LG전자,7,11587280300,94700,2568.41,,2026-09-09T22:39:04+09:00
2024-08-07,000810,삼성화재,8,9946578000,356000,2568.41,,2026-09-09T22:39:04+09:00
2024-08-07,015760,한국전력,9,9814895510,19490,2568.41,,2026-09-09T22:39:04+09:00
2024-08-07,009420,한올바이오파마,10,9262799550,35600,2568.41,,2026-09-09T22:39:04+09:00
2024-08-07,105560,KB금융,11,8999444900,81600,2568.41,,2026-09-09T22:39:04+09:00
2024-08-07,051910,LG화학,12,7940782000,290000,2568.41,,2026-09-09T22:39:04+09:00
2024-08-07,112610,씨에스윈드,13,7791921650,52700,2568.41,,2026-09-09T22:39:04+09:00
2024-08-07,138040,메리츠금융지주,14,6959543100,80600,2568.41,,2026-09-09T22:39:04+09:00
2024-08-07,009150,삼성전기,15,6631838900,144900,2568.41,,2026-09-09T22:39:04+09:00
2024-08-07,033780,KT&G,16,6005307200,93400,2568.41,,2026-09-09T22:39:04+09:00
2024-08-07,323410,카카오뱅크,17,5838700570,21400,2568.41,,2026-09-09T22:39:04+09:00
2024-08-07,051900,LG생활건강,18,5385695500,350000,2568.41,,2026-09-09T22:39:04+09:00
2024-08-07,030200,KT,19,5237151400,37800,2568.41,,2026-09-09T22:39:04+09:00
2024-08-07,051600,한전KPS,20,5050700350,38800,2568.41,,2026-09-09T22:39:04+09:00
2024-08-08,005490,POSCO홀딩스,1,27044352500,319000,2556.73,,2026-09-09T22:39:08+09:00
2024-08-08,005380,현대차,2,25057500500,236500,2556.73,,2026-09-09T22:39:08+09:00
2024-08-08,012450,한화에어로스페이스,3,23688023500,293500,2556.73,,2026-09-09T22:39:08+09:00
2024-08-08,055550,신한지주,4,10231484200,54200,2556.73,,2026-09-09T22:39:08+09:00
2024-08-08,047810,한국항공우주,5,9462478100,54300,2556.73,,2026-09-09T22:39:08+09:00
2024-08-08,086790,하나금융지주,6,9097271100,59600,2556.73,,2026-09-09T22:39:08+09:00
2024-08-08,034730,SK,7,8081817500,136700,2556.73,,2026-09-09T22:39:08+09:00
2024-08-08,034020,두산에너빌리티,8,6856386820,17540,2556.73,,2026-09-09T22:39:08+09:00
2024-08-08,017670,SK텔레콤,9,6638914400,54400,2556.73,,2026-09-09T22:39:08+09:00
2024-08-08,003670,포스코퓨처엠,10,6547804600,199500,2556.73,,2026-09-09T22:39:08+09:00
2024-08-08,005935,삼성전자우,11,5961820900,59000,2556.73,,2026-09-09T22:39:08+09:00
2024-08-08,033780,KT&G,12,5830111900,94800,2556.73,,2026-09-09T22:39:08+09:00
2024-08-08,011200,HMM,13,4717117810,17310,2556.73,,2026-09-09T22:39:08+09:00
2024-08-08,042700,한미반도체,14,4286012400,104900,2556.73,,2026-09-09T22:39:08+09:00
2024-08-08,030200,KT,15,4280460000,39250,2556.73,,2026-09-09T22:39:08+09:00
2024-08-08,042660,한화오션,16,4222461950,31350,2556.73,,2026-09-09T22:39:08+09:00
2024-08-08,007660,이수페타시스,17,4218518350,38000,2556.73,,2026-09-09T22:39:08+09:00
2024-08-08,011790,SKC,18,4087164600,113700,2556.73,,2026-09-09T22:39:08+09:00
2024-08-08,011070,LG이노텍,19,3986948500,243000,2556.73,,2026-09-09T22:39:08+09:00
2024-08-08,000150,두산,20,3153109300,134900,2556.73,,2026-09-09T22:39:08+09:00
2024-08-09,000660,SK하이닉스,1,167165600000,171500,2588.43,,2026-09-09T22:39:14+09:00
2024-08-09,033780,KT&G,2,61496207700,100600,2588.43,,2026-09-09T22:39:14+09:00
2024-08-09,005930,삼성전자,3,41722508700,74700,2588.43,,2026-09-09T22:39:14+09:00
2024-08-09,012450,한화에어로스페이스,4,30677429000,303500,2588.43,,2026-09-09T22:39:14+09:00
2024-08-09,005380,현대차,5,17369482000,243000,2588.43,,2026-09-09T22:39:14+09:00
2024-08-09,066970,엘앤에프,6,15013524300,91300,2588.43,,2026-09-09T22:39:14+09:00
2024-08-09,443060,HD현대마린솔루션,7,15005446200,123100,2588.43,,2026-09-09T22:39:14+09:00
2024-08-09,003670,포스코퓨처엠,8,12889032500,205500,2588.43,,2026-09-09T22:39:14+09:00
2024-08-09,051910,LG화학,9,11245314500,286000,2588.43,,2026-09-09T22:39:14+09:00
2024-08-09,450080,에코프로머티,10,10778521200,83300,2588.43,,2026-09-09T22:39:14+09:00
2024-08-09,005387,현대차2우B,11,10316426400,167000,2588.43,,2026-09-09T22:39:14+09:00
2024-08-09,207940,삼성바이오로직스,12,10180006000,960000,2588.43,,2026-09-09T22:39:14+09:00
2024-08-09,009830,한화솔루션,13,10039741950,25050,2588.43,,2026-09-09T22:39:14+09:00
2024-08-09,096770,SK이노베이션,14,8757600900,101000,2588.43,,2026-09-09T22:39:14+09:00
2024-08-09,047050,포스코인터내셔널,15,8334056800,49250,2588.43,,2026-09-09T22:39:14+09:00
2024-08-09,028260,삼성물산,16,7965585500,141100,2588.43,,2026-09-09T22:39:14+09:00
2024-08-09,005490,POSCO홀딩스,17,7292210000,325500,2588.43,,2026-09-09T22:39:14+09:00
2024-08-09,010120,LS ELECTRIC,18,6401090300,172100,2588.43,,2026-09-09T22:39:14+09:00
2024-08-09,011790,SKC,19,5793704900,121500,2588.43,,2026-09-09T22:39:14+09:00
2024-08-09,161890,한국콜마,20,4950283800,66300,2588.43,,2026-09-09T22:39:14+09:00
2024-08-12,000660,SK하이닉스,1,80287892700,177000,2618.3,,2026-09-09T22:39:22+09:00
2024-08-12,005930,삼성전자,2,35874799100,75500,2618.3,,2026-09-09T22:39:22+09:00
2024-08-12,326030,SK바이오팜,3,18490425500,98800,2618.3,,2026-09-09T22:39:22+09:00
2024-08-12,011070,LG이노텍,4,14568067000,250500,2618.3,,2026-09-09T22:39:22+09:00
2024-08-12,012450,한화에어로스페이스,5,11709222000,306000,2618.3,,2026-09-09T22:39:22+09:00
2024-08-12,036460,한국가스공사,6,11141300600,46200,2618.3,,2026-09-09T22:39:22+09:00
2024-08-12,259960,크래프톤,7,10779071000,293000,2618.3,,2026-09-09T22:39:22+09:00
2024-08-12,373220,LG에너지솔루션,8,10577117500,328500,2618.3,,2026-09-09T22:39:22+09:00
2024-08-12,010140,삼성중공업,9,8524981630,11130,2618.3,,2026-09-09T22:39:22+09:00
2024-08-12,035720,카카오,10,6223932250,37100,2618.3,,2026-09-09T22:39:22+09:00
2024-08-12,112610,씨에스윈드,11,6143169700,65400,2618.3,,2026-09-09T22:39:22+09:00
2024-08-12,034020,두산에너빌리티,12,5238092700,18340,2618.3,,2026-09-09T22:39:22+09:00
2024-08-12,011170,롯데케미칼,13,5037198700,81500,2618.3,,2026-09-09T22:39:22+09:00
2024-08-12,003670,포스코퓨처엠,14,4821867500,208000,2618.3,,2026-09-09T22:39:22+09:00
2024-08-12,066570,LG전자,15,4515959000,95600,2618.3,,2026-09-09T22:39:22+09:00
2024-08-12,454910,두산로보틱스,16,4422577900,67300,2618.3,,2026-09-09T22:39:22+09:00
2024-08-12,018880,한온시스템,17,4395365460,3985,2618.3,,2026-09-09T22:39:22+09:00
2024-08-12,000100,유한양행,18,3116114900,87300,2618.3,,2026-09-09T22:39:22+09:00
2024-08-12,079550,LIG넥스원,19,3055569200,203000,2618.3,,2026-09-09T22:39:22+09:00
2024-08-12,011200,HMM,20,3004672490,17570,2618.3,,2026-09-09T22:39:22+09:00
2024-08-13,005930,삼성전자,1,141645682500,76100,2621.5,,2026-09-09T22:39:27+09:00
2024-08-13,259960,크래프톤,2,102819131000,331000,2621.5,,2026-09-09T22:39:27+09:00
2024-08-13,000660,SK하이닉스,3,93376539300,181900,2621.5,,2026-09-09T22:39:27+09:00
2024-08-13,064350,현대로템,4,25113955950,52800,2621.5,,2026-09-09T22:39:27+09:00
2024-08-13,105560,KB금융,5,19073858100,84600,2621.5,,2026-09-09T22:39:27+09:00
2024-08-13,005380,현대차,6,10886036500,243000,2621.5,,2026-09-09T22:39:27+09:00
2024-08-13,000270,기아,7,10876890000,102800,2621.5,,2026-09-09T22:39:27+09:00
2024-08-13,271560,오리온,8,10522157000,92000,2621.5,,2026-09-09T22:39:27+09:00
2024-08-13,326030,SK바이오팜,9,9892183100,97000,2621.5,,2026-09-09T22:39:27+09:00
2024-08-13,012450,한화에어로스페이스,10,9847346500,308000,2621.5,,2026-09-09T22:39:27+09:00
2024-08-13,267260,HD현대일렉트릭,11,7669241500,276500,2621.5,,2026-09-09T22:39:27+09:00
2024-08-13,005935,삼성전자우,12,7405935000,60800,2621.5,,2026-09-09T22:39:27+09:00
2024-08-13,011200,HMM,13,6728442050,17500,2621.5,,2026-09-09T22:39:27+09:00
2024-08-13,055550,신한지주,14,6588218800,55500,2621.5,,2026-09-09T22:39:27+09:00
2024-08-13,004370,농심,15,5918063500,437500,2621.5,,2026-09-09T22:39:27+09:00
2024-08-13,138040,메리츠금융지주,16,5447508400,83500,2621.5,,2026-09-09T22:39:27+09:00
2024-08-13,032830,삼성생명,17,5201199500,94000,2621.5,,2026-09-09T22:39:27+09:00
2024-08-13,005490,POSCO홀딩스,18,4588555000,324500,2621.5,,2026-09-09T22:39:27+09:00
2024-08-13,001450,현대해상,19,4369899200,35650,2621.5,,2026-09-09T22:39:27+09:00
2024-08-13,112610,씨에스윈드,20,4356912200,63500,2621.5,,2026-09-09T22:39:27+09:00
2024-08-14,005930,삼성전자,1,158904663200,77200,2644.5,,2026-09-09T22:39:32+09:00
2024-08-14,000660,SK하이닉스,2,37770227700,186700,2644.5,,2026-09-09T22:39:32+09:00
2024-08-14,047810,한국항공우주,3,33093512600,58600,2644.5,,2026-09-09T22:39:32+09:00
2024-08-14,064350,현대로템,4,21816787200,54600,2644.5,,2026-09-09T22:39:32+09:00
2024-08-14,373220,LG에너지솔루션,5,19244547500,337000,2644.5,,2026-09-09T22:39:32+09:00
2024-08-14,005935,삼성전자우,6,17161911700,62300,2644.5,,2026-09-09T22:39:32+09:00
2024-08-14,010120,LS ELECTRIC,7,16940380800,175900,2644.5,,2026-09-09T22:39:32+09:00
2024-08-14,005490,POSCO홀딩스,8,16841867000,332500,2644.5,,2026-09-09T22:39:32+09:00
2024-08-14,272210,한화시스템,9,13711946630,19610,2644.5,,2026-09-09T22:39:32+09:00
2024-08-14,000080,하이트진로,10,11492498350,21800,2644.5,,2026-09-09T22:39:32+09:00
2024-08-14,035720,카카오,11,9655575950,36800,2644.5,,2026-09-09T22:39:32+09:00
2024-08-14,017670,SK텔레콤,12,9376086900,55000,2644.5,,2026-09-09T22:39:32+09:00
2024-08-14,090430,아모레퍼시픽,13,6683339500,117900,2644.5,,2026-09-09T22:39:32+09:00
2024-08-14,009830,한화솔루션,14,6343268100,28100,2644.5,,2026-09-09T22:39:32+09:00
2024-08-14,051910,LG화학,15,5899417500,296000,2644.5,,2026-09-09T22:39:32+09:00
2024-08-14,259960,크래프톤,16,5665207000,331500,2644.5,,2026-09-09T22:39:32+09:00
2024-08-14,112610,씨에스윈드,17,5107804800,66800,2644.5,,2026-09-09T22:39:32+09:00
2024-08-14,009540,HD한국조선해양,18,5103031000,197600,2644.5,,2026-09-09T22:39:32+09:00
2024-08-14,251270,넷마블,19,5094432600,63200,2644.5,,2026-09-09T22:39:32+09:00
2024-08-14,105560,KB금융,20,4604654900,84400,2644.5,,2026-09-09T22:39:32+09:00
2024-08-16,005930,삼성전자,1,519765022400,80200,2697.23,,2026-09-09T22:39:38+09:00
2024-08-16,000660,SK하이닉스,2,392527623400,199700,2697.23,,2026-09-09T22:39:38+09:00
2024-08-16,005380,현대차,3,125618224000,255000,2697.23,,2026-09-09T22:39:38+09:00
2024-08-16,267260,HD현대일렉트릭,4,85344706000,297500,2697.23,,2026-09-09T22:39:38+09:00
2024-08-16,005935,삼성전자우,5,42221236100,64700,2697.23,,2026-09-09T22:39:38+09:00
2024-08-16,036460,한국가스공사,6,33005191500,50500,2697.23,,2026-09-09T22:39:38+09:00
2024-08-16,138040,메리츠금융지주,7,28561871200,88800,2697.23,,2026-09-09T22:39:38+09:00
2024-08-16,326030,SK바이오팜,8,25044853200,105600,2697.23,,2026-09-09T22:39:38+09:00
2024-08-16,007660,이수페타시스,9,21066510000,45000,2697.23,,2026-09-09T22:39:38+09:00
2024-08-16,034020,두산에너빌리티,10,15687125460,18750,2697.23,,2026-09-09T22:39:38+09:00
2024-08-16,012450,한화에어로스페이스,11,13037014000,305000,2697.23,,2026-09-09T22:39:38+09:00
2024-08-16,090430,아모레퍼시픽,12,12010433800,122900,2697.23,,2026-09-09T22:39:38+09:00
2024-08-16,055550,신한지주,13,10422450300,55500,2697.23,,2026-09-09T22:39:38+09:00
2024-08-16,028260,삼성물산,14,9683634100,144400,2697.23,,2026-09-09T22:39:38+09:00
2024-08-16,003230,삼양식품,15,8810967000,548000,2697.23,,2026-09-09T22:39:38+09:00
2024-08-16,079550,LIG넥스원,16,8352199500,206000,2697.23,,2026-09-09T22:39:38+09:00
2024-08-16,011200,HMM,17,8301666910,17940,2697.23,,2026-09-09T22:39:38+09:00
2024-08-16,064350,현대로템,18,7989120200,54400,2697.23,,2026-09-09T22:39:38+09:00
2024-08-16,068270,셀트리온,19,7336469300,197200,2697.23,,2026-09-09T22:39:38+09:00
2024-08-16,047050,포스코인터내셔널,20,7318284200,52500,2697.23,,2026-09-09T22:39:38+09:00
2024-08-19,005380,현대차,1,42367434500,255000,2674.36,,2026-09-09T22:39:47+09:00
2024-08-19,077970,STX엔진,2,25011017350,23000,2674.36,,2026-09-09T22:39:47+09:00
2024-08-19,105560,KB금융,3,23832471000,87000,2674.36,,2026-09-09T22:39:47+09:00
2024-08-19,009540,HD한국조선해양,4,22875942900,199300,2674.36,,2026-09-09T22:39:47+09:00
2024-08-19,329180,HD현대중공업,5,18425125000,211000,2674.36,,2026-09-09T22:39:47+09:00
2024-08-19,032830,삼성생명,6,17923937500,93600,2674.36,,2026-09-09T22:39:47+09:00
2024-08-19,316140,우리금융지주,7,12903316520,16040,2674.36,,2026-09-09T22:39:47+09:00
2024-08-19,003230,삼양식품,8,11839019000,521000,2674.36,,2026-09-09T22:39:47+09:00
2024-08-19,112610,씨에스윈드,9,11200805900,63300,2674.36,,2026-09-09T22:39:47+09:00
2024-08-19,066570,LG전자,10,10269092200,97400,2674.36,,2026-09-09T22:39:47+09:00
2024-08-19,024110,기업은행,11,8896061540,13890,2674.36,,2026-09-09T22:39:47+09:00
2024-08-19,017670,SK텔레콤,12,7265433000,55100,2674.36,,2026-09-09T22:39:47+09:00
2024-08-19,068270,셀트리온,13,6988880000,197600,2674.36,,2026-09-09T22:39:47+09:00
2024-08-19,138040,메리츠금융지주,14,6518806600,91000,2674.36,,2026-09-09T22:39:47+09:00
2024-08-19,012450,한화에어로스페이스,15,6372881500,300000,2674.36,,2026-09-09T22:39:47+09:00
2024-08-19,035720,카카오,16,5740765700,36650,2674.36,,2026-09-09T22:39:47+09:00
2024-08-19,352820,하이브,17,4233816300,168400,2674.36,,2026-09-09T22:39:47+09:00
2024-08-19,011070,LG이노텍,18,4217961000,250000,2674.36,,2026-09-09T22:39:47+09:00
2024-08-19,036570,엔씨소프트,19,3888359900,191700,2674.36,,2026-09-09T22:39:47+09:00
2024-08-19,071050,한국금융지주,20,3690505400,73500,2674.36,,2026-09-09T22:39:47+09:00
2024-08-20,000660,SK하이닉스,1,157422832000,199700,2696.63,,2026-09-09T22:39:52+09:00
2024-08-20,005930,삼성전자,2,73519069200,78900,2696.63,,2026-09-09T22:39:52+09:00
2024-08-20,267260,HD현대일렉트릭,3,40251014500,307500,2696.63,,2026-09-09T22:39:52+09:00
2024-08-20,005380,현대차,4,34899821000,256000,2696.63,,2026-09-09T22:39:52+09:00
2024-08-20,071970,HD현대마린엔진,5,31243407400,21750,2696.63,,2026-09-09T22:39:52+09:00
2024-08-20,010140,삼성중공업,6,17921536520,11240,2696.63,,2026-09-09T22:39:52+09:00
2024-08-20,042660,한화오션,7,17503661300,32800,2696.63,,2026-09-09T22:39:52+09:00
2024-08-20,016360,삼성증권,8,16463012450,47800,2696.63,,2026-09-09T22:39:52+09:00
2024-08-20,105560,KB금융,9,15241996700,89900,2696.63,,2026-09-09T22:39:52+09:00
2024-08-20,316140,우리금융지주,10,12270355460,16510,2696.63,,2026-09-09T22:39:52+09:00
2024-08-20,015760,한국전력,11,9768485390,19970,2696.63,,2026-09-09T22:39:52+09:00
2024-08-20,032830,삼성생명,12,7469451300,97700,2696.63,,2026-09-09T22:39:52+09:00
2024-08-20,005830,DB손해보험,13,6476156800,121500,2696.63,,2026-09-09T22:39:52+09:00
2024-08-20,326030,SK바이오팜,14,6148294300,106000,2696.63,,2026-09-09T22:39:52+09:00
2024-08-20,267250,HD현대,15,6116644000,83100,2696.63,,2026-09-09T22:39:52+09:00
2024-08-20,005490,POSCO홀딩스,16,5885278500,323000,2696.63,,2026-09-09T22:39:52+09:00
2024-08-20,024110,기업은행,17,5727567960,14170,2696.63,,2026-09-09T22:39:52+09:00
2024-08-20,278470,에이피알,18,5673851500,275000,2696.63,,2026-09-09T22:39:52+09:00
2024-08-20,462870,시프트업,19,5153297700,67400,2696.63,,2026-09-09T22:39:52+09:00
2024-08-20,450080,에코프로머티,20,5027883900,79600,2696.63,,2026-09-09T22:39:52+09:00
2024-08-21,373220,LG에너지솔루션,1,51039249000,350000,2701.13,,2026-09-09T22:39:56+09:00
2024-08-21,207940,삼성바이오로직스,2,38288117000,948000,2701.13,,2026-09-09T22:39:56+09:00
2024-08-21,068270,셀트리온,3,29865988600,199800,2701.13,,2026-09-09T22:39:56+09:00
2024-08-21,015760,한국전력,4,22626217520,21000,2701.13,,2026-09-09T22:39:56+09:00
2024-08-21,006400,삼성SDI,5,22436734500,328500,2701.13,,2026-09-09T22:39:56+09:00
2024-08-21,055550,신한지주,6,16930510000,58800,2701.13,,2026-09-09T22:39:56+09:00
2024-08-21,005490,POSCO홀딩스,7,16441661000,330500,2701.13,,2026-09-09T22:39:56+09:00
2024-08-21,051910,LG화학,8,15538991500,298000,2701.13,,2026-09-09T22:39:56+09:00
2024-08-21,003670,포스코퓨처엠,9,14922878000,209500,2701.13,,2026-09-09T22:39:56+09:00
2024-08-21,267260,HD현대일렉트릭,10,11095732000,319000,2701.13,,2026-09-09T22:39:56+09:00
2024-08-21,011070,LG이노텍,11,10873154000,252500,2701.13,,2026-09-09T22:39:56+09:00
2024-08-21,003490,대한항공,12,8907721100,22200,2701.13,,2026-09-09T22:39:56+09:00
2024-08-21,042700,한미반도체,13,8575502900,124800,2701.13,,2026-09-09T22:39:56+09:00
2024-08-21,009150,삼성전기,14,6927161500,145700,2701.13,,2026-09-09T22:39:56+09:00
2024-08-21,005930,삼성전자,15,6531651300,78300,2701.13,,2026-09-09T22:39:56+09:00
2024-08-21,035720,카카오,16,5847904000,36600,2701.13,,2026-09-09T22:39:56+09:00
2024-08-21,003230,삼양식품,17,5721532000,515000,2701.13,,2026-09-09T22:39:56+09:00
2024-08-21,096770,SK이노베이션,18,4896858600,103800,2701.13,,2026-09-09T22:39:56+09:00
2024-08-21,042660,한화오션,19,4836407900,33200,2701.13,,2026-09-09T22:39:56+09:00
2024-08-21,005935,삼성전자우,20,4729810100,62900,2701.13,,2026-09-09T22:39:56+09:00
2024-08-22,035420,NAVER,1,33227409600,164700,2707.67,,2026-09-09T22:40:01+09:00
2024-08-22,005490,POSCO홀딩스,2,26483223500,347000,2707.67,,2026-09-09T22:40:01+09:00
2024-08-22,373220,LG에너지솔루션,3,25157310000,363000,2707.67,,2026-09-09T22:40:01+09:00
2024-08-22,005930,삼성전자,4,24304535900,78300,2707.67,,2026-09-09T22:40:01+09:00
2024-08-22,207940,삼성바이오로직스,5,21780780000,955000,2707.67,,2026-09-09T22:40:01+09:00
2024-08-22,068270,셀트리온,6,19961718500,202500,2707.67,,2026-09-09T22:40:01+09:00
2024-08-22,000660,SK하이닉스,7,15972296500,191100,2707.67,,2026-09-09T22:40:01+09:00
2024-08-22,055550,신한지주,8,15796243300,59100,2707.67,,2026-09-09T22:40:01+09:00
2024-08-22,161890,한국콜마,9,15671150600,70500,2707.67,,2026-09-09T22:40:01+09:00
2024-08-22,329180,HD현대중공업,10,15600747900,198700,2707.67,,2026-09-09T22:40:01+09:00
2024-08-22,003230,삼양식품,11,14301812000,507000,2707.67,,2026-09-09T22:40:01+09:00
2024-08-22,035720,카카오,12,9361403700,37550,2707.67,,2026-09-09T22:40:01+09:00
2024-08-22,000100,유한양행,13,8865999600,96200,2707.67,,2026-09-09T22:40:01+09:00
2024-08-22,011070,LG이노텍,14,8485414000,254000,2707.67,,2026-09-09T22:40:01+09:00
2024-08-22,009540,HD한국조선해양,15,8191578500,191800,2707.67,,2026-09-09T22:40:01+09:00
2024-08-22,096770,SK이노베이션,16,7641263600,106200,2707.67,,2026-09-09T22:40:01+09:00
2024-08-22,010620,HD현대미포,17,6892769000,107100,2707.67,,2026-09-09T22:40:01+09:00
2024-08-22,326030,SK바이오팜,18,6626064500,103800,2707.67,,2026-09-09T22:40:01+09:00
2024-08-22,352820,하이브,19,6077890900,177400,2707.67,,2026-09-09T22:40:01+09:00
2024-08-22,051910,LG화학,20,5657298500,316000,2707.67,,2026-09-09T22:40:01+09:00
2024-08-23,000100,유한양행,1,82075835200,106600,2701.69,,2026-09-09T22:40:05+09:00
2024-08-23,042660,한화오션,2,17533448000,33150,2701.69,,2026-09-09T22:40:05+09:00
2024-08-23,055550,신한지주,3,15103846100,60000,2701.69,,2026-09-09T22:40:05+09:00
2024-08-23,009540,HD한국조선해양,4,13113960900,189800,2701.69,,2026-09-09T22:40:05+09:00
2024-08-23,028260,삼성물산,5,11977031400,149700,2701.69,,2026-09-09T22:40:05+09:00
2024-08-23,036460,한국가스공사,6,8506465750,48600,2701.69,,2026-09-09T22:40:05+09:00
2024-08-23,373220,LG에너지솔루션,7,7337038500,359000,2701.69,,2026-09-09T22:40:05+09:00
2024-08-23,329180,HD현대중공업,8,7142906400,198200,2701.69,,2026-09-09T22:40:05+09:00
2024-08-23,017670,SK텔레콤,9,6341313600,56100,2701.69,,2026-09-09T22:40:05+09:00
2024-08-23,207940,삼성바이오로직스,10,5712007000,957000,2701.69,,2026-09-09T22:40:05+09:00
2024-08-23,005935,삼성전자우,11,5693950000,62500,2701.69,,2026-09-09T22:40:05+09:00
2024-08-23,030200,KT,12,5551227300,39600,2701.69,,2026-09-09T22:40:05+09:00
2024-08-23,112610,씨에스윈드,13,5235350500,61900,2701.69,,2026-09-09T22:40:05+09:00
2024-08-23,005380,현대차,14,4938867000,252500,2701.69,,2026-09-09T22:40:05+09:00
2024-08-23,009420,한올바이오파마,15,4857380700,36600,2701.69,,2026-09-09T22:40:05+09:00
2024-08-23,003230,삼양식품,16,4743776500,500000,2701.69,,2026-09-09T22:40:05+09:00
2024-08-23,014680,한솔케미칼,17,3309877900,147600,2701.69,,2026-09-09T22:40:05+09:00
2024-08-23,047810,한국항공우주,18,3215080700,55800,2701.69,,2026-09-09T22:40:05+09:00
2024-08-23,015760,한국전력,19,3210344450,21200,2701.69,,2026-09-09T22:40:05+09:00
2024-08-23,024110,기업은행,20,2656596460,14160,2701.69,,2026-09-09T22:40:05+09:00
2024-08-26,055550,신한지주,1,61161195800,61400,2698.01,,2026-09-09T22:40:14+09:00
2024-08-26,035420,NAVER,2,36297002600,170700,2698.01,,2026-09-09T22:40:14+09:00
2024-08-26,373220,LG에너지솔루션,3,34084817500,378000,2698.01,,2026-09-09T22:40:14+09:00
2024-08-26,009540,HD한국조선해양,4,18727576000,185000,2698.01,,2026-09-09T22:40:14+09:00
2024-08-26,450080,에코프로머티,5,14116985500,83600,2698.01,,2026-09-09T22:40:14+09:00
2024-08-26,010620,HD현대미포,6,12862527300,100500,2698.01,,2026-09-09T22:40:14+09:00
2024-08-26,015760,한국전력,7,11139291300,22100,2698.01,,2026-09-09T22:40:14+09:00
2024-08-26,105560,KB금융,8,9419137800,88500,2698.01,,2026-09-09T22:40:14+09:00
2024-08-26,005935,삼성전자우,9,8796283900,61600,2698.01,,2026-09-09T22:40:14+09:00
2024-08-26,267260,HD현대일렉트릭,10,7943960000,307000,2698.01,,2026-09-09T22:40:14+09:00
2024-08-26,003230,삼양식품,11,7699322500,495000,2698.01,,2026-09-09T22:40:14+09:00
2024-08-26,036460,한국가스공사,12,7289769050,50300,2698.01,,2026-09-09T22:40:14+09:00
2024-08-26,329180,HD현대중공업,13,7151568300,191100,2698.01,,2026-09-09T22:40:14+09:00
2024-08-26,035720,카카오,14,7130388700,38700,2698.01,,2026-09-09T22:40:14+09:00
2024-08-26,068270,셀트리온,15,6195614500,205000,2698.01,,2026-09-09T22:40:14+09:00
2024-08-26,009150,삼성전기,16,5482255800,144200,2698.01,,2026-09-09T22:40:14+09:00
2024-08-26,259960,크래프톤,17,5427839500,349000,2698.01,,2026-09-09T22:40:14+09:00
2024-08-26,024110,기업은행,18,5053062280,14370,2698.01,,2026-09-09T22:40:14+09:00
2024-08-26,323410,카카오뱅크,19,4963271000,22650,2698.01,,2026-09-09T22:40:14+09:00
2024-08-26,005387,현대차2우B,20,4197104200,169800,2698.01,,2026-09-09T22:40:14+09:00
2024-08-27,207940,삼성바이오로직스,1,51133961000,973000,2689.25,,2026-09-09T22:40:20+09:00
2024-08-27,064350,현대로템,2,9290504800,53500,2689.25,,2026-09-09T22:40:20+09:00
2024-08-27,278470,에이피알,3,7490676500,252000,2689.25,,2026-09-09T22:40:20+09:00
2024-08-27,015760,한국전력,4,6950370700,22750,2689.25,,2026-09-09T22:40:20+09:00
2024-08-27,096770,SK이노베이션,5,6555319100,109800,2689.25,,2026-09-09T22:40:20+09:00
2024-08-27,001120,LX인터내셔널,6,6309374000,32850,2689.25,,2026-09-09T22:40:20+09:00
2024-08-27,402340,SK스퀘어,7,5984486700,80800,2689.25,,2026-09-09T22:40:20+09:00
2024-08-27,011070,LG이노텍,8,5624294000,256500,2689.25,,2026-09-09T22:40:20+09:00
2024-08-27,267260,HD현대일렉트릭,9,5596805500,309500,2689.25,,2026-09-09T22:40:20+09:00
2024-08-27,034020,두산에너빌리티,10,5475269950,17860,2689.25,,2026-09-09T22:40:20+09:00
2024-08-27,006260,LS,11,5398980400,114800,2689.25,,2026-09-09T22:40:20+09:00
2024-08-27,030200,KT,12,4331966350,40100,2689.25,,2026-09-09T22:40:20+09:00
2024-08-27,457190,이수스페셜티케미컬,13,4214049000,43500,2689.25,,2026-09-09T22:40:20+09:00
2024-08-27,042700,한미반도체,14,4163498300,115100,2689.25,,2026-09-09T22:40:20+09:00
2024-08-27,329180,HD현대중공업,15,4114493400,190900,2689.25,,2026-09-09T22:40:20+09:00
2024-08-27,036460,한국가스공사,16,4029618900,51600,2689.25,,2026-09-09T22:40:20+09:00
2024-08-27,316140,우리금융지주,17,3613075990,16280,2689.25,,2026-09-09T22:40:20+09:00
2024-08-27,286940,롯데이노베이트,18,3278161200,31800,2689.25,,2026-09-09T22:40:20+09:00
2024-08-27,009150,삼성전기,19,3251823200,143900,2689.25,,2026-09-09T22:40:20+09:00
2024-08-27,010620,HD현대미포,20,3080979300,101900,2689.25,,2026-09-09T22:40:20+09:00
2024-08-28,000100,유한양행,1,81294761400,135500,2689.83,,2026-09-09T22:40:24+09:00
2024-08-28,207940,삼성바이오로직스,2,37007874000,991000,2689.83,,2026-09-09T22:40:24+09:00
2024-08-28,005380,현대차,3,35743759000,259000,2689.83,,2026-09-09T22:40:24+09:00
2024-08-28,267260,HD현대일렉트릭,4,27872146000,322000,2689.83,,2026-09-09T22:40:24+09:00
2024-08-28,090430,아모레퍼시픽,5,14695744000,125500,2689.83,,2026-09-09T22:40:24+09:00
2024-08-28,259960,크래프톤,6,11576304500,332000,2689.83,,2026-09-09T22:40:24+09:00
2024-08-28,068270,셀트리온,7,8107569000,201500,2689.83,,2026-09-09T22:40:24+09:00
2024-08-28,316140,우리금융지주,8,6776043010,16030,2689.83,,2026-09-09T22:40:24+09:00
2024-08-28,011070,LG이노텍,9,6695841000,259000,2689.83,,2026-09-09T22:40:24+09:00
2024-08-28,326030,SK바이오팜,10,6345851900,113200,2689.83,,2026-09-09T22:40:24+09:00
2024-08-28,185750,종근당,11,5913250500,126100,2689.83,,2026-09-09T22:40:24+09:00
2024-08-28,086280,현대글로비스,12,5803566200,116100,2689.83,,2026-09-09T22:40:24+09:00
2024-08-28,278470,에이피알,13,5079807500,256000,2689.83,,2026-09-09T22:40:24+09:00
2024-08-28,005385,현대차우,14,5037035000,176000,2689.83,,2026-09-09T22:40:24+09:00
2024-08-28,010120,LS ELECTRIC,15,5033680500,163600,2689.83,,2026-09-09T22:40:24+09:00
2024-08-28,012450,한화에어로스페이스,16,4516965000,290000,2689.83,,2026-09-09T22:40:24+09:00
2024-08-28,021240,코웨이,17,4309728200,68000,2689.83,,2026-09-09T22:40:24+09:00
2024-08-28,294870,HDC현대산업개발,18,4127406200,25550,2689.83,,2026-09-09T22:40:24+09:00
2024-08-28,051900,LG생활건강,19,4035520500,359500,2689.83,,2026-09-09T22:40:24+09:00
2024-08-28,352820,하이브,20,4027198700,182000,2689.83,,2026-09-09T22:40:24+09:00
2024-08-29,373220,LG에너지솔루션,1,62465815000,391000,2662.28,,2026-09-09T22:40:28+09:00
2024-08-29,005387,현대차2우B,2,48126667600,189300,2662.28,,2026-09-09T22:40:28+09:00
2024-08-29,005380,현대차,3,47524982500,258500,2662.28,,2026-09-09T22:40:28+09:00
2024-08-29,005490,POSCO홀딩스,4,21700416000,342500,2662.28,,2026-09-09T22:40:28+09:00
2024-08-29,005385,현대차우,5,17564481000,186000,2662.28,,2026-09-09T22:40:28+09:00
2024-08-29,006400,삼성SDI,6,12888716000,358500,2662.28,,2026-09-09T22:40:28+09:00
2024-08-29,003670,포스코퓨처엠,7,12647267000,216000,2662.28,,2026-09-09T22:40:28+09:00
2024-08-29,450080,에코프로머티,8,12189719600,89700,2662.28,,2026-09-09T22:40:28+09:00
2024-08-29,047050,포스코인터내셔널,9,11189735200,55400,2662.28,,2026-09-09T22:40:28+09:00
2024-08-29,105560,KB금융,10,11102210100,86900,2662.28,,2026-09-09T22:40:28+09:00
2024-08-29,003230,삼양식품,11,10039669500,471500,2662.28,,2026-09-09T22:40:28+09:00
2024-08-29,011070,LG이노텍,12,8714279500,269000,2662.28,,2026-09-09T22:40:28+09:00
2024-08-29,009150,삼성전기,13,8683528900,140700,2662.28,,2026-09-09T22:40:28+09:00
2024-08-29,066570,LG전자,14,8220692500,97300,2662.28,,2026-09-09T22:40:28+09:00
2024-08-29,051910,LG화학,15,8085455000,320500,2662.28,,2026-09-09T22:40:28+09:00
2024-08-29,010120,LS ELECTRIC,16,6523484600,165300,2662.28,,2026-09-09T22:40:28+09:00
2024-08-29,064350,현대로템,17,6112248400,52600,2662.28,,2026-09-09T22:40:28+09:00
2024-08-29,036570,엔씨소프트,18,5633769000,191800,2662.28,,2026-09-09T22:40:28+09:00
2024-08-29,402340,SK스퀘어,19,5364036700,76800,2662.28,,2026-09-09T22:40:28+09:00
2024-08-29,009540,HD한국조선해양,20,5059515300,185200,2662.28,,2026-09-09T22:40:28+09:00
2024-08-30,010120,LS ELECTRIC,1,62148159700,166900,2674.31,,2026-09-09T22:40:32+09:00
2024-08-30,000100,유한양행,2,35796016300,141000,2674.31,,2026-09-09T22:40:32+09:00
2024-08-30,042660,한화오션,3,27660373800,34550,2674.31,,2026-09-09T22:40:32+09:00
2024-08-30,042700,한미반도체,4,16176685900,114500,2674.31,,2026-09-09T22:40:32+09:00
2024-08-30,064350,현대로템,5,12000079300,54000,2674.31,,2026-09-09T22:40:32+09:00
2024-08-30,267260,HD현대일렉트릭,6,10902450000,305500,2674.31,,2026-09-09T22:40:32+09:00
2024-08-30,035250,강원랜드,7,8836629210,15990,2674.31,,2026-09-09T22:40:32+09:00
2024-08-30,090460,비에이치,8,8305355400,23850,2674.31,,2026-09-09T22:40:32+09:00
2024-08-30,066570,LG전자,9,7262015300,99400,2674.31,,2026-09-09T22:40:32+09:00
2024-08-30,068270,셀트리온,10,6968871900,203000,2674.31,,2026-09-09T22:40:32+09:00
2024-08-30,096770,SK이노베이션,11,6775362400,110000,2674.31,,2026-09-09T22:40:32+09:00
2024-08-30,009540,HD한국조선해양,12,6094944000,191400,2674.31,,2026-09-09T22:40:32+09:00
2024-08-30,006260,LS,13,6080953000,113100,2674.31,,2026-09-09T22:40:32+09:00
2024-08-30,457190,이수스페셜티케미컬,14,4928944100,53100,2674.31,,2026-09-09T22:40:32+09:00
2024-08-30,090430,아모레퍼시픽,15,4371962400,124400,2674.31,,2026-09-09T22:40:32+09:00
2024-08-30,036460,한국가스공사,16,4264218300,52200,2674.31,,2026-09-09T22:40:32+09:00
2024-08-30,079550,LIG넥스원,17,4020131900,195000,2674.31,,2026-09-09T22:40:32+09:00
2024-08-30,259960,크래프톤,18,3969435000,327000,2674.31,,2026-09-09T22:40:32+09:00
2024-08-30,088980,맥쿼리인프라,19,3783253930,12040,2674.31,,2026-09-09T22:40:32+09:00
2024-08-30,128940,한미약품,20,3767222500,315500,2674.31,,2026-09-09T22:40:32+09:00
2024-09-02,005930,삼성전자,1,137667072300,74400,2681.0,,2026-09-09T22:40:41+09:00
2024-09-02,000660,SK하이닉스,2,63852788100,174000,2681.0,,2026-09-09T22:40:41+09:00
2024-09-02,003670,포스코퓨처엠,3,44306391000,246500,2681.0,,2026-09-09T22:40:41+09:00
2024-09-02,373220,LG에너지솔루션,4,44270939000,412000,2681.0,,2026-09-09T22:40:41+09:00
2024-09-02,051910,LG화학,5,36639083500,340000,2681.0,,2026-09-09T22:40:41+09:00
2024-09-02,005490,POSCO홀딩스,6,33101734500,360000,2681.0,,2026-09-09T22:40:41+09:00
2024-09-02,006400,삼성SDI,7,28151782000,369000,2681.0,,2026-09-09T22:40:41+09:00
2024-09-02,105560,KB금융,8,16275923700,87700,2681.0,,2026-09-09T22:40:41+09:00
2024-09-02,009150,삼성전기,9,16053421400,145200,2681.0,,2026-09-09T22:40:41+09:00
2024-09-02,000810,삼성화재,10,13003347000,360000,2681.0,,2026-09-09T22:40:41+09:00
2024-09-02,066570,LG전자,11,12443568000,101600,2681.0,,2026-09-09T22:40:41+09:00
2024-09-02,055550,신한지주,12,10357244300,56300,2681.0,,2026-09-09T22:40:41+09:00
2024-09-02,051900,LG생활건강,13,8222434500,360500,2681.0,,2026-09-09T22:40:41+09:00
2024-09-02,011070,LG이노텍,14,6510567000,280000,2681.0,,2026-09-09T22:40:41+09:00
2024-09-02,086280,현대글로비스,15,6421864600,112600,2681.0,,2026-09-09T22:40:41+09:00
2024-09-02,022100,포스코DX,16,6157347850,30400,2681.0,,2026-09-09T22:40:41+09:00
2024-09-02,007660,이수페타시스,17,5882381650,40200,2681.0,,2026-09-09T22:40:41+09:00
2024-09-02,241560,두산밥캣,18,5298450600,39900,2681.0,,2026-09-09T22:40:41+09:00
2024-09-02,161890,한국콜마,19,5133761300,67700,2681.0,,2026-09-09T22:40:41+09:00
2024-09-02,030200,KT,20,4500476700,39100,2681.0,,2026-09-09T22:40:41+09:00
2024-09-03,028260,삼성물산,1,21421239100,154800,2664.63,,2026-09-09T22:40:46+09:00
2024-09-03,373220,LG에너지솔루션,2,20911409500,411000,2664.63,,2026-09-09T22:40:46+09:00
2024-09-03,010120,LS ELECTRIC,3,16454592600,152000,2664.63,,2026-09-09T22:40:46+09:00
2024-09-03,090430,아모레퍼시픽,4,15933447300,128200,2664.63,,2026-09-09T22:40:46+09:00
2024-09-03,055550,신한지주,5,12827771000,57200,2664.63,,2026-09-09T22:40:46+09:00
2024-09-03,006400,삼성SDI,6,12718388000,371000,2664.63,,2026-09-09T22:40:46+09:00
2024-09-03,000810,삼성화재,7,12449628000,377000,2664.63,,2026-09-09T22:40:46+09:00
2024-09-03,032830,삼성생명,8,9932872300,100500,2664.63,,2026-09-09T22:40:46+09:00
2024-09-03,003230,삼양식품,9,9806139000,502000,2664.63,,2026-09-09T22:40:46+09:00
2024-09-03,066570,LG전자,10,8990955400,102000,2664.63,,2026-09-09T22:40:46+09:00
2024-09-03,241560,두산밥캣,11,8990435850,41600,2664.63,,2026-09-09T22:40:46+09:00
2024-09-03,010140,삼성중공업,12,8183602750,10280,2664.63,,2026-09-09T22:40:46+09:00
2024-09-03,086280,현대글로비스,13,7030431500,111300,2664.63,,2026-09-09T22:40:46+09:00
2024-09-03,007660,이수페타시스,14,6834754200,38550,2664.63,,2026-09-09T22:40:46+09:00
2024-09-03,035250,강원랜드,15,6770624330,16490,2664.63,,2026-09-09T22:40:46+09:00
2024-09-03,326030,SK바이오팜,16,6412810700,110500,2664.63,,2026-09-09T22:40:46+09:00
2024-09-03,161890,한국콜마,17,6393721600,69800,2664.63,,2026-09-09T22:40:46+09:00
2024-09-03,009540,HD한국조선해양,18,6149883700,180700,2664.63,,2026-09-09T22:40:46+09:00
2024-09-03,006260,LS,19,5909541500,111700,2664.63,,2026-09-09T22:40:46+09:00
2024-09-03,042700,한미반도체,20,5579532400,108600,2664.63,,2026-09-09T22:40:46+09:00
2024-09-04,066570,LG전자,1,26225743500,100700,2580.8,,2026-09-09T22:40:50+09:00
2024-09-04,042700,한미반도체,2,21881822500,101000,2580.8,,2026-09-09T22:40:50+09:00
2024-09-04,267260,HD현대일렉트릭,3,20952920000,269000,2580.8,,2026-09-09T22:40:50+09:00
2024-09-04,010120,LS ELECTRIC,4,18558375500,142800,2580.8,,2026-09-09T22:40:50+09:00
2024-09-04,207940,삼성바이오로직스,5,14082041000,946000,2580.8,,2026-09-09T22:40:50+09:00
2024-09-04,007660,이수페타시스,6,13373715750,35550,2580.8,,2026-09-09T22:40:50+09:00
2024-09-04,086280,현대글로비스,7,12705447200,110800,2580.8,,2026-09-09T22:40:50+09:00
2024-09-04,064350,현대로템,8,11763553700,52700,2580.8,,2026-09-09T22:40:50+09:00
2024-09-04,009540,HD한국조선해양,9,11677710200,175800,2580.8,,2026-09-09T22:40:50+09:00
2024-09-04,326030,SK바이오팜,10,9991251300,107500,2580.8,,2026-09-09T22:40:50+09:00
2024-09-04,112610,씨에스윈드,11,9223343200,59200,2580.8,,2026-09-09T22:40:50+09:00
2024-09-04,055550,신한지주,12,8717049000,55500,2580.8,,2026-09-09T22:40:50+09:00
2024-09-04,352820,하이브,13,8714275100,171200,2580.8,,2026-09-09T22:40:50+09:00
2024-09-04,259960,크래프톤,14,8602859500,310500,2580.8,,2026-09-09T22:40:50+09:00
2024-09-04,068270,셀트리온,15,7980176400,190200,2580.8,,2026-09-09T22:40:50+09:00
2024-09-04,042660,한화오션,16,7947936500,32750,2580.8,,2026-09-09T22:40:50+09:00
2024-09-04,241560,두산밥캣,17,6665382850,41700,2580.8,,2026-09-09T22:40:50+09:00
2024-09-04,329180,HD현대중공업,18,6557250000,186300,2580.8,,2026-09-09T22:40:50+09:00
2024-09-04,096770,SK이노베이션,19,5345348200,107000,2580.8,,2026-09-09T22:40:50+09:00
2024-09-04,086790,하나금융지주,20,5086980900,62700,2580.8,,2026-09-09T22:40:50+09:00
2024-09-05,000660,SK하이닉스,1,56006947000,159400,2575.5,,2026-09-09T22:40:54+09:00
2024-09-05,010120,LS ELECTRIC,2,26465316500,135900,2575.5,,2026-09-09T22:40:54+09:00
2024-09-05,066570,LG전자,3,20122435600,104100,2575.5,,2026-09-09T22:40:54+09:00
2024-09-05,000100,유한양행,4,15987454300,130600,2575.5,,2026-09-09T22:40:54+09:00
2024-09-05,036460,한국가스공사,5,15163581800,48450,2575.5,,2026-09-09T22:40:54+09:00
2024-09-05,009540,HD한국조선해양,6,15029657400,168000,2575.5,,2026-09-09T22:40:54+09:00
2024-09-05,373220,LG에너지솔루션,7,13454239000,410000,2575.5,,2026-09-09T22:40:54+09:00
2024-09-05,035250,강원랜드,8,12882275190,17730,2575.5,,2026-09-09T22:40:54+09:00
2024-09-05,006260,LS,9,10162478000,101000,2575.5,,2026-09-09T22:40:54+09:00
2024-09-05,090430,아모레퍼시픽,10,9980936200,129400,2575.5,,2026-09-09T22:40:54+09:00
2024-09-05,326030,SK바이오팜,11,9458354200,104000,2575.5,,2026-09-09T22:40:54+09:00
2024-09-05,006400,삼성SDI,12,8331028000,365500,2575.5,,2026-09-09T22:40:54+09:00
2024-09-05,450080,에코프로머티,13,8094176500,92600,2575.5,,2026-09-09T22:40:54+09:00
2024-09-05,079550,LIG넥스원,14,6547753000,182200,2575.5,,2026-09-09T22:40:54+09:00
2024-09-05,030200,KT,15,6529817700,41200,2575.5,,2026-09-09T22:40:54+09:00
2024-09-05,007660,이수페타시스,16,6345041350,34250,2575.5,,2026-09-09T22:40:54+09:00
2024-09-05,329180,HD현대중공업,17,5620121400,178900,2575.5,,2026-09-09T22:40:54+09:00
2024-09-05,011070,LG이노텍,18,5578825500,238500,2575.5,,2026-09-09T22:40:54+09:00
2024-09-05,086280,현대글로비스,19,5016995100,110700,2575.5,,2026-09-09T22:40:54+09:00
2024-09-05,010620,HD현대미포,20,4591371800,96400,2575.5,,2026-09-09T22:40:54+09:00
2024-09-06,000100,유한양행,1,47763022500,125600,2544.28,,2026-09-09T22:40:59+09:00
2024-09-06,267260,HD현대일렉트릭,2,20683964500,239000,2544.28,,2026-09-09T22:40:59+09:00
2024-09-06,055550,신한지주,3,14879739400,57100,2544.28,,2026-09-09T22:40:59+09:00
2024-09-06,042700,한미반도체,4,12926813300,96500,2544.28,,2026-09-09T22:40:59+09:00
2024-09-06,007660,이수페타시스,5,11334539050,33150,2544.28,,2026-09-09T22:40:59+09:00
2024-09-06,010120,LS ELECTRIC,6,11256220600,133000,2544.28,,2026-09-09T22:40:59+09:00
2024-09-06,006260,LS,7,9746103200,97800,2544.28,,2026-09-09T22:40:59+09:00
2024-09-06,009540,HD한국조선해양,8,9084313300,170500,2544.28,,2026-09-09T22:40:59+09:00
2024-09-06,329180,HD현대중공업,9,8823855400,175900,2544.28,,2026-09-09T22:40:59+09:00
2024-09-06,079550,LIG넥스원,10,8766402600,175000,2544.28,,2026-09-09T22:40:59+09:00
2024-09-06,036460,한국가스공사,11,8497281200,44900,2544.28,,2026-09-09T22:40:59+09:00
2024-09-06,064350,현대로템,12,8399608050,49450,2544.28,,2026-09-09T22:40:59+09:00
2024-09-06,003230,삼양식품,13,8229155000,470000,2544.28,,2026-09-09T22:40:59+09:00
2024-09-06,090430,아모레퍼시픽,14,8018485100,130900,2544.28,,2026-09-09T22:40:59+09:00
2024-09-06,068270,셀트리온,15,7536111300,191200,2544.28,,2026-09-09T22:40:59+09:00
2024-09-06,017670,SK텔레콤,16,7383793600,57800,2544.28,,2026-09-09T22:40:59+09:00
2024-09-06,298040,효성중공업,17,5854282500,248500,2544.28,,2026-09-09T22:40:59+09:00
2024-09-06,010620,HD현대미포,18,5591954900,94600,2544.28,,2026-09-09T22:40:59+09:00
2024-09-06,018260,삼성에스디에스,19,4977773800,151500,2544.28,,2026-09-09T22:40:59+09:00
2024-09-06,373220,LG에너지솔루션,20,4690627500,395000,2544.28,,2026-09-09T22:40:59+09:00
2024-09-09,090430,아모레퍼시픽,1,22596617900,139300,2535.93,,2026-09-09T22:41:07+09:00
2024-09-09,005380,현대차,2,22100556500,229500,2535.93,,2026-09-09T22:41:07+09:00
2024-09-09,030200,KT,3,16690354100,41400,2535.93,,2026-09-09T22:41:07+09:00
2024-09-09,005490,POSCO홀딩스,4,16037488500,330500,2535.93,,2026-09-09T22:41:07+09:00
2024-09-09,066570,LG전자,5,10989057900,103400,2535.93,,2026-09-09T22:41:07+09:00
2024-09-09,064350,현대로템,6,9213273750,50000,2535.93,,2026-09-09T22:41:07+09:00
2024-09-09,055550,신한지주,7,7890863600,56100,2535.93,,2026-09-09T22:41:07+09:00
2024-09-09,373220,LG에너지솔루션,8,6703051000,399500,2535.93,,2026-09-09T22:41:07+09:00
2024-09-09,006400,삼성SDI,9,6289793000,344000,2535.93,,2026-09-09T22:41:07+09:00
2024-09-09,192820,코스맥스,10,5724859700,126800,2535.93,,2026-09-09T22:41:07+09:00
2024-09-09,010140,삼성중공업,11,5660417650,9820,2535.93,,2026-09-09T22:41:07+09:00
2024-09-09,450080,에코프로머티,12,5012193000,95100,2535.93,,2026-09-09T22:41:07+09:00
2024-09-09,034020,두산에너빌리티,13,4616420280,16800,2535.93,,2026-09-09T22:41:07+09:00
2024-09-09,015760,한국전력,14,3646195550,21750,2535.93,,2026-09-09T22:41:07+09:00
2024-09-09,011790,SKC,15,3645414900,111000,2535.93,,2026-09-09T22:41:07+09:00
2024-09-09,032830,삼성생명,16,3644744100,94600,2535.93,,2026-09-09T22:41:07+09:00
2024-09-09,086280,현대글로비스,17,3241808400,110000,2535.93,,2026-09-09T22:41:07+09:00
2024-09-09,036460,한국가스공사,18,2989890650,45700,2535.93,,2026-09-09T22:41:07+09:00
2024-09-09,004370,농심,19,2947644500,378500,2535.93,,2026-09-09T22:41:07+09:00
2024-09-09,079550,LIG넥스원,20,2784607600,173300,2535.93,,2026-09-09T22:41:07+09:00
2024-09-10,207940,삼성바이오로직스,1,56232576000,996000,2523.43,,2026-09-09T22:41:12+09:00
2024-09-10,035420,NAVER,2,19677347900,159000,2523.43,,2026-09-09T22:41:12+09:00
2024-09-10,068270,셀트리온,3,16327686500,195800,2523.43,,2026-09-09T22:41:12+09:00
2024-09-10,267260,HD현대일렉트릭,4,16153816000,255500,2523.43,,2026-09-09T22:41:12+09:00
2024-09-10,161890,한국콜마,5,11669928200,76200,2523.43,,2026-09-09T22:41:12+09:00
2024-09-10,055550,신한지주,6,10485332000,56600,2523.43,,2026-09-09T22:41:12+09:00
2024-09-10,010140,삼성중공업,7,7582137350,9970,2523.43,,2026-09-09T22:41:12+09:00
2024-09-10,035250,강원랜드,8,6824932160,17480,2523.43,,2026-09-09T22:41:12+09:00
2024-09-10,090430,아모레퍼시픽,9,6669082500,138600,2523.43,,2026-09-09T22:41:12+09:00
2024-09-10,105560,KB금융,10,6045921500,82900,2523.43,,2026-09-09T22:41:12+09:00
2024-09-10,086280,현대글로비스,11,5468653600,111100,2523.43,,2026-09-09T22:41:12+09:00
2024-09-10,096770,SK이노베이션,12,5127116900,109700,2523.43,,2026-09-09T22:41:12+09:00
2024-09-10,033780,KT&G,13,4994157700,111000,2523.43,,2026-09-09T22:41:12+09:00
2024-09-10,028260,삼성물산,14,4876906500,148500,2523.43,,2026-09-09T22:41:12+09:00
2024-09-10,034730,SK,15,4714709900,141300,2523.43,,2026-09-09T22:41:12+09:00
2024-09-10,267250,HD현대,16,3307890500,79200,2523.43,,2026-09-09T22:41:12+09:00
2024-09-10,006800,미래에셋증권,17,3271213440,8510,2523.43,,2026-09-09T22:41:12+09:00
2024-09-10,272210,한화시스템,18,3020823030,17820,2523.43,,2026-09-09T22:41:12+09:00
2024-09-10,047050,포스코인터내셔널,19,2565978800,50200,2523.43,,2026-09-09T22:41:12+09:00
2024-09-10,028670,팬오션,20,2535035790,3460,2523.43,,2026-09-09T22:41:12+09:00
2024-09-11,006400,삼성SDI,1,87013296500,366000,2513.37,,2026-09-09T22:41:16+09:00
2024-09-11,267260,HD현대일렉트릭,2,45248691000,278000,2513.37,,2026-09-09T22:41:16+09:00
2024-09-11,003670,포스코퓨처엠,3,28745638000,219500,2513.37,,2026-09-09T22:41:16+09:00
2024-09-11,373220,LG에너지솔루션,4,18983547500,399000,2513.37,,2026-09-09T22:41:16+09:00
2024-09-11,005490,POSCO홀딩스,5,17117484000,342000,2513.37,,2026-09-09T22:41:16+09:00
2024-09-11,326030,SK바이오팜,6,15857317700,99800,2513.37,,2026-09-09T22:41:16+09:00
2024-09-11,079550,LIG넥스원,7,13293612500,200500,2513.37,,2026-09-09T22:41:16+09:00
2024-09-11,090430,아모레퍼시픽,8,13116355200,141500,2513.37,,2026-09-09T22:41:16+09:00
2024-09-11,278470,에이피알,9,10219659000,295000,2513.37,,2026-09-09T22:41:16+09:00
2024-09-11,011790,SKC,10,9332349100,122300,2513.37,,2026-09-09T22:41:16+09:00
2024-09-11,017670,SK텔레콤,11,7903430000,57700,2513.37,,2026-09-09T22:41:16+09:00
2024-09-11,066970,엘앤에프,12,7644573900,89400,2513.37,,2026-09-09T22:41:16+09:00
2024-09-11,042700,한미반도체,13,5591885000,96300,2513.37,,2026-09-09T22:41:16+09:00
2024-09-11,361610,SK아이이테크놀로지,14,5588074900,32950,2513.37,,2026-09-09T22:41:16+09:00
2024-09-11,055550,신한지주,15,5570067300,53100,2513.37,,2026-09-09T22:41:16+09:00
2024-09-11,051900,LG생활건강,16,5030385000,356500,2513.37,,2026-09-09T22:41:16+09:00
2024-09-11,161890,한국콜마,17,5007171100,74700,2513.37,,2026-09-09T22:41:16+09:00
2024-09-11,086280,현대글로비스,18,4844763700,111100,2513.37,,2026-09-09T22:41:16+09:00
2024-09-11,088980,맥쿼리인프라,19,4619407510,11930,2513.37,,2026-09-09T22:41:16+09:00
2024-09-11,047810,한국항공우주,20,4547491400,50200,2513.37,,2026-09-09T22:41:16+09:00
2024-09-12,000660,SK하이닉스,1,248101327600,168800,2572.09,,2026-09-09T22:41:20+09:00
2024-09-12,000270,기아,2,58048187200,99100,2572.09,,2026-09-09T22:41:20+09:00
2024-09-12,068270,셀트리온,3,36462685800,195600,2572.09,,2026-09-09T22:41:20+09:00
2024-09-12,005380,현대차,4,36262633000,232000,2572.09,,2026-09-09T22:41:20+09:00
2024-09-12,090430,아모레퍼시픽,5,29154216800,149900,2572.09,,2026-09-09T22:41:20+09:00
2024-09-12,326030,SK바이오팜,6,18539687200,103200,2572.09,,2026-09-09T22:41:20+09:00
2024-09-12,034020,두산에너빌리티,7,14294587040,17710,2572.09,,2026-09-09T22:41:20+09:00
2024-09-12,259960,크래프톤,8,13669108000,321000,2572.09,,2026-09-09T22:41:20+09:00
2024-09-12,010120,LS ELECTRIC,9,12677387200,145200,2572.09,,2026-09-09T22:41:20+09:00
2024-09-12,009150,삼성전기,10,12150092300,131100,2572.09,,2026-09-09T22:41:20+09:00
2024-09-12,047810,한국항공우주,11,11386405200,52300,2572.09,,2026-09-09T22:41:20+09:00
2024-09-12,055550,신한지주,12,11384702700,53900,2572.09,,2026-09-09T22:41:20+09:00
2024-09-12,015760,한국전력,13,11272314650,21950,2572.09,,2026-09-09T22:41:20+09:00
2024-09-12,267260,HD현대일렉트릭,14,9925217000,290000,2572.09,,2026-09-09T22:41:20+09:00
2024-09-12,017670,SK텔레콤,15,9727650700,58300,2572.09,,2026-09-09T22:41:20+09:00
2024-09-12,000810,삼성화재,16,9104283500,350500,2572.09,,2026-09-09T22:41:20+09:00
2024-09-12,035720,카카오,17,8922627700,35350,2572.09,,2026-09-09T22:41:20+09:00
2024-09-12,475150,SK이터닉스,18,8862325330,19920,2572.09,,2026-09-09T22:41:20+09:00
2024-09-12,032830,삼성생명,19,8831557700,96200,2572.09,,2026-09-09T22:41:20+09:00
2024-09-12,028260,삼성물산,20,7807234200,149100,2572.09,,2026-09-09T22:41:20+09:00
2024-09-13,066570,LG전자,1,19805949000,104400,2575.41,,2026-09-09T22:41:24+09:00
2024-09-13,018260,삼성에스디에스,2,14186163700,164800,2575.41,,2026-09-09T22:41:24+09:00
2024-09-13,009540,HD한국조선해양,3,13934053400,183000,2575.41,,2026-09-09T22:41:24+09:00
2024-09-13,316140,우리금융지주,4,12947898040,15420,2575.41,,2026-09-09T22:41:24+09:00
2024-09-13,001250,GS글로벌,5,10284408305,4190,2575.41,,2026-09-09T22:41:24+09:00
2024-09-13,010620,HD현대미포,6,10220459100,102100,2575.41,,2026-09-09T22:41:24+09:00
2024-09-13,105560,KB금융,7,9835193200,81800,2575.41,,2026-09-09T22:41:24+09:00
2024-09-13,030200,KT,8,8639576700,42050,2575.41,,2026-09-09T22:41:24+09:00
2024-09-13,010140,삼성중공업,9,8532582800,10340,2575.41,,2026-09-09T22:41:24+09:00
2024-09-13,259960,크래프톤,10,8198127500,338000,2575.41,,2026-09-09T22:41:24+09:00
2024-09-13,090430,아모레퍼시픽,11,7976430700,140600,2575.41,,2026-09-09T22:41:24+09:00
2024-09-13,005380,현대차,12,7157610500,237000,2575.41,,2026-09-09T22:41:24+09:00
2024-09-13,450080,에코프로머티,13,6521411000,103600,2575.41,,2026-09-09T22:41:24+09:00
2024-09-13,005940,NH투자증권,14,6506978030,14180,2575.41,,2026-09-09T22:41:24+09:00
2024-09-13,064350,현대로템,15,6489199250,51800,2575.41,,2026-09-09T22:41:24+09:00
2024-09-13,055550,신한지주,16,5461016300,55900,2575.41,,2026-09-09T22:41:24+09:00
2024-09-13,096770,SK이노베이션,17,5426225000,110700,2575.41,,2026-09-09T22:41:24+09:00
2024-09-13,032640,LG유플러스,18,5172207880,10000,2575.41,,2026-09-09T22:41:24+09:00
2024-09-13,005490,POSCO홀딩스,19,5171110000,370000,2575.41,,2026-09-09T22:41:24+09:00
2024-09-13,079550,LIG넥스원,20,4569995500,207000,2575.41,,2026-09-09T22:41:24+09:00
2024-09-19,207940,삼성바이오로직스,1,82185029000,1049000,2580.8,,2026-09-09T22:41:38+09:00
2024-09-19,267260,HD현대일렉트릭,2,80425121000,317000,2580.8,,2026-09-09T22:41:38+09:00
2024-09-19,066570,LG전자,3,64443281200,109500,2580.8,,2026-09-09T22:41:38+09:00
2024-09-19,005380,현대차,4,49112121500,246000,2580.8,,2026-09-09T22:41:38+09:00
2024-09-19,068270,셀트리온,5,29582189800,201500,2580.8,,2026-09-09T22:41:38+09:00
2024-09-19,373220,LG에너지솔루션,6,14274414500,391500,2580.8,,2026-09-09T22:41:38+09:00
2024-09-19,009540,HD한국조선해양,7,12401777600,191000,2580.8,,2026-09-09T22:41:38+09:00
2024-09-19,006400,삼성SDI,8,11641109000,372000,2580.8,,2026-09-09T22:41:38+09:00
2024-09-19,096770,SK이노베이션,9,10708043300,112700,2580.8,,2026-09-09T22:41:38+09:00
2024-09-19,005385,현대차우,10,9859212300,179900,2580.8,,2026-09-09T22:41:38+09:00
2024-09-19,005387,현대차2우B,11,9516632000,182200,2580.8,,2026-09-09T22:41:38+09:00
2024-09-19,011200,HMM,12,7871119060,17310,2580.8,,2026-09-09T22:41:38+09:00
2024-09-19,298040,효성중공업,13,7750106500,321000,2580.8,,2026-09-09T22:41:38+09:00
2024-09-19,267250,HD현대,14,6873602700,81400,2580.8,,2026-09-09T22:41:38+09:00
2024-09-19,010140,삼성중공업,15,6866860330,10500,2580.8,,2026-09-09T22:41:38+09:00
2024-09-19,064350,현대로템,16,6061673200,53900,2580.8,,2026-09-09T22:41:38+09:00
2024-09-19,034020,두산에너빌리티,17,5771071740,18710,2580.8,,2026-09-09T22:41:38+09:00
2024-09-19,032830,삼성생명,18,5577880200,100400,2580.8,,2026-09-09T22:41:38+09:00
2024-09-19,042700,한미반도체,19,5489578900,96200,2580.8,,2026-09-09T22:41:38+09:00
2024-09-19,007660,이수페타시스,20,5393648550,35750,2580.8,,2026-09-09T22:41:38+09:00
2024-09-20,000660,SK하이닉스,1,159765318100,157100,2593.37,,2026-09-09T22:41:42+09:00
2024-09-20,000100,유한양행,2,141494276300,145400,2593.37,,2026-09-09T22:41:42+09:00
2024-09-20,005380,현대차,3,56268119000,250500,2593.37,,2026-09-09T22:41:42+09:00
2024-09-20,267260,HD현대일렉트릭,4,49920273500,334000,2593.37,,2026-09-09T22:41:42+09:00
2024-09-20,064350,현대로템,5,34526834200,56100,2593.37,,2026-09-09T22:41:42+09:00
2024-09-20,036460,한국가스공사,6,30891594400,50800,2593.37,,2026-09-09T22:41:42+09:00
2024-09-20,207940,삼성바이오로직스,7,24875707000,1060000,2593.37,,2026-09-09T22:41:42+09:00
2024-09-20,373220,LG에너지솔루션,8,22586032000,393500,2593.37,,2026-09-09T22:41:42+09:00
2024-09-20,042700,한미반도체,9,20883765200,100300,2593.37,,2026-09-09T22:41:42+09:00
2024-09-20,450080,에코프로머티,10,13485915700,105300,2593.37,,2026-09-09T22:41:42+09:00
2024-09-20,009540,HD한국조선해양,11,12650287800,198300,2593.37,,2026-09-09T22:41:42+09:00
2024-09-20,042660,한화오션,12,10844348300,32750,2593.37,,2026-09-09T22:41:42+09:00
2024-09-20,000270,기아,13,9226638100,105600,2593.37,,2026-09-09T22:41:42+09:00
2024-09-20,105560,KB금융,14,8975406300,83600,2593.37,,2026-09-09T22:41:42+09:00
2024-09-20,033780,KT&G,15,8608198600,107100,2593.37,,2026-09-09T22:41:42+09:00
2024-09-20,068270,셀트리온,16,8263434900,201500,2593.37,,2026-09-09T22:41:42+09:00
2024-09-20,000670,영풍,17,8061843000,570000,2593.37,,2026-09-09T22:41:42+09:00
2024-09-20,011200,HMM,18,7954592730,17630,2593.37,,2026-09-09T22:41:42+09:00
2024-09-20,034220,LG디스플레이,19,6972971970,11500,2593.37,,2026-09-09T22:41:42+09:00
2024-09-20,091810,티웨이항공,20,6817043010,3295,2593.37,,2026-09-09T22:41:42+09:00
2024-09-23,207940,삼성바이오로직스,1,49224819000,1087000,2602.01,,2026-09-09T22:41:50+09:00
2024-09-23,035420,NAVER,2,31494281200,166700,2602.01,,2026-09-09T22:41:50+09:00
2024-09-23,010140,삼성중공업,3,28537404800,10920,2602.01,,2026-09-09T22:41:50+09:00
2024-09-23,450080,에코프로머티,4,19363104400,116200,2602.01,,2026-09-09T22:41:50+09:00
2024-09-23,105560,KB금융,5,18793982700,85000,2602.01,,2026-09-09T22:41:50+09:00
2024-09-23,077970,STX엔진,6,17017203510,19800,2602.01,,2026-09-09T22:41:50+09:00
2024-09-23,005490,POSCO홀딩스,7,12178843500,379500,2602.01,,2026-09-09T22:41:50+09:00
2024-09-23,066570,LG전자,8,11039669500,110900,2602.01,,2026-09-09T22:41:50+09:00
2024-09-23,096770,SK이노베이션,9,10011344700,114800,2602.01,,2026-09-09T22:41:50+09:00
2024-09-23,010120,LS ELECTRIC,10,7897276800,156600,2602.01,,2026-09-09T22:41:50+09:00
2024-09-23,000660,SK하이닉스,11,7210224200,162000,2602.01,,2026-09-09T22:41:50+09:00
2024-09-23,011500,한농화성,12,6575814120,20850,2602.01,,2026-09-09T22:41:50+09:00
2024-09-23,003670,포스코퓨처엠,13,6545844500,240000,2602.01,,2026-09-09T22:41:50+09:00
2024-09-23,010130,고려아연,14,5215892000,723000,2602.01,,2026-09-09T22:41:50+09:00
2024-09-23,033780,KT&G,15,4186945500,107500,2602.01,,2026-09-09T22:41:50+09:00
2024-09-23,271560,오리온,16,4068173000,93600,2602.01,,2026-09-09T22:41:50+09:00
2024-09-23,086280,현대글로비스,17,3952714000,119500,2602.01,,2026-09-09T22:41:50+09:00
2024-09-23,032830,삼성생명,18,3748470400,98600,2602.01,,2026-09-09T22:41:50+09:00
2024-09-23,022100,포스코DX,19,3676751450,29600,2602.01,,2026-09-09T22:41:50+09:00
2024-09-23,035720,카카오,20,3588923500,35500,2602.01,,2026-09-09T22:41:50+09:00
2024-09-24,005380,현대차,1,41663773000,253000,2631.68,,2026-09-09T22:41:54+09:00
2024-09-24,005490,POSCO홀딩스,2,41519698500,385500,2631.68,,2026-09-09T22:41:54+09:00
2024-09-24,096770,SK이노베이션,3,22963608000,122200,2631.68,,2026-09-09T22:41:54+09:00
2024-09-24,051910,LG화학,4,22880957500,346000,2631.68,,2026-09-09T22:41:54+09:00
2024-09-24,009830,한화솔루션,5,20578745350,26550,2631.68,,2026-09-09T22:41:54+09:00
2024-09-24,207940,삼성바이오로직스,6,20265334000,1082000,2631.68,,2026-09-09T22:41:54+09:00
2024-09-24,010120,LS ELECTRIC,7,15919831400,164100,2631.68,,2026-09-09T22:41:54+09:00
2024-09-24,032830,삼성생명,8,14769516400,98000,2631.68,,2026-09-09T22:41:54+09:00
2024-09-24,011200,HMM,9,13689759990,18220,2631.68,,2026-09-09T22:41:54+09:00
2024-09-24,066570,LG전자,10,13012019100,113500,2631.68,,2026-09-09T22:41:54+09:00
2024-09-24,003670,포스코퓨처엠,11,11656397000,251000,2631.68,,2026-09-09T22:41:54+09:00
2024-09-24,259960,크래프톤,12,11175020000,348500,2631.68,,2026-09-09T22:41:54+09:00
2024-09-24,079550,LIG넥스원,13,11040952000,220000,2631.68,,2026-09-09T22:41:54+09:00
2024-09-24,112610,씨에스윈드,14,9871928100,72300,2631.68,,2026-09-09T22:41:54+09:00
2024-09-24,329180,HD현대중공업,15,9495470700,198000,2631.68,,2026-09-09T22:41:54+09:00
2024-09-24,055550,신한지주,16,8132115800,56400,2631.68,,2026-09-09T22:41:54+09:00
2024-09-24,011170,롯데케미칼,17,7680208700,87600,2631.68,,2026-09-09T22:41:54+09:00
2024-09-24,000100,유한양행,18,7508794700,157000,2631.68,,2026-09-09T22:41:54+09:00
2024-09-24,010140,삼성중공업,19,6709964960,10970,2631.68,,2026-09-09T22:41:54+09:00
2024-09-24,003490,대한항공,20,6247429350,22500,2631.68,,2026-09-09T22:41:54+09:00
2024-09-25,000660,SK하이닉스,1,51597813800,165300,2596.32,,2026-09-09T22:41:58+09:00
2024-09-25,090430,아모레퍼시픽,2,50790396600,150700,2596.32,,2026-09-09T22:41:58+09:00
2024-09-25,207940,삼성바이오로직스,3,30768673000,1047000,2596.32,,2026-09-09T22:41:58+09:00
2024-09-25,032830,삼성생명,4,27922702000,93600,2596.32,,2026-09-09T22:41:58+09:00
2024-09-25,051900,LG생활건강,5,20853103500,374000,2596.32,,2026-09-09T22:41:58+09:00
2024-09-25,011200,HMM,6,17865303730,18460,2596.32,,2026-09-09T22:41:58+09:00
2024-09-25,373220,LG에너지솔루션,7,15554800000,413500,2596.32,,2026-09-09T22:41:58+09:00
2024-09-25,450080,에코프로머티,8,11816360300,119500,2596.32,,2026-09-09T22:41:58+09:00
2024-09-25,009540,HD한국조선해양,9,11578258500,196900,2596.32,,2026-09-09T22:41:58+09:00
2024-09-25,035420,NAVER,10,10411705900,166200,2596.32,,2026-09-09T22:41:58+09:00
2024-09-25,192820,코스맥스,11,8380720700,130200,2596.32,,2026-09-09T22:41:58+09:00
2024-09-25,005380,현대차,12,7583973500,251500,2596.32,,2026-09-09T22:41:58+09:00
2024-09-25,055550,신한지주,13,7225808900,53500,2596.32,,2026-09-09T22:41:58+09:00
2024-09-25,036570,엔씨소프트,14,6912433900,198500,2596.32,,2026-09-09T22:41:58+09:00
2024-09-25,180640,한진칼,15,6323086600,87900,2596.32,,2026-09-09T22:41:58+09:00
2024-09-25,006400,삼성SDI,16,6163807000,381500,2596.32,,2026-09-09T22:41:58+09:00
2024-09-25,028670,팬오션,17,5842030185,3810,2596.32,,2026-09-09T22:41:58+09:00
2024-09-25,010140,삼성중공업,18,5764993490,10790,2596.32,,2026-09-09T22:41:58+09:00
2024-09-25,042660,한화오션,19,5707153600,32100,2596.32,,2026-09-09T22:41:58+09:00
2024-09-25,271560,오리온,20,5543142700,93900,2596.32,,2026-09-09T22:41:58+09:00
2024-09-26,000660,SK하이닉스,1,487670588500,180900,2671.57,,2026-09-09T22:42:02+09:00
2024-09-26,005380,현대차,2,69511445500,259000,2671.57,,2026-09-09T22:42:02+09:00
2024-09-26,055550,신한지주,3,31184056800,57000,2671.57,,2026-09-09T22:42:02+09:00
2024-09-26,450080,에코프로머티,4,29126709500,127800,2671.57,,2026-09-09T22:42:02+09:00
2024-09-26,267260,HD현대일렉트릭,5,28460703500,335000,2671.57,,2026-09-09T22:42:02+09:00
2024-09-26,138040,메리츠금융지주,6,15284984000,99200,2671.57,,2026-09-09T22:42:02+09:00
2024-09-26,003230,삼양식품,7,15062060000,548000,2671.57,,2026-09-09T22:42:02+09:00
2024-09-26,028260,삼성물산,8,13483110500,142300,2671.57,,2026-09-09T22:42:02+09:00
2024-09-26,086280,현대글로비스,9,11689400300,124500,2671.57,,2026-09-09T22:42:02+09:00
2024-09-26,035420,NAVER,10,11538231400,170900,2671.57,,2026-09-09T22:42:02+09:00
2024-09-26,034220,LG디스플레이,11,10514228360,11720,2671.57,,2026-09-09T22:42:02+09:00
2024-09-26,005490,POSCO홀딩스,12,10448109000,383000,2671.57,,2026-09-09T22:42:02+09:00
2024-09-26,006400,삼성SDI,13,9866391500,387500,2671.57,,2026-09-09T22:42:02+09:00
2024-09-26,011070,LG이노텍,14,8745236000,229500,2671.57,,2026-09-09T22:42:02+09:00
2024-09-26,009150,삼성전기,15,8689856600,140100,2671.57,,2026-09-09T22:42:02+09:00
2024-09-26,032830,삼성생명,16,7666214300,95600,2671.57,,2026-09-09T22:42:02+09:00
2024-09-26,007660,이수페타시스,17,7014408650,39700,2671.57,,2026-09-09T22:42:02+09:00
2024-09-26,207940,삼성바이오로직스,18,7001538000,1052000,2671.57,,2026-09-09T22:42:02+09:00
2024-09-26,005387,현대차2우B,19,6842961800,186500,2671.57,,2026-09-09T22:42:02+09:00
2024-09-26,015760,한국전력,20,6763737700,20350,2671.57,,2026-09-09T22:42:02+09:00
2024-09-27,000660,SK하이닉스,1,428919351000,183800,2649.78,,2026-09-09T22:42:06+09:00
2024-09-27,105560,KB금융,2,95697701200,83800,2649.78,,2026-09-09T22:42:06+09:00
2024-09-27,005380,현대차,3,32441542500,254500,2649.78,,2026-09-09T22:42:06+09:00
2024-09-27,010130,고려아연,4,19448097000,711000,2649.78,,2026-09-09T22:42:06+09:00
2024-09-27,271560,오리온,5,16922957100,99600,2649.78,,2026-09-09T22:42:06+09:00
2024-09-27,011200,HMM,6,15248113220,18860,2649.78,,2026-09-09T22:42:06+09:00
2024-09-27,090430,아모레퍼시픽,7,9776406900,152200,2649.78,,2026-09-09T22:42:06+09:00
2024-09-27,086790,하나금융지주,8,8668895400,60700,2649.78,,2026-09-09T22:42:06+09:00
2024-09-27,005830,DB손해보험,9,8345038200,114600,2649.78,,2026-09-09T22:42:06+09:00
2024-09-27,055550,신한지주,10,7841444200,56200,2649.78,,2026-09-09T22:42:06+09:00
2024-09-27,000100,유한양행,11,7781552900,146100,2649.78,,2026-09-09T22:42:06+09:00
2024-09-27,033780,KT&G,12,7608347600,108900,2649.78,,2026-09-09T22:42:06+09:00
2024-09-27,003490,대한항공,13,7542370050,22950,2649.78,,2026-09-09T22:42:06+09:00
2024-09-27,000270,기아,14,7340530300,104800,2649.78,,2026-09-09T22:42:06+09:00
2024-09-27,259960,크래프톤,15,6789811500,340500,2649.78,,2026-09-09T22:42:06+09:00
2024-09-27,005490,POSCO홀딩스,16,6736695000,386500,2649.78,,2026-09-09T22:42:06+09:00
2024-09-27,032830,삼성생명,17,6643843400,94400,2649.78,,2026-09-09T22:42:06+09:00
2024-09-27,047050,포스코인터내셔널,18,6516062000,58500,2649.78,,2026-09-09T22:42:06+09:00
2024-09-27,012450,한화에어로스페이스,19,6163353500,317000,2649.78,,2026-09-09T22:42:06+09:00
2024-09-27,032350,롯데관광개발,20,6127871640,10200,2649.78,,2026-09-09T22:42:06+09:00
2024-09-30,009540,HD한국조선해양,1,25577519300,187700,2593.27,,2026-09-09T22:42:15+09:00
2024-09-30,267260,HD현대일렉트릭,2,21892413000,329500,2593.27,,2026-09-09T22:42:15+09:00
2024-09-30,068270,셀트리온,3,15338179500,195400,2593.27,,2026-09-09T22:42:15+09:00
2024-09-30,329180,HD현대중공업,4,10706742000,184600,2593.27,,2026-09-09T22:42:15+09:00
2024-09-30,042700,한미반도체,5,10325552700,108300,2593.27,,2026-09-09T22:42:15+09:00
2024-09-30,259960,크래프톤,6,9382849500,342500,2593.27,,2026-09-09T22:42:15+09:00
2024-09-30,009420,한올바이오파마,7,9378106800,38750,2593.27,,2026-09-09T22:42:15+09:00
2024-09-30,000660,SK하이닉스,8,9012375400,174600,2593.27,,2026-09-09T22:42:15+09:00
2024-09-30,005387,현대차2우B,9,7517454300,175400,2593.27,,2026-09-09T22:42:15+09:00
2024-09-30,011200,HMM,10,6742706500,18530,2593.27,,2026-09-09T22:42:15+09:00
2024-09-30,055550,신한지주,11,5609024300,55500,2593.27,,2026-09-09T22:42:15+09:00
2024-09-30,011070,LG이노텍,12,5343469500,218000,2593.27,,2026-09-09T22:42:15+09:00
2024-09-30,010120,LS ELECTRIC,13,5341784600,163300,2593.27,,2026-09-09T22:42:15+09:00
2024-09-30,051900,LG생활건강,14,4892245000,379000,2593.27,,2026-09-09T22:42:15+09:00
2024-09-30,005830,DB손해보험,15,4303952800,112300,2593.27,,2026-09-09T22:42:15+09:00
2024-09-30,066570,LG전자,16,4301439200,104300,2593.27,,2026-09-09T22:42:15+09:00
2024-09-30,079550,LIG넥스원,17,4296094500,211000,2593.27,,2026-09-09T22:42:15+09:00
2024-09-30,112610,씨에스윈드,18,4187632000,69000,2593.27,,2026-09-09T22:42:15+09:00
2024-09-30,007660,이수페타시스,19,3373057000,36550,2593.27,,2026-09-09T22:42:15+09:00
2024-09-30,278470,에이피알,20,3309225500,266500,2593.27,,2026-09-09T22:42:15+09:00
2024-10-02,012450,한화에어로스페이스,1,51930580000,309500,2561.69,,2026-09-09T22:42:22+09:00
2024-10-02,055550,신한지주,2,21812710600,55900,2561.69,,2026-09-09T22:42:22+09:00
2024-10-02,207940,삼성바이오로직스,3,12468839000,977000,2561.69,,2026-09-09T22:42:22+09:00
2024-10-02,035720,카카오,4,11273306600,36000,2561.69,,2026-09-09T22:42:22+09:00
2024-10-02,012330,현대모비스,5,8536385500,214500,2561.69,,2026-09-09T22:42:22+09:00
2024-10-02,066570,LG전자,6,8187353200,103000,2561.69,,2026-09-09T22:42:22+09:00
2024-10-02,079550,LIG넥스원,7,7628969500,219000,2561.69,,2026-09-09T22:42:22+09:00
2024-10-02,042700,한미반도체,8,6585780800,107900,2561.69,,2026-09-09T22:42:22+09:00
2024-10-02,316140,우리금융지주,9,6469334370,15460,2561.69,,2026-09-09T22:42:22+09:00
2024-10-02,105560,KB금융,10,6075703000,81300,2561.69,,2026-09-09T22:42:22+09:00
2024-10-02,005935,삼성전자우,11,6067343300,51400,2561.69,,2026-09-09T22:42:22+09:00
2024-10-02,267260,HD현대일렉트릭,12,6002568500,321500,2561.69,,2026-09-09T22:42:22+09:00
2024-10-02,096770,SK이노베이션,13,5999871100,116100,2561.69,,2026-09-09T22:42:22+09:00
2024-10-02,329180,HD현대중공업,14,5736908200,183100,2561.69,,2026-09-09T22:42:22+09:00
2024-10-02,103140,풍산,15,5628895900,63100,2561.69,,2026-09-09T22:42:22+09:00
2024-10-02,030200,KT,16,5584378750,39750,2561.69,,2026-09-09T22:42:22+09:00
2024-10-02,010140,삼성중공업,17,5235083630,10050,2561.69,,2026-09-09T22:42:22+09:00
2024-10-02,001570,금양,18,5082044150,51400,2561.69,,2026-09-09T22:42:22+09:00
2024-10-02,086280,현대글로비스,19,4599197000,118600,2561.69,,2026-09-09T22:42:22+09:00
2024-10-02,112610,씨에스윈드,20,4384871600,68800,2561.69,,2026-09-09T22:42:22+09:00
2024-10-04,012450,한화에어로스페이스,1,143111412500,337500,2569.71,,2026-09-09T22:42:27+09:00
2024-10-04,010130,고려아연,2,114869245000,776000,2569.71,,2026-09-09T22:42:27+09:00
2024-10-04,000660,SK하이닉스,3,48921055100,174100,2569.71,,2026-09-09T22:42:27+09:00
2024-10-04,000100,유한양행,4,34722218900,147300,2569.71,,2026-09-09T22:42:27+09:00
2024-10-04,064350,현대로템,5,19063704000,57000,2569.71,,2026-09-09T22:42:27+09:00
2024-10-04,103140,풍산,6,18064609500,66800,2569.71,,2026-09-09T22:42:27+09:00
2024-10-04,003230,삼양식품,7,12875911000,515000,2569.71,,2026-09-09T22:42:27+09:00
2024-10-04,450080,에코프로머티,8,12265485200,129600,2569.71,,2026-09-09T22:42:27+09:00
2024-10-04,035420,NAVER,9,11191770000,170700,2569.71,,2026-09-09T22:42:27+09:00
2024-10-04,066570,LG전자,10,10880281100,105900,2569.71,,2026-09-09T22:42:27+09:00
2024-10-04,035720,카카오,11,10821249650,36700,2569.71,,2026-09-09T22:42:27+09:00
2024-10-04,068270,셀트리온,12,10792384100,192700,2569.71,,2026-09-09T22:42:27+09:00
2024-10-04,278470,에이피알,13,8862658500,258500,2569.71,,2026-09-09T22:42:27+09:00
2024-10-04,001440,대한전선,14,8438240040,13280,2569.71,,2026-09-09T22:42:27+09:00
2024-10-04,030200,KT,15,8290874850,40800,2569.71,,2026-09-09T22:42:27+09:00
2024-10-04,017670,SK텔레콤,16,8014739600,56700,2569.71,,2026-09-09T22:42:27+09:00
2024-10-04,036460,한국가스공사,17,7823705800,44300,2569.71,,2026-09-09T22:42:27+09:00
2024-10-04,005380,현대차,18,6908854500,239500,2569.71,,2026-09-09T22:42:27+09:00
2024-10-04,128940,한미약품,19,6789058000,329000,2569.71,,2026-09-09T22:42:27+09:00
2024-10-04,105560,KB금융,20,6676573500,82600,2569.71,,2026-09-09T22:42:27+09:00
2024-10-07,000660,SK하이닉스,1,206237157800,184900,2610.38,,2026-09-09T22:42:35+09:00
2024-10-07,105560,KB금융,2,52547946800,87300,2610.38,,2026-09-09T22:42:35+09:00
2024-10-07,012450,한화에어로스페이스,3,42690968500,351500,2610.38,,2026-09-09T22:42:35+09:00
2024-10-07,373220,LG에너지솔루션,4,32155579000,420000,2610.38,,2026-09-09T22:42:35+09:00
2024-10-07,267260,HD현대일렉트릭,5,31713256500,342500,2610.38,,2026-09-09T22:42:35+09:00
2024-10-07,079550,LIG넥스원,6,30006883000,245000,2610.38,,2026-09-09T22:42:35+09:00
2024-10-07,010130,고려아연,7,27341187000,780000,2610.38,,2026-09-09T22:42:35+09:00
2024-10-07,316140,우리금융지주,8,24051369120,15990,2610.38,,2026-09-09T22:42:35+09:00
2024-10-07,064350,현대로템,9,19298690300,61000,2610.38,,2026-09-09T22:42:35+09:00
2024-10-07,001570,금양,10,17722416800,53600,2610.38,,2026-09-09T22:42:35+09:00
2024-10-07,034020,두산에너빌리티,11,17252560770,18270,2610.38,,2026-09-09T22:42:35+09:00
2024-10-07,086790,하나금융지주,12,15265042200,61600,2610.38,,2026-09-09T22:42:35+09:00
2024-10-07,010120,LS ELECTRIC,13,12114861800,166700,2610.38,,2026-09-09T22:42:35+09:00
2024-10-07,003230,삼양식품,14,11786060000,548000,2610.38,,2026-09-09T22:42:35+09:00
2024-10-07,462870,시프트업,15,11024544600,64500,2610.38,,2026-09-09T22:42:35+09:00
2024-10-07,009540,HD한국조선해양,16,10219643800,184000,2610.38,,2026-09-09T22:42:35+09:00
2024-10-07,298040,효성중공업,17,10209741500,365500,2610.38,,2026-09-09T22:42:35+09:00
2024-10-07,103140,풍산,18,10053530800,67800,2610.38,,2026-09-09T22:42:35+09:00
2024-10-07,005490,POSCO홀딩스,19,9814762500,379000,2610.38,,2026-09-09T22:42:35+09:00
2024-10-07,068270,셀트리온,20,9774350600,193500,2610.38,,2026-09-09T22:42:35+09:00
2024-10-08,012450,한화에어로스페이스,1,57772305500,364500,2594.36,,2026-09-09T22:42:39+09:00
2024-10-08,105560,KB금융,2,51166916900,89400,2594.36,,2026-09-09T22:42:39+09:00
2024-10-08,373220,LG에너지솔루션,3,17837649000,436500,2594.36,,2026-09-09T22:42:39+09:00
2024-10-08,005380,현대차,4,16145314500,246000,2594.36,,2026-09-09T22:42:39+09:00
2024-10-08,010130,고려아연,5,14862272000,776000,2594.36,,2026-09-09T22:42:39+09:00
2024-10-08,034020,두산에너빌리티,6,14016225650,18370,2594.36,,2026-09-09T22:42:39+09:00
2024-10-08,009540,HD한국조선해양,7,13635854600,185000,2594.36,,2026-09-09T22:42:39+09:00
2024-10-08,489790,한화인더스트리얼솔루션즈,8,12950503100,40750,2594.36,,2026-09-09T22:42:39+09:00
2024-10-08,259960,크래프톤,9,10702649000,326000,2594.36,,2026-09-09T22:42:39+09:00
2024-10-08,032830,삼성생명,10,9267041200,96400,2594.36,,2026-09-09T22:42:39+09:00
2024-10-08,055550,신한지주,11,8971299900,55400,2594.36,,2026-09-09T22:42:39+09:00
2024-10-08,278470,에이피알,12,8182441500,267000,2594.36,,2026-09-09T22:42:39+09:00
2024-10-08,030200,KT,13,8067487050,40150,2594.36,,2026-09-09T22:42:39+09:00
2024-10-08,103140,풍산,14,7912505100,66200,2594.36,,2026-09-09T22:42:39+09:00
2024-10-08,047810,한국항공우주,15,7619789400,53900,2594.36,,2026-09-09T22:42:39+09:00
2024-10-08,012330,현대모비스,16,7299405500,217000,2594.36,,2026-09-09T22:42:39+09:00
2024-10-08,329180,HD현대중공업,17,7208530900,179700,2594.36,,2026-09-09T22:42:39+09:00
2024-10-08,006400,삼성SDI,18,7100902000,371000,2594.36,,2026-09-09T22:42:39+09:00
2024-10-08,086790,하나금융지주,19,6448445500,61300,2594.36,,2026-09-09T22:42:39+09:00
2024-10-08,035720,카카오,20,6341560700,37000,2594.36,,2026-09-09T22:42:39+09:00
2024-10-10,000660,SK하이닉스,1,163554162200,186700,2599.16,,2026-09-09T22:42:45+09:00
2024-10-10,000100,유한양행,2,75753706700,158700,2599.16,,2026-09-09T22:42:45+09:00
2024-10-10,035420,NAVER,3,64826253500,172400,2599.16,,2026-09-09T22:42:45+09:00
2024-10-10,071970,HD현대마린엔진,4,30747267500,20700,2599.16,,2026-09-09T22:42:45+09:00
2024-10-10,055550,신한지주,5,22568796100,56800,2599.16,,2026-09-09T22:42:45+09:00
2024-10-10,005380,현대차,6,22118445000,246000,2599.16,,2026-09-09T22:42:45+09:00
2024-10-10,000270,기아,7,20816366700,100800,2599.16,,2026-09-09T22:42:45+09:00
2024-10-10,096770,SK이노베이션,8,19284804500,123000,2599.16,,2026-09-09T22:42:45+09:00
2024-10-10,068270,셀트리온,9,18773949500,194300,2599.16,,2026-09-09T22:42:45+09:00
2024-10-10,009420,한올바이오파마,10,16577218700,42700,2599.16,,2026-09-09T22:42:45+09:00
2024-10-10,042700,한미반도체,11,16461558500,110700,2599.16,,2026-09-09T22:42:45+09:00
2024-10-10,012330,현대모비스,12,13973576500,221500,2599.16,,2026-09-09T22:42:45+09:00
2024-10-10,009540,HD한국조선해양,13,13136877900,190500,2599.16,,2026-09-09T22:42:45+09:00
2024-10-10,017670,SK텔레콤,14,13102275100,55300,2599.16,,2026-09-09T22:42:45+09:00
2024-10-10,323410,카카오뱅크,15,12378671850,22000,2599.16,,2026-09-09T22:42:45+09:00
2024-10-10,010140,삼성중공업,16,10605132170,10180,2599.16,,2026-09-09T22:42:45+09:00
2024-10-10,010130,고려아연,17,10438919000,789000,2599.16,,2026-09-09T22:42:45+09:00
2024-10-10,047050,포스코인터내셔널,18,10105304300,56400,2599.16,,2026-09-09T22:42:45+09:00
2024-10-10,316140,우리금융지주,19,9537381390,16000,2599.16,,2026-09-09T22:42:45+09:00
2024-10-10,000810,삼성화재,20,9369172000,334000,2599.16,,2026-09-09T22:42:45+09:00
2024-10-11,000660,SK하이닉스,1,32356087800,186000,2596.91,,2026-09-09T22:42:49+09:00
2024-10-11,105560,KB금융,2,26021758800,91300,2596.91,,2026-09-09T22:42:49+09:00
2024-10-11,207940,삼성바이오로직스,3,21776284000,1024000,2596.91,,2026-09-09T22:42:49+09:00
2024-10-11,326030,SK바이오팜,4,17648086700,117800,2596.91,,2026-09-09T22:42:49+09:00
2024-10-11,000100,유한양행,5,16181834200,161300,2596.91,,2026-09-09T22:42:49+09:00
2024-10-11,068270,셀트리온,6,15534855300,197300,2596.91,,2026-09-09T22:42:49+09:00
2024-10-11,006400,삼성SDI,7,14370646500,373000,2596.91,,2026-09-09T22:42:49+09:00
2024-10-11,012450,한화에어로스페이스,8,10586926500,356500,2596.91,,2026-09-09T22:42:49+09:00
2024-10-11,066570,LG전자,9,9661578700,98500,2596.91,,2026-09-09T22:42:49+09:00
2024-10-11,450080,에코프로머티,10,8817631900,117600,2596.91,,2026-09-09T22:42:49+09:00
2024-10-11,278470,에이피알,11,8558312000,272500,2596.91,,2026-09-09T22:42:49+09:00
2024-10-11,112610,씨에스윈드,12,7390391100,61500,2596.91,,2026-09-09T22:42:49+09:00
2024-10-11,175330,JB금융지주,13,7141953790,16250,2596.91,,2026-09-09T22:42:49+09:00
2024-10-11,035720,카카오,14,5015838150,37400,2596.91,,2026-09-09T22:42:49+09:00
2024-10-11,017800,현대엘리베이,15,5008020700,43900,2596.91,,2026-09-09T22:42:49+09:00
2024-10-11,006260,LS,16,4419047000,120600,2596.91,,2026-09-09T22:42:49+09:00
2024-10-11,003230,삼양식품,17,4055092000,545000,2596.91,,2026-09-09T22:42:49+09:00
2024-10-11,051900,LG생활건강,18,3740602000,354000,2596.91,,2026-09-09T22:42:49+09:00
2024-10-11,055550,신한지주,19,3613225600,57500,2596.91,,2026-09-09T22:42:49+09:00
2024-10-11,003160,디아이,20,3591520440,16960,2596.91,,2026-09-09T22:42:49+09:00
2024-10-14,105560,KB금융,1,67551807500,97200,2623.29,,2026-09-09T22:42:57+09:00
2024-10-14,316140,우리금융지주,2,44448333040,16540,2623.29,,2026-09-09T22:42:57+09:00
2024-10-14,000660,SK하이닉스,3,42880967300,187500,2623.29,,2026-09-09T22:42:57+09:00
2024-10-14,010120,LS ELECTRIC,4,35449614100,169000,2623.29,,2026-09-09T22:42:57+09:00
2024-10-14,010130,고려아연,5,24561671000,793000,2623.29,,2026-09-09T22:42:57+09:00
2024-10-14,086790,하나금융지주,6,21462010500,63800,2623.29,,2026-09-09T22:42:57+09:00
2024-10-14,007660,이수페타시스,7,19565236150,39350,2623.29,,2026-09-09T22:42:57+09:00
2024-10-14,042700,한미반도체,8,13430073600,113500,2623.29,,2026-09-09T22:42:57+09:00
2024-10-14,055550,신한지주,9,12923805700,58100,2623.29,,2026-09-09T22:42:57+09:00
2024-10-14,489790,한화인더스트리얼솔루션즈,10,9435962000,44050,2623.29,,2026-09-09T22:42:57+09:00
2024-10-14,000810,삼성화재,11,7830562000,351000,2623.29,,2026-09-09T22:42:57+09:00
2024-10-14,006260,LS,12,7579919400,127900,2623.29,,2026-09-09T22:42:57+09:00
2024-10-14,024110,기업은행,13,7375358690,14330,2623.29,,2026-09-09T22:42:57+09:00
2024-10-14,278470,에이피알,14,6512004500,272500,2623.29,,2026-09-09T22:42:57+09:00
2024-10-14,352820,하이브,15,6237096100,184300,2623.29,,2026-09-09T22:42:57+09:00
2024-10-14,443060,HD현대마린솔루션,16,6074218700,112200,2623.29,,2026-09-09T22:42:57+09:00
2024-10-14,030200,KT,17,5929193300,40900,2623.29,,2026-09-09T22:42:57+09:00
2024-10-14,005490,POSCO홀딩스,18,5860811000,364500,2623.29,,2026-09-09T22:42:57+09:00
2024-10-14,272210,한화시스템,19,5707781080,18230,2623.29,,2026-09-09T22:42:57+09:00
2024-10-14,032830,삼성생명,20,5490892500,99400,2623.29,,2026-09-09T22:42:57+09:00
2024-10-15,000660,SK하이닉스,1,204493592800,192900,2633.45,,2026-09-09T22:43:01+09:00
2024-10-15,000100,유한양행,2,52582968300,163700,2633.45,,2026-09-09T22:43:01+09:00
2024-10-15,012450,한화에어로스페이스,3,40929614000,374000,2633.45,,2026-09-09T22:43:01+09:00
2024-10-15,010130,고려아연,4,38006394000,817000,2633.45,,2026-09-09T22:43:01+09:00
2024-10-15,068270,셀트리온,5,32310650300,200500,2633.45,,2026-09-09T22:43:01+09:00
2024-10-15,007660,이수페타시스,6,26014659800,42750,2633.45,,2026-09-09T22:43:01+09:00
2024-10-15,009540,HD한국조선해양,7,24910137700,195100,2633.45,,2026-09-09T22:43:01+09:00
2024-10-15,035720,카카오,8,24263924850,37650,2633.45,,2026-09-09T22:43:01+09:00
2024-10-15,207940,삼성바이오로직스,9,22196276000,1082000,2633.45,,2026-09-09T22:43:01+09:00
2024-10-15,005935,삼성전자우,10,18592554100,50400,2633.45,,2026-09-09T22:43:01+09:00
2024-10-15,010140,삼성중공업,11,16306336400,10230,2633.45,,2026-09-09T22:43:01+09:00
2024-10-15,278470,에이피알,12,14609671500,268000,2633.45,,2026-09-09T22:43:01+09:00
2024-10-15,329180,HD현대중공업,13,13507248200,192700,2633.45,,2026-09-09T22:43:01+09:00
2024-10-15,064350,현대로템,14,11535061300,63400,2633.45,,2026-09-09T22:43:01+09:00
2024-10-15,326030,SK바이오팜,15,10937110000,125900,2633.45,,2026-09-09T22:43:01+09:00
2024-10-15,035420,NAVER,16,10031672300,175200,2633.45,,2026-09-09T22:43:01+09:00
2024-10-15,259960,크래프톤,17,9484255000,340500,2633.45,,2026-09-09T22:43:01+09:00
2024-10-15,032830,삼성생명,18,8116969600,100100,2633.45,,2026-09-09T22:43:01+09:00
2024-10-15,030200,KT,19,7458166250,41000,2633.45,,2026-09-09T22:43:01+09:00
2024-10-15,079550,LIG넥스원,20,5804832000,244000,2633.45,,2026-09-09T22:43:01+09:00
2024-10-16,030200,KT,1,21639349650,42700,2610.36,,2026-09-09T22:43:05+09:00
2024-10-16,005935,삼성전자우,2,20525078800,50900,2610.36,,2026-09-09T22:43:05+09:00
2024-10-16,012330,현대모비스,3,18327504500,241500,2610.36,,2026-09-09T22:43:05+09:00
2024-10-16,012450,한화에어로스페이스,4,14004465500,382500,2610.36,,2026-09-09T22:43:05+09:00
2024-10-16,032640,LG유플러스,5,11137319880,9900,2610.36,,2026-09-09T22:43:05+09:00
2024-10-16,326030,SK바이오팜,6,10102434300,125700,2610.36,,2026-09-09T22:43:05+09:00
2024-10-16,079550,LIG넥스원,7,8561642000,248500,2610.36,,2026-09-09T22:43:05+09:00
2024-10-16,032830,삼성생명,8,7674820300,102000,2610.36,,2026-09-09T22:43:05+09:00
2024-10-16,024110,기업은행,9,7659808980,14520,2610.36,,2026-09-09T22:43:05+09:00
2024-10-16,241560,두산밥캣,10,5729771500,39950,2610.36,,2026-09-09T22:43:05+09:00
2024-10-16,272210,한화시스템,11,5530663500,18620,2610.36,,2026-09-09T22:43:05+09:00
2024-10-16,051900,LG생활건강,12,5286420500,351000,2610.36,,2026-09-09T22:43:05+09:00
2024-10-16,278470,에이피알,13,5274532500,258000,2610.36,,2026-09-09T22:43:05+09:00
2024-10-16,086280,현대글로비스,14,4725666800,123900,2610.36,,2026-09-09T22:43:05+09:00
2024-10-16,271560,오리온,15,4619772300,99900,2610.36,,2026-09-09T22:43:05+09:00
2024-10-16,042660,한화오션,16,4375038000,30950,2610.36,,2026-09-09T22:43:05+09:00
2024-10-16,489790,한화인더스트리얼솔루션즈,17,3562795550,47300,2610.36,,2026-09-09T22:43:05+09:00
2024-10-16,086790,하나금융지주,18,3147064100,65800,2610.36,,2026-09-09T22:43:05+09:00
2024-10-16,035420,NAVER,19,2827377800,177000,2610.36,,2026-09-09T22:43:05+09:00
2024-10-16,088980,맥쿼리인프라,20,2697612510,11800,2610.36,,2026-09-09T22:43:05+09:00
2024-10-17,034020,두산에너빌리티,1,91767503500,21150,2609.3,,2026-09-09T22:43:10+09:00
2024-10-17,000660,SK하이닉스,2,17718051000,196000,2609.3,,2026-09-09T22:43:10+09:00
2024-10-17,352820,하이브,3,16216728000,192100,2609.3,,2026-09-09T22:43:10+09:00
2024-10-17,103590,일진전기,4,15573444700,26100,2609.3,,2026-09-09T22:43:10+09:00
2024-10-17,005935,삼성전자우,5,12341962200,50000,2609.3,,2026-09-09T22:43:10+09:00
2024-10-17,064350,현대로템,6,11740927800,67100,2609.3,,2026-09-09T22:43:10+09:00
2024-10-17,373220,LG에너지솔루션,7,10574759000,397000,2609.3,,2026-09-09T22:43:10+09:00
2024-10-17,010120,LS ELECTRIC,8,8753172900,157200,2609.3,,2026-09-09T22:43:10+09:00
2024-10-17,030200,KT,9,8493385650,42800,2609.3,,2026-09-09T22:43:10+09:00
2024-10-17,012450,한화에어로스페이스,10,7943113500,393000,2609.3,,2026-09-09T22:43:10+09:00
2024-10-17,375500,DL이앤씨,11,7699671150,32100,2609.3,,2026-09-09T22:43:10+09:00
2024-10-17,047810,한국항공우주,12,7384629900,53400,2609.3,,2026-09-09T22:43:10+09:00
2024-10-17,028260,삼성물산,13,7335647900,137600,2609.3,,2026-09-09T22:43:10+09:00
2024-10-17,192820,코스맥스,14,7265545500,136500,2609.3,,2026-09-09T22:43:10+09:00
2024-10-17,000150,두산,15,7243883800,210000,2609.3,,2026-09-09T22:43:10+09:00
2024-10-17,036460,한국가스공사,16,6843701800,40900,2609.3,,2026-09-09T22:43:10+09:00
2024-10-17,051900,LG생활건강,17,6253344000,350500,2609.3,,2026-09-09T22:43:10+09:00
2024-10-17,003490,대한항공,18,6078592900,22850,2609.3,,2026-09-09T22:43:10+09:00
2024-10-17,042660,한화오션,19,5482925400,31350,2609.3,,2026-09-09T22:43:10+09:00
2024-10-17,128940,한미약품,20,5120855000,322000,2609.3,,2026-09-09T22:43:10+09:00
2024-10-18,010130,고려아연,1,66658550000,824000,2593.82,,2026-09-09T22:43:14+09:00
2024-10-18,035720,카카오,2,22283561900,38500,2593.82,,2026-09-09T22:43:14+09:00
2024-10-18,030200,KT,3,13086452900,42900,2593.82,,2026-09-09T22:43:14+09:00
2024-10-18,068270,셀트리온,4,10858837800,188400,2593.82,,2026-09-09T22:43:14+09:00
2024-10-18,207940,삼성바이오로직스,5,9090567000,1060000,2593.82,,2026-09-09T22:43:14+09:00
2024-10-18,326030,SK바이오팜,6,8868477100,123200,2593.82,,2026-09-09T22:43:14+09:00
2024-10-18,003490,대한항공,7,8030136550,23150,2593.82,,2026-09-09T22:43:14+09:00
2024-10-18,003350,한국화장품제조,8,7617196300,84300,2593.82,,2026-09-09T22:43:14+09:00
2024-10-18,000100,유한양행,9,6587210100,155300,2593.82,,2026-09-09T22:43:14+09:00
2024-10-18,267260,HD현대일렉트릭,10,4740971500,310500,2593.82,,2026-09-09T22:43:14+09:00
2024-10-18,051600,한전KPS,11,4567480100,45350,2593.82,,2026-09-09T22:43:14+09:00
2024-10-18,035420,NAVER,12,4403346100,176800,2593.82,,2026-09-09T22:43:14+09:00
2024-10-18,128940,한미약품,13,4353742000,350500,2593.82,,2026-09-09T22:43:14+09:00
2024-10-18,259960,크래프톤,14,4217812000,340500,2593.82,,2026-09-09T22:43:14+09:00
2024-10-18,034020,두산에너빌리티,15,3884639350,20450,2593.82,,2026-09-09T22:43:14+09:00
2024-10-18,011790,SKC,16,3775828700,145900,2593.82,,2026-09-09T22:43:14+09:00
2024-10-18,032830,삼성생명,17,3068310300,101000,2593.82,,2026-09-09T22:43:14+09:00
2024-10-18,006260,LS,18,2906791000,119000,2593.82,,2026-09-09T22:43:14+09:00
2024-10-18,047810,한국항공우주,19,2796751000,53600,2593.82,,2026-09-09T22:43:14+09:00
2024-10-18,454910,두산로보틱스,20,2793884000,65200,2593.82,,2026-09-09T22:43:14+09:00
2024-10-21,000660,SK하이닉스,1,73842607500,190900,2604.92,,2026-09-09T22:43:22+09:00
2024-10-21,005935,삼성전자우,2,29721940950,50200,2604.92,,2026-09-09T22:43:22+09:00
2024-10-21,000100,유한양행,3,27799573200,160000,2604.92,,2026-09-09T22:43:22+09:00
2024-10-21,068270,셀트리온,4,16867443100,191700,2604.92,,2026-09-09T22:43:22+09:00
2024-10-21,207940,삼성바이오로직스,5,13971218000,1091000,2604.92,,2026-09-09T22:43:22+09:00
2024-10-21,035720,카카오,6,12219196800,39400,2604.92,,2026-09-09T22:43:22+09:00
2024-10-21,454910,두산로보틱스,7,9994433600,71600,2604.92,,2026-09-09T22:43:22+09:00
2024-10-21,010120,LS ELECTRIC,8,9687667600,152500,2604.92,,2026-09-09T22:43:22+09:00
2024-10-21,003670,포스코퓨처엠,9,8954526000,233500,2604.92,,2026-09-09T22:43:22+09:00
2024-10-21,009540,HD한국조선해양,10,8818550000,196800,2604.92,,2026-09-09T22:43:22+09:00
2024-10-21,047810,한국항공우주,11,8735819300,55700,2604.92,,2026-09-09T22:43:22+09:00
2024-10-21,035420,NAVER,12,7482006400,176800,2604.92,,2026-09-09T22:43:22+09:00
2024-10-21,003490,대한항공,13,7382042750,23600,2604.92,,2026-09-09T22:43:22+09:00
2024-10-21,042700,한미반도체,14,7064648100,101500,2604.92,,2026-09-09T22:43:22+09:00
2024-10-21,103140,풍산,15,6366637500,70300,2604.92,,2026-09-09T22:43:22+09:00
2024-10-21,267260,HD현대일렉트릭,16,6278655000,319000,2604.92,,2026-09-09T22:43:22+09:00
2024-10-21,251270,넷마블,17,5482069400,59500,2604.92,,2026-09-09T22:43:22+09:00
2024-10-21,192820,코스맥스,18,5433030300,144300,2604.92,,2026-09-09T22:43:22+09:00
2024-10-21,011200,HMM,19,5167751530,17450,2604.92,,2026-09-09T22:43:22+09:00
2024-10-21,030200,KT,20,4976822900,42950,2604.92,,2026-09-09T22:43:22+09:00
2024-10-22,267260,HD현대일렉트릭,1,26423599500,329500,2570.7,,2026-09-09T22:43:26+09:00
2024-10-22,180640,한진칼,2,13862604200,93100,2570.7,,2026-09-09T22:43:26+09:00
2024-10-22,030200,KT,3,13136718350,44000,2570.7,,2026-09-09T22:43:26+09:00
2024-10-22,032830,삼성생명,4,12557059900,102800,2570.7,,2026-09-09T22:43:26+09:00
2024-10-22,000810,삼성화재,5,11609376000,359000,2570.7,,2026-09-09T22:43:26+09:00
2024-10-22,055550,신한지주,6,9842344100,56000,2570.7,,2026-09-09T22:43:26+09:00
2024-10-22,105560,KB금융,7,8739082600,94100,2570.7,,2026-09-09T22:43:26+09:00
2024-10-22,036460,한국가스공사,8,8482020950,40650,2570.7,,2026-09-09T22:43:26+09:00
2024-10-22,047810,한국항공우주,9,8292880500,56600,2570.7,,2026-09-09T22:43:26+09:00
2024-10-22,112610,씨에스윈드,10,8001436600,56400,2570.7,,2026-09-09T22:43:26+09:00
2024-10-22,316140,우리금융지주,11,7807809570,16620,2570.7,,2026-09-09T22:43:26+09:00
2024-10-22,051900,LG생활건강,12,7545761000,347500,2570.7,,2026-09-09T22:43:26+09:00
2024-10-22,006260,LS,13,7111212300,113800,2570.7,,2026-09-09T22:43:26+09:00
2024-10-22,017670,SK텔레콤,14,6995827600,57500,2570.7,,2026-09-09T22:43:26+09:00
2024-10-22,012330,현대모비스,15,6821030000,247500,2570.7,,2026-09-09T22:43:26+09:00
2024-10-22,042700,한미반도체,16,6773475400,98800,2570.7,,2026-09-09T22:43:26+09:00
2024-10-22,298040,효성중공업,17,5795508000,390500,2570.7,,2026-09-09T22:43:26+09:00
2024-10-22,000660,SK하이닉스,18,5566793200,187800,2570.7,,2026-09-09T22:43:26+09:00
2024-10-22,015760,한국전력,19,4973392800,21800,2570.7,,2026-09-09T22:43:26+09:00
2024-10-22,068270,셀트리온,20,4973358700,187500,2570.7,,2026-09-09T22:43:26+09:00
2024-10-23,000660,SK하이닉스,1,173365246800,196000,2599.62,,2026-09-09T22:43:30+09:00
2024-10-23,267260,HD현대일렉트릭,2,19970146500,338500,2599.62,,2026-09-09T22:43:30+09:00
2024-10-23,005380,현대차,3,18675502500,241000,2599.62,,2026-09-09T22:43:30+09:00
2024-10-23,003670,포스코퓨처엠,4,17889887000,235500,2599.62,,2026-09-09T22:43:30+09:00
2024-10-23,066570,LG전자,5,17773714200,99500,2599.62,,2026-09-09T22:43:30+09:00
2024-10-23,042700,한미반도체,6,17030241300,101500,2599.62,,2026-09-09T22:43:30+09:00
2024-10-23,450080,에코프로머티,7,12008391400,112600,2599.62,,2026-09-09T22:43:30+09:00
2024-10-23,005935,삼성전자우,8,10778457550,50400,2599.62,,2026-09-09T22:43:30+09:00
2024-10-23,373220,LG에너지솔루션,9,10436734500,403000,2599.62,,2026-09-09T22:43:30+09:00
2024-10-23,326030,SK바이오팜,10,10396306300,120500,2599.62,,2026-09-09T22:43:30+09:00
2024-10-23,443060,HD현대마린솔루션,11,10040744400,126900,2599.62,,2026-09-09T22:43:30+09:00
2024-10-23,329180,HD현대중공업,12,9396441400,198100,2599.62,,2026-09-09T22:43:30+09:00
2024-10-23,005490,POSCO홀딩스,13,9196050000,342000,2599.62,,2026-09-09T22:43:30+09:00
2024-10-23,068270,셀트리온,14,9162173500,185700,2599.62,,2026-09-09T22:43:30+09:00
2024-10-23,010140,삼성중공업,15,8528275740,10140,2599.62,,2026-09-09T22:43:30+09:00
2024-10-23,015760,한국전력,16,8067109400,21950,2599.62,,2026-09-09T22:43:30+09:00
2024-10-23,009540,HD한국조선해양,17,7486984800,196800,2599.62,,2026-09-09T22:43:30+09:00
2024-10-23,000810,삼성화재,18,7318186500,365500,2599.62,,2026-09-09T22:43:30+09:00
2024-10-23,034020,두산에너빌리티,19,7006708780,20100,2599.62,,2026-09-09T22:43:30+09:00
2024-10-23,047810,한국항공우주,20,6418099900,57200,2599.62,,2026-09-09T22:43:30+09:00
2024-10-24,000660,SK하이닉스,1,173414286800,198200,2581.03,,2026-09-09T22:43:34+09:00
2024-10-24,000100,유한양행,2,44732497800,149000,2581.03,,2026-09-09T22:43:34+09:00
2024-10-24,034020,두산에너빌리티,3,40063088270,20850,2581.03,,2026-09-09T22:43:34+09:00
2024-10-24,015760,한국전력,4,33868453550,23050,2581.03,,2026-09-09T22:43:34+09:00
2024-10-24,068270,셀트리온,5,12402246900,185900,2581.03,,2026-09-09T22:43:34+09:00
2024-10-24,259960,크래프톤,6,12298477500,347000,2581.03,,2026-09-09T22:43:34+09:00
2024-10-24,267260,HD현대일렉트릭,7,12037285000,342000,2581.03,,2026-09-09T22:43:34+09:00
2024-10-24,032830,삼성생명,8,9945561000,100600,2581.03,,2026-09-09T22:43:34+09:00
2024-10-24,012330,현대모비스,9,6101067000,250000,2581.03,,2026-09-09T22:43:34+09:00
2024-10-24,267250,HD현대,10,6081445300,82000,2581.03,,2026-09-09T22:43:34+09:00
2024-10-24,047810,한국항공우주,11,5909453500,57200,2581.03,,2026-09-09T22:43:34+09:00
2024-10-24,443060,HD현대마린솔루션,12,5882293400,126600,2581.03,,2026-09-09T22:43:34+09:00
2024-10-24,006260,LS,13,5669205800,109000,2581.03,,2026-09-09T22:43:34+09:00
2024-10-24,010620,HD현대미포,14,5067383600,108800,2581.03,,2026-09-09T22:43:34+09:00
2024-10-24,096770,SK이노베이션,15,4407625400,115300,2581.03,,2026-09-09T22:43:34+09:00
2024-10-24,373220,LG에너지솔루션,16,4051552000,406500,2581.03,,2026-09-09T22:43:34+09:00
2024-10-24,079550,LIG넥스원,17,4049961500,252000,2581.03,,2026-09-09T22:43:34+09:00
2024-10-24,030200,KT,18,3940856750,43800,2581.03,,2026-09-09T22:43:34+09:00
2024-10-24,001040,CJ,19,3722923500,103600,2581.03,,2026-09-09T22:43:34+09:00
2024-10-24,000080,하이트진로,20,3598626100,21200,2581.03,,2026-09-09T22:43:34+09:00
2024-10-25,105560,KB금융,1,62707331000,101000,2583.27,,2026-09-09T22:43:38+09:00
2024-10-25,000660,SK하이닉스,2,30763827300,201000,2583.27,,2026-09-09T22:43:38+09:00
2024-10-25,009540,HD한국조선해양,3,28935176500,199900,2583.27,,2026-09-09T22:43:38+09:00
2024-10-25,267260,HD현대일렉트릭,4,26090640000,345000,2583.27,,2026-09-09T22:43:38+09:00
2024-10-25,055550,신한지주,5,24732961800,58000,2583.27,,2026-09-09T22:43:38+09:00
2024-10-25,012330,현대모비스,6,24526561000,256500,2583.27,,2026-09-09T22:43:38+09:00
2024-10-25,316140,우리금융지주,7,22455289720,17080,2583.27,,2026-09-09T22:43:38+09:00
2024-10-25,091810,티웨이항공,8,12451747095,3325,2583.27,,2026-09-09T22:43:38+09:00
2024-10-25,010120,LS ELECTRIC,9,10499286000,149500,2583.27,,2026-09-09T22:43:38+09:00
2024-10-25,207940,삼성바이오로직스,10,10100922000,1061000,2583.27,,2026-09-09T22:43:38+09:00
2024-10-25,012450,한화에어로스페이스,11,9208737000,378000,2583.27,,2026-09-09T22:43:38+09:00
2024-10-25,030200,KT,12,8806622550,44200,2583.27,,2026-09-09T22:43:38+09:00
2024-10-25,042700,한미반도체,13,6847902000,97800,2583.27,,2026-09-09T22:43:38+09:00
2024-10-25,000810,삼성화재,14,6114122000,356500,2583.27,,2026-09-09T22:43:38+09:00
2024-10-25,005387,현대차2우B,15,5972184000,169900,2583.27,,2026-09-09T22:43:38+09:00
2024-10-25,047810,한국항공우주,16,5666459500,57200,2583.27,,2026-09-09T22:43:38+09:00
2024-10-25,036460,한국가스공사,17,4902822650,40350,2583.27,,2026-09-09T22:43:38+09:00
2024-10-25,036570,엔씨소프트,18,4606524500,213500,2583.27,,2026-09-09T22:43:38+09:00
2024-10-25,001040,CJ,19,4153753600,103300,2583.27,,2026-09-09T22:43:38+09:00
2024-10-25,005830,DB손해보험,20,4103608500,113600,2583.27,,2026-09-09T22:43:38+09:00
2024-10-28,006400,삼성SDI,1,61302491500,348500,2612.43,,2026-09-09T22:43:45+09:00
2024-10-28,034020,두산에너빌리티,2,41592190350,21400,2612.43,,2026-09-09T22:43:45+09:00
2024-10-28,003670,포스코퓨처엠,3,24459432500,243000,2612.43,,2026-09-09T22:43:45+09:00
2024-10-28,450080,에코프로머티,4,17438778600,117700,2612.43,,2026-09-09T22:43:45+09:00
2024-10-28,012330,현대모비스,5,15584586500,253000,2612.43,,2026-09-09T22:43:45+09:00
2024-10-28,051910,LG화학,6,15322337000,339000,2612.43,,2026-09-09T22:43:45+09:00
2024-10-28,373220,LG에너지솔루션,7,13150625000,416500,2612.43,,2026-09-09T22:43:45+09:00
2024-10-28,011070,LG이노텍,8,12837169900,176600,2612.43,,2026-09-09T22:43:45+09:00
2024-10-28,096770,SK이노베이션,9,12212708100,121400,2612.43,,2026-09-09T22:43:45+09:00
2024-10-28,005935,삼성전자우,10,9137847600,48800,2612.43,,2026-09-09T22:43:45+09:00
2024-10-28,005930,삼성전자,11,8924387400,58100,2612.43,,2026-09-09T22:43:45+09:00
2024-10-28,005490,POSCO홀딩스,12,7990890500,349500,2612.43,,2026-09-09T22:43:45+09:00
2024-10-28,462870,시프트업,13,5948109600,61300,2612.43,,2026-09-09T22:43:45+09:00
2024-10-28,051900,LG생활건강,14,5298867500,351500,2612.43,,2026-09-09T22:43:45+09:00
2024-10-28,009420,한올바이오파마,15,4754175050,46100,2612.43,,2026-09-09T22:43:45+09:00
2024-10-28,011200,HMM,16,4579000350,17290,2612.43,,2026-09-09T22:43:45+09:00
2024-10-28,001440,대한전선,17,4525127280,12320,2612.43,,2026-09-09T22:43:45+09:00
2024-10-28,489790,한화인더스트리얼솔루션즈,18,3925935550,44100,2612.43,,2026-09-09T22:43:45+09:00
2024-10-28,009830,한화솔루션,19,3781748750,21750,2612.43,,2026-09-09T22:43:45+09:00
2024-10-28,112610,씨에스윈드,20,3703750600,55900,2612.43,,2026-09-09T22:43:45+09:00
2024-10-29,047810,한국항공우주,1,36925544800,57800,2617.8,,2026-09-09T22:43:50+09:00
2024-10-29,489790,한화인더스트리얼솔루션즈,2,26600916100,48200,2617.8,,2026-09-09T22:43:50+09:00
2024-10-29,034020,두산에너빌리티,3,19828786150,21850,2617.8,,2026-09-09T22:43:50+09:00
2024-10-29,077970,STX엔진,4,17238954250,20100,2617.8,,2026-09-09T22:43:50+09:00
2024-10-29,042700,한미반도체,5,14550923500,92600,2617.8,,2026-09-09T22:43:50+09:00
2024-10-29,373220,LG에너지솔루션,6,13984160500,409000,2617.8,,2026-09-09T22:43:50+09:00
2024-10-29,012330,현대모비스,7,12040086500,247500,2617.8,,2026-09-09T22:43:50+09:00
2024-10-29,062040,산일전기,8,11807063150,41100,2617.8,,2026-09-09T22:43:50+09:00
2024-10-29,064350,현대로템,9,9524628700,64500,2617.8,,2026-09-09T22:43:50+09:00
2024-10-29,003490,대한항공,10,9363429350,24150,2617.8,,2026-09-09T22:43:50+09:00
2024-10-29,005930,삼성전자,11,9098278800,59600,2617.8,,2026-09-09T22:43:50+09:00
2024-10-29,012450,한화에어로스페이스,12,8874657500,381000,2617.8,,2026-09-09T22:43:50+09:00
2024-10-29,010130,고려아연,13,8287851000,1543000,2617.8,,2026-09-09T22:43:50+09:00
2024-10-29,462870,시프트업,14,6864106400,64000,2617.8,,2026-09-09T22:43:50+09:00
2024-10-29,272210,한화시스템,15,6621880600,19320,2617.8,,2026-09-09T22:43:50+09:00
2024-10-29,028260,삼성물산,16,5197141700,136200,2617.8,,2026-09-09T22:43:50+09:00
2024-10-29,034220,LG디스플레이,17,5153646570,10700,2617.8,,2026-09-09T22:43:50+09:00
2024-10-29,086790,하나금융지주,18,4989203400,65000,2617.8,,2026-09-09T22:43:50+09:00
2024-10-29,443060,HD현대마린솔루션,19,4979503300,144300,2617.8,,2026-09-09T22:43:50+09:00
2024-10-29,005870,휴니드,20,4235702180,8540,2617.8,,2026-09-09T22:43:50+09:00
2024-10-30,000660,SK하이닉스,1,119470181100,195000,2593.79,,2026-09-09T22:43:54+09:00
2024-10-30,035420,NAVER,2,32851720000,174400,2593.79,,2026-09-09T22:43:54+09:00
2024-10-30,042700,한미반도체,3,20801776900,96300,2593.79,,2026-09-09T22:43:54+09:00
2024-10-30,373220,LG에너지솔루션,4,13720764500,411500,2593.79,,2026-09-09T22:43:54+09:00
2024-10-30,035250,강원랜드,5,11881206280,17700,2593.79,,2026-09-09T22:43:54+09:00
2024-10-30,034020,두산에너빌리티,6,10209975550,21400,2593.79,,2026-09-09T22:43:54+09:00
2024-10-30,030200,KT,7,10090845300,44350,2593.79,,2026-09-09T22:43:54+09:00
2024-10-30,000100,유한양행,8,9151239300,142000,2593.79,,2026-09-09T22:43:54+09:00
2024-10-30,267260,HD현대일렉트릭,9,7998154500,343000,2593.79,,2026-09-09T22:43:54+09:00
2024-10-30,012330,현대모비스,10,7804872000,248500,2593.79,,2026-09-09T22:43:54+09:00
2024-10-30,192820,코스맥스,11,6279955400,147300,2593.79,,2026-09-09T22:43:54+09:00
2024-10-30,062040,산일전기,12,6237948700,43950,2593.79,,2026-09-09T22:43:54+09:00
2024-10-30,051910,LG화학,13,5930218500,320500,2593.79,,2026-09-09T22:43:54+09:00
2024-10-30,005940,NH투자증권,14,4288176990,13870,2593.79,,2026-09-09T22:43:54+09:00
2024-10-30,036460,한국가스공사,15,4119317300,39400,2593.79,,2026-09-09T22:43:54+09:00
2024-10-30,010120,LS ELECTRIC,16,4081211300,149800,2593.79,,2026-09-09T22:43:54+09:00
2024-10-30,139480,이마트,17,3893933000,64900,2593.79,,2026-09-09T22:43:54+09:00
2024-10-30,051600,한전KPS,18,3431400500,45350,2593.79,,2026-09-09T22:43:54+09:00
2024-10-30,079550,LIG넥스원,19,3020976000,251000,2593.79,,2026-09-09T22:43:54+09:00
2024-10-30,032830,삼성생명,20,3010058700,101800,2593.79,,2026-09-09T22:43:54+09:00
2024-10-31,000100,유한양행,1,15299699300,138700,2556.15,,2026-09-09T22:43:58+09:00
2024-10-31,443060,HD현대마린솔루션,2,10687896900,137300,2556.15,,2026-09-09T22:43:58+09:00
2024-10-31,015760,한국전력,3,8411889100,23100,2556.15,,2026-09-09T22:43:58+09:00
2024-10-31,012330,현대모비스,4,8358732000,249500,2556.15,,2026-09-09T22:43:58+09:00
2024-10-31,001570,금양,5,6789580200,41500,2556.15,,2026-09-09T22:43:58+09:00
2024-10-31,008930,한미사이언스,6,5999794400,47750,2556.15,,2026-09-09T22:43:58+09:00
2024-10-31,011790,SKC,7,5964541000,151700,2556.15,,2026-09-09T22:43:58+09:00
2024-10-31,026960,동서,8,4084096500,26650,2556.15,,2026-09-09T22:43:58+09:00
2024-10-31,161890,한국콜마,9,3658841000,70900,2556.15,,2026-09-09T22:43:58+09:00
2024-10-31,036460,한국가스공사,10,3474295200,39200,2556.15,,2026-09-09T22:43:58+09:00
2024-10-31,009420,한올바이오파마,11,3197253950,44200,2556.15,,2026-09-09T22:43:58+09:00
2024-10-31,000990,DB하이텍,12,3004956800,39000,2556.15,,2026-09-09T22:43:58+09:00
2024-10-31,267250,HD현대,13,2786413900,79800,2556.15,,2026-09-09T22:43:58+09:00
2024-10-31,004370,농심,14,2768446500,374500,2556.15,,2026-09-09T22:43:58+09:00
2024-10-31,373220,LG에너지솔루션,15,2630183000,407500,2556.15,,2026-09-09T22:43:58+09:00
2024-10-31,353200,대덕전자,16,2405473680,17230,2556.15,,2026-09-09T22:43:58+09:00
2024-10-31,192080,더블유게임즈,17,2298408800,53200,2556.15,,2026-09-09T22:43:58+09:00
2024-10-31,079550,LIG넥스원,18,2294210000,248000,2556.15,,2026-09-09T22:43:58+09:00
2024-10-31,014680,한솔케미칼,19,2246810100,126500,2556.15,,2026-09-09T22:43:58+09:00
2024-10-31,018880,한온시스템,20,2161534280,3970,2556.15,,2026-09-09T22:43:58+09:00
2024-11-01,012450,한화에어로스페이스,1,42224738000,378500,2542.36,,2026-09-09T22:44:03+09:00
2024-11-01,373220,LG에너지솔루션,2,24212167500,412500,2542.36,,2026-09-09T22:44:03+09:00
2024-11-01,055550,신한지주,3,15546023700,54000,2542.36,,2026-09-09T22:44:03+09:00
2024-11-01,012330,현대모비스,4,15296495000,248500,2542.36,,2026-09-09T22:44:03+09:00
2024-11-01,000100,유한양행,5,13262338900,134800,2542.36,,2026-09-09T22:44:03+09:00
2024-11-01,006400,삼성SDI,6,11542563000,331500,2542.36,,2026-09-09T22:44:03+09:00
2024-11-01,051910,LG화학,7,11455519000,318000,2542.36,,2026-09-09T22:44:03+09:00
2024-11-01,096770,SK이노베이션,8,11236922200,121800,2542.36,,2026-09-09T22:44:03+09:00
2024-11-01,000660,SK하이닉스,9,10840370900,182200,2542.36,,2026-09-09T22:44:03+09:00
2024-11-01,042700,한미반도체,10,10087720600,92800,2542.36,,2026-09-09T22:44:03+09:00
2024-11-01,003670,포스코퓨처엠,11,9100652500,228000,2542.36,,2026-09-09T22:44:03+09:00
2024-11-01,030200,KT,12,8947933250,44300,2542.36,,2026-09-09T22:44:03+09:00
2024-11-01,032830,삼성생명,13,8547085100,103800,2542.36,,2026-09-09T22:44:03+09:00
2024-11-01,028260,삼성물산,14,8051657600,119400,2542.36,,2026-09-09T22:44:03+09:00
2024-11-01,064350,현대로템,15,8038397500,61500,2542.36,,2026-09-09T22:44:03+09:00
2024-11-01,298040,효성중공업,16,6638381500,417500,2542.36,,2026-09-09T22:44:03+09:00
2024-11-01,003490,대한항공,17,6634448750,23600,2542.36,,2026-09-09T22:44:03+09:00
2024-11-01,047810,한국항공우주,18,5952760300,57600,2542.36,,2026-09-09T22:44:03+09:00
2024-11-01,005387,현대차2우B,19,5760808800,163600,2542.36,,2026-09-09T22:44:03+09:00
2024-11-01,015760,한국전력,20,5705892600,23050,2542.36,,2026-09-09T22:44:03+09:00
2024-11-04,000660,SK하이닉스,1,84386571300,194000,2588.97,,2026-09-09T22:44:15+09:00
2024-11-04,035420,NAVER,2,50673216100,175700,2588.97,,2026-09-09T22:44:15+09:00
2024-11-04,003230,삼양식품,3,22662336000,589000,2588.97,,2026-09-09T22:44:15+09:00
2024-11-04,003670,포스코퓨처엠,4,15966178500,241000,2588.97,,2026-09-09T22:44:15+09:00
2024-11-04,090430,아모레퍼시픽,5,14802272800,125600,2588.97,,2026-09-09T22:44:15+09:00
2024-11-04,267260,HD현대일렉트릭,6,14306453500,335500,2588.97,,2026-09-09T22:44:15+09:00
2024-11-04,450080,에코프로머티,7,12803144200,123000,2588.97,,2026-09-09T22:44:15+09:00
2024-11-04,000100,유한양행,8,12728343800,140800,2588.97,,2026-09-09T22:44:15+09:00
2024-11-04,010130,고려아연,9,12129797000,1085000,2588.97,,2026-09-09T22:44:15+09:00
2024-11-04,064350,현대로템,10,12020193300,61500,2588.97,,2026-09-09T22:44:15+09:00
2024-11-04,011200,HMM,11,11259730040,17860,2588.97,,2026-09-09T22:44:15+09:00
2024-11-04,352820,하이브,12,10205528400,197300,2588.97,,2026-09-09T22:44:15+09:00
2024-11-04,015760,한국전력,13,9304495250,23100,2588.97,,2026-09-09T22:44:15+09:00
2024-11-04,047050,포스코인터내셔널,14,9038791300,53900,2588.97,,2026-09-09T22:44:15+09:00
2024-11-04,010120,LS ELECTRIC,15,8849758500,149400,2588.97,,2026-09-09T22:44:15+09:00
2024-11-04,298040,효성중공업,16,8773710500,443500,2588.97,,2026-09-09T22:44:15+09:00
2024-11-04,030200,KT,17,8665286400,44100,2588.97,,2026-09-09T22:44:15+09:00
2024-11-04,042700,한미반도체,18,7810569200,95600,2588.97,,2026-09-09T22:44:15+09:00
2024-11-04,017670,SK텔레콤,19,7708399400,56900,2588.97,,2026-09-09T22:44:15+09:00
2024-11-04,068270,셀트리온,20,7479484200,187400,2588.97,,2026-09-09T22:44:15+09:00
2024-11-05,000660,SK하이닉스,1,46702982700,193200,2576.88,,2026-09-09T22:44:19+09:00
2024-11-05,010130,고려아연,2,21286543000,1257000,2576.88,,2026-09-09T22:44:19+09:00
2024-11-05,051910,LG화학,3,19505419500,322000,2576.88,,2026-09-09T22:44:19+09:00
2024-11-05,035420,NAVER,4,11343139000,176500,2576.88,,2026-09-09T22:44:19+09:00
2024-11-05,007660,이수페타시스,5,10714005500,31850,2576.88,,2026-09-09T22:44:19+09:00
2024-11-05,064350,현대로템,6,9823141800,61000,2576.88,,2026-09-09T22:44:19+09:00
2024-11-05,028260,삼성물산,7,9389533000,122400,2576.88,,2026-09-09T22:44:19+09:00
2024-11-05,066970,엘앤에프,8,8447342300,115500,2576.88,,2026-09-09T22:44:19+09:00
2024-11-05,267260,HD현대일렉트릭,9,7930227500,337500,2576.88,,2026-09-09T22:44:19+09:00
2024-11-05,017860,DS단석,10,7302140200,117200,2576.88,,2026-09-09T22:44:19+09:00
2024-11-05,035720,카카오,11,6957061050,37750,2576.88,,2026-09-09T22:44:19+09:00
2024-11-05,032830,삼성생명,12,6463915500,104300,2576.88,,2026-09-09T22:44:19+09:00
2024-11-05,012330,현대모비스,13,6127969500,245500,2576.88,,2026-09-09T22:44:19+09:00
2024-11-05,015760,한국전력,14,5697417350,23050,2576.88,,2026-09-09T22:44:19+09:00
2024-11-05,105560,KB금융,15,5692448700,91000,2576.88,,2026-09-09T22:44:19+09:00
2024-11-05,001570,금양,16,5579466900,45000,2576.88,,2026-09-09T22:44:19+09:00
2024-11-05,128940,한미약품,17,5226869000,336500,2576.88,,2026-09-09T22:44:19+09:00
2024-11-05,272210,한화시스템,18,5175608510,18170,2576.88,,2026-09-09T22:44:19+09:00
2024-11-05,012450,한화에어로스페이스,19,4862689000,362000,2576.88,,2026-09-09T22:44:19+09:00
2024-11-05,192820,코스맥스,20,4555584800,157200,2576.88,,2026-09-09T22:44:19+09:00
2024-11-06,000660,SK하이닉스,1,109089097600,195800,2563.51,,2026-09-09T22:44:24+09:00
2024-11-06,012450,한화에어로스페이스,2,81833383000,387500,2563.51,,2026-09-09T22:44:24+09:00
2024-11-06,272210,한화시스템,3,30494737420,19310,2563.51,,2026-09-09T22:44:24+09:00
2024-11-06,079550,LIG넥스원,4,19946931000,259500,2563.51,,2026-09-09T22:44:24+09:00
2024-11-06,062040,산일전기,5,15013354250,54300,2563.51,,2026-09-09T22:44:24+09:00
2024-11-06,035420,NAVER,6,12945250000,176300,2563.51,,2026-09-09T22:44:24+09:00
2024-11-06,271560,오리온,7,12724433100,101200,2563.51,,2026-09-09T22:44:24+09:00
2024-11-06,086280,현대글로비스,8,12530577400,117100,2563.51,,2026-09-09T22:44:24+09:00
2024-11-06,298040,효성중공업,9,10979011500,468000,2563.51,,2026-09-09T22:44:24+09:00
2024-11-06,007660,이수페타시스,10,10590041400,30950,2563.51,,2026-09-09T22:44:24+09:00
2024-11-06,010140,삼성중공업,11,8822308900,9920,2563.51,,2026-09-09T22:44:24+09:00
2024-11-06,055550,신한지주,12,8817380600,56000,2563.51,,2026-09-09T22:44:24+09:00
2024-11-06,259960,크래프톤,13,8447314000,347500,2563.51,,2026-09-09T22:44:24+09:00
2024-11-06,000100,유한양행,14,8298830600,135600,2563.51,,2026-09-09T22:44:24+09:00
2024-11-06,010620,HD현대미포,15,7906213200,110000,2563.51,,2026-09-09T22:44:24+09:00
2024-11-06,329180,HD현대중공업,16,7829885200,181100,2563.51,,2026-09-09T22:44:24+09:00
2024-11-06,012330,현대모비스,17,6636351000,242500,2563.51,,2026-09-09T22:44:24+09:00
2024-11-06,015760,한국전력,18,6222063500,23000,2563.51,,2026-09-09T22:44:24+09:00
2024-11-06,017670,SK텔레콤,19,6159792500,57500,2563.51,,2026-09-09T22:44:24+09:00
2024-11-06,024110,기업은행,20,5993908490,14720,2563.51,,2026-09-09T22:44:24+09:00
2024-11-07,000660,SK하이닉스,1,77876168100,197400,2564.63,,2026-09-09T22:44:30+09:00
2024-11-07,010140,삼성중공업,2,71950535500,10830,2564.63,,2026-09-09T22:44:30+09:00
2024-11-07,012450,한화에어로스페이스,3,43046502000,405000,2564.63,,2026-09-09T22:44:30+09:00
2024-11-07,329180,HD현대중공업,4,35947796800,208500,2564.63,,2026-09-09T22:44:30+09:00
2024-11-07,042660,한화오션,5,24507697450,33850,2564.63,,2026-09-09T22:44:30+09:00
2024-11-07,272210,한화시스템,6,21872075720,21200,2564.63,,2026-09-09T22:44:30+09:00
2024-11-07,005490,POSCO홀딩스,7,19010265000,328000,2564.63,,2026-09-09T22:44:30+09:00
2024-11-07,035420,NAVER,8,17907553100,179700,2564.63,,2026-09-09T22:44:30+09:00
2024-11-07,051910,LG화학,9,16281715000,304000,2564.63,,2026-09-09T22:44:30+09:00
2024-11-07,055550,신한지주,10,12559990400,57000,2564.63,,2026-09-09T22:44:30+09:00
2024-11-07,012330,현대모비스,11,11703863500,239500,2564.63,,2026-09-09T22:44:30+09:00
2024-11-07,000100,유한양행,12,9763895700,131300,2564.63,,2026-09-09T22:44:30+09:00
2024-11-07,443060,HD현대마린솔루션,13,9340537200,150700,2564.63,,2026-09-09T22:44:30+09:00
2024-11-07,267260,HD현대일렉트릭,14,8395706000,347000,2564.63,,2026-09-09T22:44:30+09:00
2024-11-07,112610,씨에스윈드,15,7501674300,52900,2564.63,,2026-09-09T22:44:30+09:00
2024-11-07,000270,기아,16,7147998200,94000,2564.63,,2026-09-09T22:44:30+09:00
2024-11-07,010620,HD현대미포,17,7055581100,115600,2564.63,,2026-09-09T22:44:30+09:00
2024-11-07,086280,현대글로비스,18,6421977700,116400,2564.63,,2026-09-09T22:44:30+09:00
2024-11-07,047050,포스코인터내셔널,19,6099246800,52800,2564.63,,2026-09-09T22:44:30+09:00
2024-11-07,005380,현대차,20,5815324000,207500,2564.63,,2026-09-09T22:44:30+09:00
2024-11-08,000660,SK하이닉스,1,143864292300,200500,2561.15,,2026-09-09T22:44:35+09:00
2024-11-08,272210,한화시스템,2,45930845950,23200,2561.15,,2026-09-09T22:44:35+09:00
2024-11-08,010140,삼성중공업,3,33427801610,11010,2561.15,,2026-09-09T22:44:35+09:00
2024-11-08,066970,엘앤에프,4,29523584200,114300,2561.15,,2026-09-09T22:44:35+09:00
2024-11-08,489790,한화인더스트리얼솔루션즈,5,21866366050,45450,2561.15,,2026-09-09T22:44:35+09:00
2024-11-08,267260,HD현대일렉트릭,6,20639520500,363500,2561.15,,2026-09-09T22:44:35+09:00
2024-11-08,373220,LG에너지솔루션,7,19351548000,398500,2561.15,,2026-09-09T22:44:35+09:00
2024-11-08,033780,KT&G,8,18124652700,119500,2561.15,,2026-09-09T22:44:35+09:00
2024-11-08,064350,현대로템,9,17111276000,63100,2561.15,,2026-09-09T22:44:35+09:00
2024-11-08,450080,에코프로머티,10,15650137100,114100,2561.15,,2026-09-09T22:44:35+09:00
2024-11-08,443060,HD현대마린솔루션,11,14815516800,150500,2561.15,,2026-09-09T22:44:35+09:00
2024-11-08,042700,한미반도체,12,14371773900,94200,2561.15,,2026-09-09T22:44:35+09:00
2024-11-08,000100,유한양행,13,14275946700,132500,2561.15,,2026-09-09T22:44:35+09:00
2024-11-08,207940,삼성바이오로직스,14,11358006000,1004000,2561.15,,2026-09-09T22:44:35+09:00
2024-11-08,042660,한화오션,15,10396284050,36200,2561.15,,2026-09-09T22:44:35+09:00
2024-11-08,005935,삼성전자우,16,9186902450,47200,2561.15,,2026-09-09T22:44:35+09:00
2024-11-08,012330,현대모비스,17,7871124000,244500,2561.15,,2026-09-09T22:44:35+09:00
2024-11-08,017860,DS단석,18,7710240200,128300,2561.15,,2026-09-09T22:44:35+09:00
2024-11-08,047810,한국항공우주,19,6824208400,63000,2561.15,,2026-09-09T22:44:35+09:00
2024-11-08,329180,HD현대중공업,20,6593070500,209500,2561.15,,2026-09-09T22:44:35+09:00
2024-11-11,259960,크래프톤,1,58333271840,317500,2531.66,,2026-09-09T22:44:43+09:00
2024-11-11,030200,KT,2,51919997050,44400,2531.66,,2026-09-09T22:44:43+09:00
2024-11-11,010140,삼성중공업,3,40992617370,11820,2531.66,,2026-09-09T22:44:43+09:00
2024-11-11,005490,POSCO홀딩스,4,23398358500,311500,2531.66,,2026-09-09T22:44:43+09:00
2024-11-11,267260,HD현대일렉트릭,5,22559859000,390000,2531.66,,2026-09-09T22:44:43+09:00
2024-11-11,064350,현대로템,6,18870528000,64100,2531.66,,2026-09-09T22:44:43+09:00
2024-11-11,035420,NAVER,7,14707356500,176000,2531.66,,2026-09-09T22:44:43+09:00
2024-11-11,012330,현대모비스,8,12057744000,254500,2531.66,,2026-09-09T22:44:43+09:00
2024-11-11,005380,현대차,9,11509254000,211000,2531.66,,2026-09-09T22:44:43+09:00
2024-11-11,007660,이수페타시스,10,11403475850,24550,2531.66,,2026-09-09T22:44:43+09:00
2024-11-11,011790,SKC,11,9971988500,121600,2531.66,,2026-09-09T22:44:43+09:00
2024-11-11,086790,하나금융지주,12,8823884900,61800,2531.66,,2026-09-09T22:44:43+09:00
2024-11-11,112610,씨에스윈드,13,7255643000,45800,2531.66,,2026-09-09T22:44:43+09:00
2024-11-11,012450,한화에어로스페이스,14,7249171000,416000,2531.66,,2026-09-09T22:44:43+09:00
2024-11-11,003230,삼양식품,15,7117204000,562000,2531.66,,2026-09-09T22:44:43+09:00
2024-11-11,005830,DB손해보험,16,6749407600,108700,2531.66,,2026-09-09T22:44:43+09:00
2024-11-11,051900,LG생활건강,17,5528089000,347000,2531.66,,2026-09-09T22:44:43+09:00
2024-11-11,005070,코스모신소재,18,4926693800,80500,2531.66,,2026-09-09T22:44:43+09:00
2024-11-11,298040,효성중공업,19,4881947500,493000,2531.66,,2026-09-09T22:44:43+09:00
2024-11-11,082740,한화엔진,20,4742290470,16390,2531.66,,2026-09-09T22:44:43+09:00
2024-11-12,035420,NAVER,1,96969088900,181400,2482.57,,2026-09-09T22:44:49+09:00
2024-11-12,042700,한미반도체,2,33745001100,84700,2482.57,,2026-09-09T22:44:49+09:00
2024-11-12,000660,SK하이닉스,3,28051404000,185800,2482.57,,2026-09-09T22:44:49+09:00
2024-11-12,272210,한화시스템,4,20214595350,27100,2482.57,,2026-09-09T22:44:49+09:00
2024-11-12,450080,에코프로머티,5,17344532000,115700,2482.57,,2026-09-09T22:44:49+09:00
2024-11-12,298040,효성중공업,6,12472849000,500000,2482.57,,2026-09-09T22:44:49+09:00
2024-11-12,011790,SKC,7,12014126000,117400,2482.57,,2026-09-09T22:44:49+09:00
2024-11-12,047810,한국항공우주,8,11012153000,67500,2482.57,,2026-09-09T22:44:49+09:00
2024-11-12,051910,LG화학,9,8956105000,305500,2482.57,,2026-09-09T22:44:49+09:00
2024-11-12,004020,현대제철,10,8832127850,21950,2482.57,,2026-09-09T22:44:49+09:00
2024-11-12,373220,LG에너지솔루션,11,8410352000,427000,2482.57,,2026-09-09T22:44:49+09:00
2024-11-12,003670,포스코퓨처엠,12,7983157500,207000,2482.57,,2026-09-09T22:44:49+09:00
2024-11-12,009150,삼성전기,13,7405936900,111000,2482.57,,2026-09-09T22:44:49+09:00
2024-11-12,103590,일진전기,14,7015740900,27250,2482.57,,2026-09-09T22:44:49+09:00
2024-11-12,011070,LG이노텍,15,6885524800,166700,2482.57,,2026-09-09T22:44:49+09:00
2024-11-12,112610,씨에스윈드,16,6547527250,43950,2482.57,,2026-09-09T22:44:49+09:00
2024-11-12,010140,삼성중공업,17,6486584540,11580,2482.57,,2026-09-09T22:44:49+09:00
2024-11-12,005070,코스모신소재,18,5943505000,78000,2482.57,,2026-09-09T22:44:49+09:00
2024-11-12,005490,POSCO홀딩스,19,5767077500,305000,2482.57,,2026-09-09T22:44:49+09:00
2024-11-12,316140,우리금융지주,20,5716430150,16110,2482.57,,2026-09-09T22:44:49+09:00
2024-11-13,042660,한화오션,1,53219694550,33800,2417.08,,2026-09-09T22:44:54+09:00
2024-11-13,035420,NAVER,2,45974699600,182200,2417.08,,2026-09-09T22:44:54+09:00
2024-11-13,000100,유한양행,3,34404214700,123800,2417.08,,2026-09-09T22:44:54+09:00
2024-11-13,064350,현대로템,4,20292358600,62200,2417.08,,2026-09-09T22:44:54+09:00
2024-11-13,042700,한미반도체,5,14093706000,82100,2417.08,,2026-09-09T22:44:54+09:00
2024-11-13,272210,한화시스템,6,12982831900,26900,2417.08,,2026-09-09T22:44:54+09:00
2024-11-13,010130,고려아연,7,12838182000,981000,2417.08,,2026-09-09T22:44:54+09:00
2024-11-13,011790,SKC,8,11592809400,110700,2417.08,,2026-09-09T22:44:54+09:00
2024-11-13,326030,SK바이오팜,9,10000234000,104100,2417.08,,2026-09-09T22:44:54+09:00
2024-11-13,010140,삼성중공업,10,9870983070,11230,2417.08,,2026-09-09T22:44:54+09:00
2024-11-13,207940,삼성바이오로직스,11,8369615000,950000,2417.08,,2026-09-09T22:44:54+09:00
2024-11-13,062040,산일전기,12,8357816100,59100,2417.08,,2026-09-09T22:44:54+09:00
2024-11-13,329180,HD현대중공업,13,7839397100,198800,2417.08,,2026-09-09T22:44:54+09:00
2024-11-13,036460,한국가스공사,14,7779264700,40400,2417.08,,2026-09-09T22:44:54+09:00
2024-11-13,003670,포스코퓨처엠,15,7701016400,197200,2417.08,,2026-09-09T22:44:54+09:00
2024-11-13,011070,LG이노텍,16,7429494800,165900,2417.08,,2026-09-09T22:44:54+09:00
2024-11-13,047810,한국항공우주,17,6731322500,66200,2417.08,,2026-09-09T22:44:54+09:00
2024-11-13,103590,일진전기,18,6446733250,24550,2417.08,,2026-09-09T22:44:54+09:00
2024-11-13,443060,HD현대마린솔루션,19,6183617000,142700,2417.08,,2026-09-09T22:44:54+09:00
2024-11-13,271560,오리온,20,5748820500,97800,2417.08,,2026-09-09T22:44:54+09:00
2024-11-14,035420,NAVER,1,152353962500,188500,2418.86,,2026-09-09T22:44:59+09:00
2024-11-14,034020,두산에너빌리티,2,72307739400,22450,2418.86,,2026-09-09T22:44:59+09:00
2024-11-14,005935,삼성전자우,3,43054295650,42950,2418.86,,2026-09-09T22:44:59+09:00
2024-11-14,008930,한미사이언스,4,32648539950,32500,2418.86,,2026-09-09T22:44:59+09:00
2024-11-14,015760,한국전력,5,25815381700,23100,2418.86,,2026-09-09T22:44:59+09:00
2024-11-14,000270,기아,6,25518741800,92500,2418.86,,2026-09-09T22:44:59+09:00
2024-11-14,267260,HD현대일렉트릭,7,20032107000,379000,2418.86,,2026-09-09T22:44:59+09:00
2024-11-14,064350,현대로템,8,18491652900,64000,2418.86,,2026-09-09T22:44:59+09:00
2024-11-14,011200,HMM,9,18210666990,17620,2418.86,,2026-09-09T22:44:59+09:00
2024-11-14,012330,현대모비스,10,15988753000,255500,2418.86,,2026-09-09T22:44:59+09:00
2024-11-14,010140,삼성중공업,11,14237718970,11720,2418.86,,2026-09-09T22:44:59+09:00
2024-11-14,010130,고려아연,12,13649558000,1025000,2418.86,,2026-09-09T22:44:59+09:00
2024-11-14,042660,한화오션,13,11884626350,39200,2418.86,,2026-09-09T22:44:59+09:00
2024-11-14,009540,HD한국조선해양,14,11472274300,192900,2418.86,,2026-09-09T22:44:59+09:00
2024-11-14,259960,크래프톤,15,11407035500,293500,2418.86,,2026-09-09T22:44:59+09:00
2024-11-14,007660,이수페타시스,16,9920646050,23550,2418.86,,2026-09-09T22:44:59+09:00
2024-11-14,000100,유한양행,17,7723985800,122400,2418.86,,2026-09-09T22:44:59+09:00
2024-11-14,003490,대한항공,18,7464946800,23700,2418.86,,2026-09-09T22:44:59+09:00
2024-11-14,086280,현대글로비스,19,7435662200,112100,2418.86,,2026-09-09T22:44:59+09:00
2024-11-14,012450,한화에어로스페이스,20,7331114500,403500,2418.86,,2026-09-09T22:44:59+09:00
2024-11-15,005930,삼성전자,1,127900042100,53500,2416.86,,2026-09-09T22:45:05+09:00
2024-11-15,035420,NAVER,2,67647055200,190000,2416.86,,2026-09-09T22:45:05+09:00
2024-11-15,005935,삼성전자우,3,25551071450,45900,2416.86,,2026-09-09T22:45:05+09:00
2024-11-15,003670,포스코퓨처엠,4,24292926900,167600,2416.86,,2026-09-09T22:45:05+09:00
2024-11-15,010140,삼성중공업,5,19202308160,11890,2416.86,,2026-09-09T22:45:05+09:00
2024-11-15,000120,CJ대한통운,6,17249513130,77900,2416.86,,2026-09-09T22:45:05+09:00
2024-11-15,011200,HMM,7,16721931160,18240,2416.86,,2026-09-09T22:45:05+09:00
2024-11-15,007660,이수페타시스,8,14992573800,22400,2416.86,,2026-09-09T22:45:05+09:00
2024-11-15,017860,DS단석,9,11160768700,139800,2416.86,,2026-09-09T22:45:05+09:00
2024-11-15,005380,현대차,10,8623273400,206000,2416.86,,2026-09-09T22:45:05+09:00
2024-11-15,316140,우리금융지주,11,7901037490,15890,2416.86,,2026-09-09T22:45:05+09:00
2024-11-15,005070,코스모신소재,12,7088997100,67500,2416.86,,2026-09-09T22:45:05+09:00
2024-11-15,064350,현대로템,13,5943134100,64800,2416.86,,2026-09-09T22:45:05+09:00
2024-11-15,100090,SK오션플랜트,14,4933667270,11760,2416.86,,2026-09-09T22:45:05+09:00
2024-11-15,352820,하이브,15,4536723600,205000,2416.86,,2026-09-09T22:45:05+09:00
2024-11-15,001570,금양,16,4154260850,31100,2416.86,,2026-09-09T22:45:05+09:00
2024-11-15,051910,LG화학,17,3940117500,278000,2416.86,,2026-09-09T22:45:05+09:00
2024-11-15,047050,포스코인터내셔널,18,3690132200,45500,2416.86,,2026-09-09T22:45:05+09:00
2024-11-15,000080,하이트진로,19,3599337600,20650,2416.86,,2026-09-09T22:45:05+09:00
2024-11-15,011790,SKC,20,3478688000,103100,2416.86,,2026-09-09T22:45:05+09:00
2024-11-18,000270,기아,1,33385051800,96700,2469.07,,2026-09-09T22:45:16+09:00
2024-11-18,035420,NAVER,2,28271110300,190800,2469.07,,2026-09-09T22:45:16+09:00
2024-11-18,005490,POSCO홀딩스,3,27315586000,290000,2469.07,,2026-09-09T22:45:16+09:00
2024-11-18,015760,한국전력,4,25980330650,23600,2469.07,,2026-09-09T22:45:16+09:00
2024-11-18,005380,현대차,5,19889563500,217000,2469.07,,2026-09-09T22:45:16+09:00
2024-11-18,000990,DB하이텍,6,19321304400,31950,2469.07,,2026-09-09T22:45:16+09:00
2024-11-18,373220,LG에너지솔루션,7,16879827000,383500,2469.07,,2026-09-09T22:45:16+09:00
2024-11-18,006400,삼성SDI,8,16774873500,262500,2469.07,,2026-09-09T22:45:16+09:00
2024-11-18,316140,우리금융지주,9,14971494910,16190,2469.07,,2026-09-09T22:45:16+09:00
2024-11-18,000810,삼성화재,10,14849340000,369000,2469.07,,2026-09-09T22:45:16+09:00
2024-11-18,003670,포스코퓨처엠,11,14796008500,172400,2469.07,,2026-09-09T22:45:16+09:00
2024-11-18,064350,현대로템,12,14790130400,63900,2469.07,,2026-09-09T22:45:16+09:00
2024-11-18,352820,하이브,13,10574087000,211500,2469.07,,2026-09-09T22:45:16+09:00
2024-11-18,009540,HD한국조선해양,14,9396183700,194400,2469.07,,2026-09-09T22:45:16+09:00
2024-11-18,105560,KB금융,15,9143645400,91500,2469.07,,2026-09-09T22:45:16+09:00
2024-11-18,036460,한국가스공사,16,8061765600,42100,2469.07,,2026-09-09T22:45:16+09:00
2024-11-18,034730,SK,17,7077257900,138600,2469.07,,2026-09-09T22:45:16+09:00
2024-11-18,018260,삼성에스디에스,18,6869967500,148300,2469.07,,2026-09-09T22:45:16+09:00
2024-11-18,051910,LG화학,19,6420838000,289500,2469.07,,2026-09-09T22:45:16+09:00
2024-11-18,032830,삼성생명,20,5103799900,108800,2469.07,,2026-09-09T22:45:16+09:00
2024-11-19,035420,NAVER,1,35339220100,193000,2471.95,,2026-09-09T22:45:36+09:00
2024-11-19,064350,현대로템,2,31778988200,66400,2471.95,,2026-09-09T22:45:36+09:00
2024-11-19,009540,HD한국조선해양,3,26348533900,199200,2471.95,,2026-09-09T22:45:36+09:00
2024-11-19,034020,두산에너빌리티,4,26215755100,22400,2471.95,,2026-09-09T22:45:36+09:00
2024-11-19,373220,LG에너지솔루션,5,20300132000,393500,2471.95,,2026-09-09T22:45:36+09:00
2024-11-19,035720,카카오,6,14487483500,36250,2471.95,,2026-09-09T22:45:36+09:00
2024-11-19,316140,우리금융지주,7,14175633520,16390,2471.95,,2026-09-09T22:45:36+09:00
2024-11-19,010620,HD현대미포,8,13362169500,118200,2471.95,,2026-09-09T22:45:36+09:00
2024-11-19,010140,삼성중공업,9,12988660440,11750,2471.95,,2026-09-09T22:45:36+09:00
2024-11-19,036460,한국가스공사,10,11732135950,46000,2471.95,,2026-09-09T22:45:36+09:00
2024-11-19,298040,효성중공업,11,11410430000,456000,2471.95,,2026-09-09T22:45:36+09:00
2024-11-19,267260,HD현대일렉트릭,12,9198003500,369500,2471.95,,2026-09-09T22:45:36+09:00
2024-11-19,012330,현대모비스,13,7840138500,250500,2471.95,,2026-09-09T22:45:36+09:00
2024-11-19,329180,HD현대중공업,14,7253359500,224500,2471.95,,2026-09-09T22:45:36+09:00
2024-11-19,011200,HMM,15,5997983820,18320,2471.95,,2026-09-09T22:45:36+09:00
2024-11-19,010120,LS ELECTRIC,16,5187780400,139500,2471.95,,2026-09-09T22:45:36+09:00
2024-11-19,015760,한국전력,17,4584438700,23950,2471.95,,2026-09-09T22:45:36+09:00
2024-11-19,086280,현대글로비스,18,4496790600,120500,2471.95,,2026-09-09T22:45:36+09:00
2024-11-19,103140,풍산,19,4431785500,56700,2471.95,,2026-09-09T22:45:36+09:00
2024-11-19,062040,산일전기,20,4392656800,58200,2471.95,,2026-09-09T22:45:36+09:00
2024-11-20,035420,NAVER,1,27907737900,193100,2482.29,,2026-09-09T22:45:41+09:00
2024-11-20,000270,기아,2,20224640600,98100,2482.29,,2026-09-09T22:45:41+09:00
2024-11-20,105560,KB금융,3,19160310800,95600,2482.29,,2026-09-09T22:45:41+09:00
2024-11-20,012330,현대모비스,4,15704830000,255000,2482.29,,2026-09-09T22:45:41+09:00
2024-11-20,373220,LG에너지솔루션,5,14615350000,400500,2482.29,,2026-09-09T22:45:41+09:00
2024-11-20,066570,LG전자,6,11935889500,93000,2482.29,,2026-09-09T22:45:41+09:00
2024-11-20,055550,신한지주,7,11720600700,55700,2482.29,,2026-09-09T22:45:41+09:00
2024-11-20,005490,POSCO홀딩스,8,11279899000,295000,2482.29,,2026-09-09T22:45:41+09:00
2024-11-20,032640,LG유플러스,9,11112580090,10570,2482.29,,2026-09-09T22:45:41+09:00
2024-11-20,271560,오리온,10,10580136700,103400,2482.29,,2026-09-09T22:45:41+09:00
2024-11-20,352820,하이브,11,10151919500,217500,2482.29,,2026-09-09T22:45:41+09:00
2024-11-20,489790,한화인더스트리얼솔루션즈,12,8381557900,39500,2482.29,,2026-09-09T22:45:41+09:00
2024-11-20,316140,우리금융지주,13,8196221130,16610,2482.29,,2026-09-09T22:45:41+09:00
2024-11-20,064350,현대로템,14,8034360000,67100,2482.29,,2026-09-09T22:45:41+09:00
2024-11-20,009540,HD한국조선해양,15,7016921900,204000,2482.29,,2026-09-09T22:45:41+09:00
2024-11-20,005380,현대차,16,6671368500,218500,2482.29,,2026-09-09T22:45:41+09:00
2024-11-20,062040,산일전기,17,6569362200,60200,2482.29,,2026-09-09T22:45:41+09:00
2024-11-20,039130,하나투어,18,5704393500,54900,2482.29,,2026-09-09T22:45:41+09:00
2024-11-20,017670,SK텔레콤,19,5170692700,56700,2482.29,,2026-09-09T22:45:41+09:00
2024-11-20,000810,삼성화재,20,3913036000,374000,2482.29,,2026-09-09T22:45:41+09:00
2024-11-21,035420,NAVER,1,30226402000,189700,2480.63,,2026-09-09T22:45:46+09:00
2024-11-21,272210,한화시스템,2,18808810300,25050,2480.63,,2026-09-09T22:45:46+09:00
2024-11-21,005490,POSCO홀딩스,3,13584172000,304000,2480.63,,2026-09-09T22:45:46+09:00
2024-11-21,000100,유한양행,4,12403852200,117200,2480.63,,2026-09-09T22:45:46+09:00
2024-11-21,298040,효성중공업,5,12163717000,438000,2480.63,,2026-09-09T22:45:46+09:00
2024-11-21,316140,우리금융지주,6,10747516700,16790,2480.63,,2026-09-09T22:45:46+09:00
2024-11-21,105560,KB금융,7,10088238700,97300,2480.63,,2026-09-09T22:45:46+09:00
2024-11-21,032640,LG유플러스,8,8838402220,10880,2480.63,,2026-09-09T22:45:46+09:00
2024-11-21,012330,현대모비스,9,6964787500,254000,2480.63,,2026-09-09T22:45:46+09:00
2024-11-21,267250,HD현대,10,6847283900,79600,2480.63,,2026-09-09T22:45:46+09:00
2024-11-21,352820,하이브,11,6482375500,214000,2480.63,,2026-09-09T22:45:46+09:00
2024-11-21,010620,HD현대미포,12,5843538900,122000,2480.63,,2026-09-09T22:45:46+09:00
2024-11-21,005935,삼성전자우,13,5491847700,48800,2480.63,,2026-09-09T22:45:46+09:00
2024-11-21,011200,HMM,14,5212741610,18700,2480.63,,2026-09-09T22:45:46+09:00
2024-11-21,138930,BNK금융지주,15,5010475580,9850,2480.63,,2026-09-09T22:45:46+09:00
2024-11-21,009420,한올바이오파마,16,4965472050,36300,2480.63,,2026-09-09T22:45:46+09:00
2024-11-21,012450,한화에어로스페이스,17,4275055000,356500,2480.63,,2026-09-09T22:45:46+09:00
2024-11-21,042660,한화오션,18,4163599150,35850,2480.63,,2026-09-09T22:45:46+09:00
2024-11-21,047810,한국항공우주,19,3775059400,62700,2480.63,,2026-09-09T22:45:46+09:00
2024-11-21,030200,KT,20,3631104100,44000,2480.63,,2026-09-09T22:45:46+09:00
2024-11-22,000660,SK하이닉스,1,131486041700,176700,2501.24,,2026-09-09T22:45:50+09:00
2024-11-22,034020,두산에너빌리티,2,90391941200,22100,2501.24,,2026-09-09T22:45:50+09:00
2024-11-22,012450,한화에어로스페이스,3,36941424500,379500,2501.24,,2026-09-09T22:45:50+09:00
2024-11-22,298040,효성중공업,4,30655110500,406500,2501.24,,2026-09-09T22:45:50+09:00
2024-11-22,064350,현대로템,5,25368436100,64800,2501.24,,2026-09-09T22:45:50+09:00
2024-11-22,035420,NAVER,6,23457941500,190000,2501.24,,2026-09-09T22:45:50+09:00
2024-11-22,329180,HD현대중공업,7,16424133500,237000,2501.24,,2026-09-09T22:45:50+09:00
2024-11-22,489790,한화인더스트리얼솔루션즈,8,12872511850,39200,2501.24,,2026-09-09T22:45:50+09:00
2024-11-22,450080,에코프로머티,9,7542777200,92800,2501.24,,2026-09-09T22:45:50+09:00
2024-11-22,017860,DS단석,10,7407039400,128800,2501.24,,2026-09-09T22:45:50+09:00
2024-11-22,086790,하나금융지주,11,7233488900,62500,2501.24,,2026-09-09T22:45:50+09:00
2024-11-22,042700,한미반도체,12,7208462700,83400,2501.24,,2026-09-09T22:45:50+09:00
2024-11-22,010130,고려아연,13,6317679000,946000,2501.24,,2026-09-09T22:45:50+09:00
2024-11-22,009420,한올바이오파마,14,6136124200,34600,2501.24,,2026-09-09T22:45:50+09:00
2024-11-22,272210,한화시스템,15,6132369300,25800,2501.24,,2026-09-09T22:45:50+09:00
2024-11-22,052690,한전기술,16,6054353700,71200,2501.24,,2026-09-09T22:45:50+09:00
2024-11-22,032640,LG유플러스,17,5732946290,11090,2501.24,,2026-09-09T22:45:50+09:00
2024-11-22,042660,한화오션,18,5602784950,38150,2501.24,,2026-09-09T22:45:50+09:00
2024-11-22,373220,LG에너지솔루션,19,5201504000,405000,2501.24,,2026-09-09T22:45:50+09:00
2024-11-22,003230,삼양식품,20,4815972000,532000,2501.24,,2026-09-09T22:45:50+09:00
2024-11-25,035420,NAVER,1,49673860700,193200,2534.34,,2026-09-09T22:45:59+09:00
2024-11-25,373220,LG에너지솔루션,2,38508389000,419500,2534.34,,2026-09-09T22:45:59+09:00
2024-11-25,009540,HD한국조선해양,3,30556126000,216500,2534.34,,2026-09-09T22:45:59+09:00
2024-11-25,267260,HD현대일렉트릭,4,23368226500,386500,2534.34,,2026-09-09T22:45:59+09:00
2024-11-25,064350,현대로템,5,17818615900,60000,2534.34,,2026-09-09T22:45:59+09:00
2024-11-25,272210,한화시스템,6,14718374450,26400,2534.34,,2026-09-09T22:45:59+09:00
2024-11-25,079550,LIG넥스원,7,12869698500,223000,2534.34,,2026-09-09T22:45:59+09:00
2024-11-25,010120,LS ELECTRIC,8,10400195400,150100,2534.34,,2026-09-09T22:45:59+09:00
2024-11-25,066970,엘앤에프,9,10205754900,112200,2534.34,,2026-09-09T22:45:59+09:00
2024-11-25,316140,우리금융지주,10,9226333920,16850,2534.34,,2026-09-09T22:45:59+09:00
2024-11-25,000100,유한양행,11,8939254600,118200,2534.34,,2026-09-09T22:45:59+09:00
2024-11-25,011200,HMM,12,8353691710,18880,2534.34,,2026-09-09T22:45:59+09:00
2024-11-25,012330,현대모비스,13,7794722000,246500,2534.34,,2026-09-09T22:45:59+09:00
2024-11-25,047810,한국항공우주,14,7069901400,62300,2534.34,,2026-09-09T22:45:59+09:00
2024-11-25,007110,일신석재,15,6960184882,1704,2534.34,,2026-09-09T22:45:59+09:00
2024-11-25,047050,포스코인터내셔널,16,6626826500,51700,2534.34,,2026-09-09T22:45:59+09:00
2024-11-25,298040,효성중공업,17,6012415500,394000,2534.34,,2026-09-09T22:45:59+09:00
2024-11-25,006360,GS건설,18,5950335860,19170,2534.34,,2026-09-09T22:45:59+09:00
2024-11-25,298020,효성티앤씨,19,5838360000,204000,2534.34,,2026-09-09T22:45:59+09:00
2024-11-25,001440,대한전선,20,5535573380,11940,2534.34,,2026-09-09T22:45:59+09:00
2024-11-26,000660,SK하이닉스,1,69259125400,177100,2520.36,,2026-09-09T22:46:03+09:00
2024-11-26,005930,삼성전자,2,53046859500,58300,2520.36,,2026-09-09T22:46:03+09:00
2024-11-26,035420,NAVER,3,32081390900,195600,2520.36,,2026-09-09T22:46:03+09:00
2024-11-26,015760,한국전력,4,22920484700,24400,2520.36,,2026-09-09T22:46:03+09:00
2024-11-26,017670,SK텔레콤,5,16790869400,58300,2520.36,,2026-09-09T22:46:03+09:00
2024-11-26,047810,한국항공우주,6,13129665600,59300,2520.36,,2026-09-09T22:46:03+09:00
2024-11-26,003490,대한항공,7,13019880000,25250,2520.36,,2026-09-09T22:46:03+09:00
2024-11-26,035720,카카오,8,6966250500,37000,2520.36,,2026-09-09T22:46:03+09:00
2024-11-26,010140,삼성중공업,9,6843468670,11820,2520.36,,2026-09-09T22:46:03+09:00
2024-11-26,079550,LIG넥스원,10,6699489500,203500,2520.36,,2026-09-09T22:46:03+09:00
2024-11-26,352820,하이브,11,6216664000,211000,2520.36,,2026-09-09T22:46:03+09:00
2024-11-26,012330,현대모비스,12,6004513500,249000,2520.36,,2026-09-09T22:46:03+09:00
2024-11-26,138930,BNK금융지주,13,5920271900,10080,2520.36,,2026-09-09T22:46:03+09:00
2024-11-26,032640,LG유플러스,14,5639624380,11570,2520.36,,2026-09-09T22:46:03+09:00
2024-11-26,006400,삼성SDI,15,5544670000,278500,2520.36,,2026-09-09T22:46:03+09:00
2024-11-26,005490,POSCO홀딩스,16,5072750500,302500,2520.36,,2026-09-09T22:46:03+09:00
2024-11-26,005387,현대차2우B,17,4987066700,170200,2520.36,,2026-09-09T22:46:03+09:00
2024-11-26,090460,비에이치,18,4921337740,17380,2520.36,,2026-09-09T22:46:03+09:00
2024-11-26,003670,포스코퓨처엠,19,4422435300,187000,2520.36,,2026-09-09T22:46:03+09:00
2024-11-26,051910,LG화학,20,3918260000,307000,2520.36,,2026-09-09T22:46:03+09:00
2024-11-27,035420,NAVER,1,84262182400,203000,2503.06,,2026-09-09T22:46:08+09:00
2024-11-27,071970,HD현대마린엔진,2,34031673550,21100,2503.06,,2026-09-09T22:46:08+09:00
2024-11-27,017670,SK텔레콤,3,20638315400,61000,2503.06,,2026-09-09T22:46:08+09:00
2024-11-27,012450,한화에어로스페이스,4,15905578500,322500,2503.06,,2026-09-09T22:46:08+09:00
2024-11-27,000100,유한양행,5,11905367900,116300,2503.06,,2026-09-09T22:46:08+09:00
2024-11-27,042700,한미반도체,6,10873033500,76600,2503.06,,2026-09-09T22:46:08+09:00
2024-11-27,207940,삼성바이오로직스,7,10121489000,953000,2503.06,,2026-09-09T22:46:08+09:00
2024-11-27,105560,KB금융,8,9541918300,98700,2503.06,,2026-09-09T22:46:08+09:00
2024-11-27,272210,한화시스템,9,8405145750,23400,2503.06,,2026-09-09T22:46:08+09:00
2024-11-27,035720,카카오,10,7948683900,38350,2503.06,,2026-09-09T22:46:08+09:00
2024-11-27,036570,엔씨소프트,11,7517133500,223500,2503.06,,2026-09-09T22:46:08+09:00
2024-11-27,036460,한국가스공사,12,7388367050,45450,2503.06,,2026-09-09T22:46:08+09:00
2024-11-27,329180,HD현대중공업,13,7100634500,230000,2503.06,,2026-09-09T22:46:08+09:00
2024-11-27,086280,현대글로비스,14,6797036800,126300,2503.06,,2026-09-09T22:46:08+09:00
2024-11-27,086790,하나금융지주,15,6504287000,63900,2503.06,,2026-09-09T22:46:08+09:00
2024-11-27,000720,현대건설,16,6325281350,28250,2503.06,,2026-09-09T22:46:08+09:00
2024-11-27,323410,카카오뱅크,17,6178512550,22500,2503.06,,2026-09-09T22:46:08+09:00
2024-11-27,138040,메리츠금융지주,18,5985571100,105000,2503.06,,2026-09-09T22:46:08+09:00
2024-11-27,007660,이수페타시스,19,4795876200,21600,2503.06,,2026-09-09T22:46:08+09:00
2024-11-27,034020,두산에너빌리티,20,4211677650,21100,2503.06,,2026-09-09T22:46:08+09:00
2026-08-28,009150,삼성전기,1,187248225000,1421000,6788.88,,2026-09-02T10:46:05+09:00
2026-08-28,402340,SK스퀘어,2,70599518500,1028000,6788.88,,2026-09-02T10:46:05+09:00
2026-08-28,096770,SK이노베이션,3,40961895250,116900,6788.88,,2026-09-02T10:46:05+09:00
2026-08-28,003490,대한항공,4,23392851850,28700,6788.88,,2026-09-02T10:46:05+09:00
2026-08-28,090430,아모레퍼시픽,5,19376263150,150600,6788.88,,2026-09-02T10:46:05+09:00
2026-08-28,034730,SK,6,15713852500,543000,6788.88,,2026-09-02T10:46:05+09:00
2026-08-28,353200,대덕전자,7,14985656800,107600,6788.88,,2026-09-02T10:46:05+09:00
2026-08-28,088350,한화생명,8,12728657340,5950,6788.88,,2026-09-02T10:46:05+09:00
2026-08-28,316140,우리금융지주,9,10794360050,33900,6788.88,,2026-09-02T10:46:05+09:00
2026-08-28,035720,카카오,10,9806883950,36850,6788.88,,2026-09-02T10:46:05+09:00
2026-08-28,483650,달바글로벌,11,9157577250,229000,6788.88,,2026-09-02T10:46:05+09:00
2026-08-28,000880,한화,12,8921686500,134900,6788.88,,2026-09-02T10:46:05+09:00
2026-08-28,002990,금호건설,13,8198231820,17020,6788.88,,2026-09-02T10:46:05+09:00
2026-08-28,066570,LG전자,14,7948182250,201500,6788.88,,2026-09-02T10:46:05+09:00
2026-08-28,039490,키움증권,15,7735986750,278500,6788.88,,2026-09-02T10:46:05+09:00
2026-08-28,004490,세방전지,16,7364946950,66300,6788.88,,2026-09-02T10:46:05+09:00
2026-08-28,034020,두산에너빌리티,17,6983473950,88200,6788.88,,2026-09-02T10:46:05+09:00
2026-08-28,011070,LG이노텍,18,6941920500,611000,6788.88,,2026-09-02T10:46:05+09:00
2026-08-28,489790,한화비전,19,6932068450,50200,6788.88,,2026-09-02T10:46:05+09:00
2026-08-28,267260,HD현대일렉트릭,20,6672171500,814000,6788.88,,2026-09-02T10:46:05+09:00
2026-09-01,000660,SK하이닉스,1,166822283500,1693000,6835.8,,2026-09-02T10:45:02+09:00
2026-09-01,402340,SK스퀘어,2,45581205500,1067000,6835.8,,2026-09-02T10:45:02+09:00
2026-09-01,096770,SK이노베이션,3,36582550700,135300,6835.8,,2026-09-02T10:45:02+09:00
2026-09-01,005935,삼성전자우,4,20397520150,190300,6835.8,,2026-09-02T10:45:02+09:00
2026-09-01,316140,우리금융지주,5,20377842625,34550,6835.8,,2026-09-02T10:45:02+09:00
2026-09-01,034730,SK,6,18867385000,586000,6835.8,,2026-09-02T10:45:02+09:00
2026-09-01,353200,대덕전자,7,13417716300,111500,6835.8,,2026-09-02T10:45:02+09:00
2026-09-01,003490,대한항공,8,12876508725,28750,6835.8,,2026-09-02T10:45:02+09:00
2026-09-01,003230,삼양식품,9,12550338500,1492000,6835.8,,2026-09-02T10:45:02+09:00
2026-09-01,207940,삼성바이오로직스,10,8924650000,1520000,6835.8,,2026-09-02T10:45:02+09:00
2026-09-01,006800,미래에셋증권,11,8717244800,34900,6835.8,,2026-09-02T10:45:02+09:00
2026-09-01,373220,LG에너지솔루션,12,8230705250,367000,6835.8,,2026-09-02T10:45:02+09:00
2026-09-01,000270,기아,13,7784066200,131200,6835.8,,2026-09-02T10:45:02+09:00
2026-09-01,005090,SGC에너지,14,6402159400,52000,6835.8,,2026-09-02T10:45:02+09:00
2026-09-01,017670,SK텔레콤,15,6106074200,94600,6835.8,,2026-09-02T10:45:02+09:00
2026-09-01,039490,키움증권,16,5819861000,282000,6835.8,,2026-09-02T10:45:02+09:00
2026-09-01,009420,한올바이오파마,17,5473216800,55100,6835.8,,2026-09-02T10:45:02+09:00
2026-09-01,073240,금호타이어,18,5236555020,7450,6835.8,,2026-09-02T10:45:02+09:00
2026-09-01,078930,GS,19,5205671650,124700,6835.8,,2026-09-02T10:45:02+09:00
2026-09-01,000720,현대건설,20,4441689900,120700,6835.8,,2026-09-02T10:45:02+09:00
2026-09-02,373220,LG에너지솔루션,1,19384662750,347500,6562.72,,2026-09-07T21:19:16+09:00
2026-09-02,078930,GS,2,18416834450,120000,6562.72,,2026-09-07T21:19:16+09:00
2026-09-02,128940,한미약품,3,18105735750,474000,6562.72,,2026-09-07T21:19:16+09:00
2026-09-02,042700,한미반도체,4,16772836250,213500,6562.72,,2026-09-07T21:19:16+09:00
2026-09-02,035420,NAVER,5,16048907000,209000,6562.72,,2026-09-07T21:19:16+09:00
2026-09-02,006360,GS건설,6,13945836600,32250,6562.72,,2026-09-07T21:19:16+09:00
2026-09-02,071050,한국금융지주,7,12728697500,185400,6562.72,,2026-09-07T21:19:16+09:00
2026-09-02,039490,키움증권,8,9493879250,274000,6562.72,,2026-09-07T21:19:16+09:00
2026-09-02,307950,현대오토에버,9,9388684000,385500,6562.72,,2026-09-07T21:19:16+09:00
2026-09-02,000990,DB하이텍,10,8993900800,89200,6562.72,,2026-09-07T21:19:16+09:00
2026-09-02,010060,OCI홀딩스,11,8895741500,241000,6562.72,,2026-09-07T21:19:16+09:00
2026-09-02,003230,삼양식품,12,7904496500,1475000,6562.72,,2026-09-07T21:19:16+09:00
2026-09-02,192820,코스맥스,13,7803794500,285500,6562.72,,2026-09-07T21:19:16+09:00
2026-09-02,003490,대한항공,14,7318234800,28900,6562.72,,2026-09-07T21:19:16+09:00
2026-09-02,007660,이수페타시스,15,6969537600,112000,6562.72,,2026-09-07T21:19:16+09:00
2026-09-02,483650,달바글로벌,16,6809966000,202000,6562.72,,2026-09-07T21:19:16+09:00
2026-09-02,267270,HD건설기계,17,6103103750,124700,6562.72,,2026-09-07T21:19:16+09:00
2026-09-02,047810,한국항공우주,18,6010485550,122600,6562.72,,2026-09-07T21:19:16+09:00
2026-09-02,207940,삼성바이오로직스,19,5768727500,1501000,6562.72,,2026-09-07T21:19:16+09:00
2026-09-02,000880,한화,20,5378978850,126500,6562.72,,2026-09-07T21:19:16+09:00
2026-09-03,005380,현대차,1,29975848000,383500,6579.48,100,2026-09-03T17:00:30+09:00
2026-09-03,012330,현대모비스,2,28751567000,423500,6579.48,100,2026-09-03T17:00:30+09:00
2026-09-03,010060,OCI홀딩스,3,26458608250,227500,6579.48,66,2026-09-03T17:00:30+09:00
2026-09-03,010140,삼성중공업,4,25691297255,21650,6579.48,100,2026-09-03T17:00:30+09:00
2026-09-03,000270,기아,5,25324509950,127400,6579.48,100,2026-09-03T17:00:30+09:00
2026-09-03,005930,삼성전자,6,23157154500,250000,6579.48,100,2026-09-03T17:00:30+09:00
2026-09-03,042660,한화오션,7,22769634350,86500,6579.48,100,2026-09-03T17:00:30+09:00
2026-09-03,071050,한국금융지주,8,20753858650,186600,6579.48,17,2026-09-03T17:00:30+09:00
2026-09-03,402340,SK스퀘어,9,20730621000,981000,6579.48,100,2026-09-03T17:00:30+09:00
2026-09-03,006800,미래에셋증권,10,19272864550,33200,6579.48,100,2026-09-03T17:00:30+09:00
2026-09-03,078930,GS,11,18841096550,118900,6579.48,100,2026-09-03T17:00:30+09:00
2026-09-03,003230,삼양식품,12,18642478500,1424000,6579.48,17,2026-09-03T17:00:30+09:00
2026-09-03,128940,한미약품,13,18435903750,460500,6579.48,44,2026-09-03T17:00:30+09:00
2026-09-03,161890,한국콜마,14,14363895000,150600,6579.48,29,2026-09-03T17:00:30+09:00
2026-09-03,042700,한미반도체,15,14135039000,210500,6579.48,23,2026-09-03T17:00:30+09:00
2026-09-03,032830,삼성생명,16,11819634250,303000,6579.48,100,2026-09-03T17:00:30+09:00
2026-09-03,278470,에이피알,17,11234610250,406000,6579.48,92,2026-09-03T17:00:30+09:00
2026-09-03,018260,삼성에스디에스,18,11006562750,226000,6579.48,5,2026-09-03T17:00:30+09:00
2026-09-03,016360,삼성증권,19,10922384250,86600,6579.48,,2026-09-03T17:00:30+09:00
2026-09-03,011200,HMM,20,8540594225,21350,6579.48,23,2026-09-03T17:00:30+09:00
2026-09-04,000660,SK하이닉스,1,527199857500,1647000,6687.21,,2026-09-07T21:21:34+09:00
2026-09-04,009150,삼성전기,2,198838453500,1401000,6687.21,,2026-09-07T21:21:34+09:00
2026-09-04,402340,SK스퀘어,3,136118675500,1041000,6687.21,,2026-09-07T21:21:34+09:00
2026-09-04,005935,삼성전자우,4,122532657200,191600,6687.21,,2026-09-07T21:21:34+09:00
2026-09-04,042700,한미반도체,5,80166596500,230000,6687.21,,2026-09-07T21:21:34+09:00
2026-09-04,003490,대한항공,6,44070200925,30200,6687.21,,2026-09-07T21:21:34+09:00
2026-09-04,353200,대덕전자,7,20369681150,99500,6687.21,,2026-09-07T21:21:34+09:00
2026-09-04,161890,한국콜마,8,17151091600,145800,6687.21,,2026-09-07T21:21:34+09:00
2026-09-04,035420,NAVER,9,15429223500,213500,6687.21,,2026-09-07T21:21:34+09:00
2026-09-04,010950,S-Oil,10,13425950400,157300,6687.21,,2026-09-07T21:21:34+09:00
2026-09-04,096770,SK이노베이션,11,12536185600,138300,6687.21,,2026-09-07T21:21:34+09:00
2026-09-04,003230,삼양식품,12,11978558500,1417000,6687.21,,2026-09-07T21:21:34+09:00
2026-09-04,475150,SK이터닉스,13,11955433200,52000,6687.21,,2026-09-07T21:21:34+09:00
2026-09-04,071050,한국금융지주,14,11746285950,188800,6687.21,,2026-09-07T21:21:34+09:00
2026-09-04,034730,SK,15,10080031500,573000,6687.21,,2026-09-07T21:21:34+09:00
2026-09-04,483650,달바글로벌,16,9548355050,190600,6687.21,,2026-09-07T21:21:34+09:00
2026-09-04,018260,삼성에스디에스,17,9145458500,238000,6687.21,,2026-09-07T21:21:34+09:00
2026-09-04,336260,두산퓨얼셀,18,8648351850,43850,6687.21,,2026-09-07T21:21:34+09:00
2026-09-04,011070,LG이노텍,19,8630261500,562000,6687.21,,2026-09-07T21:21:34+09:00
2026-09-04,004170,신세계,20,6541034500,382500,6687.21,,2026-09-07T21:21:34+09:00
2026-09-07,000660,SK하이닉스,1,1370547578500,1783000,6995.39,1000,2026-09-07T22:00:29+09:00
2026-09-07,005930,삼성전자,2,881739762000,270000,6995.39,1000,2026-09-07T22:00:29+09:00
2026-09-07,009150,삼성전기,3,148470895000,1454000,6995.39,400,2026-09-07T22:00:29+09:00
2026-09-07,402340,SK스퀘어,4,137953237000,1125000,6995.39,234,2026-09-07T22:00:29+09:00
2026-09-07,298040,효성중공업,5,56306410500,2965000,6995.39,50,2026-09-07T22:00:29+09:00
2026-09-07,066570,LG전자,6,55812517500,214000,6995.39,275,2026-09-07T22:00:29+09:00
2026-09-07,005935,삼성전자우,7,45308012150,199600,6995.39,115,2026-09-07T22:00:29+09:00
2026-09-07,011070,LG이노텍,8,33528750000,586000,6995.39,38,2026-09-07T22:00:29+09:00
2026-09-07,336260,두산퓨얼셀,9,24197825925,49900,6995.39,69,2026-09-07T22:00:29+09:00
2026-09-07,010120,LS ELECTRIC,10,23265257500,207000,6995.39,28,2026-09-07T22:00:29+09:00
2026-09-07,000500,가온전선,11,22323173000,234500,6995.39,23,2026-09-07T22:00:29+09:00
2026-09-07,042700,한미반도체,12,21036054000,240500,6995.39,42,2026-09-07T22:00:29+09:00
2026-09-07,353200,대덕전자,13,14352695700,103600,6995.39,14,2026-09-07T22:00:29+09:00
2026-09-07,267260,HD현대일렉트릭,14,13077981500,763000,6995.39,34,2026-09-07T22:00:29+09:00
2026-09-07,003490,대한항공,15,12870260650,30350,6995.39,315,2026-09-07T22:00:29+09:00
2026-09-07,012330,현대모비스,16,12346480000,432000,6995.39,57,2026-09-07T22:00:29+09:00
2026-09-07,035420,NAVER,17,12262315000,218000,6995.39,187,2026-09-07T22:00:29+09:00
2026-09-07,004170,신세계,18,11528948500,396500,6995.39,411,2026-09-07T22:00:29+09:00
2026-09-07,207940,삼성바이오로직스,19,11054939500,1466000,6995.39,323,2026-09-07T22:00:29+09:00
2026-09-07,028050,삼성E&A,20,8898661250,48000,6995.39,175,2026-09-07T22:00:29+09:00
2026-09-08,005930,삼성전자,1,922111604750,269500,6954.52,1000,2026-09-08T22:03:34+09:00
2026-09-08,000660,SK하이닉스,2,189864515000,1793000,6954.52,945,2026-09-08T22:03:34+09:00
2026-09-08,402340,SK스퀘어,3,110537939000,1131000,6954.52,170,2026-09-08T22:03:34+09:00
2026-09-08,042700,한미반도체,4,53702650250,244500,6954.52,30,2026-09-08T22:03:34+09:00
2026-09-08,047040,대우건설,5,32050912595,19970,6954.52,141,2026-09-08T22:03:34+09:00
2026-09-08,005935,삼성전자우,6,30171470150,198400,6954.52,81,2026-09-08T22:03:34+09:00
2026-09-08,028050,삼성E&A,7,23350943150,49150,6954.52,47,2026-09-08T22:03:34+09:00
2026-09-08,062040,산일전기,8,17877485650,201000,6954.52,8,2026-09-08T22:03:34+09:00
2026-09-08,012330,현대모비스,9,17810583750,415000,6954.52,45,2026-09-08T22:03:34+09:00
2026-09-08,003490,대한항공,10,14846578525,30100,6954.52,391,2026-09-08T22:03:34+09:00
2026-09-08,034730,SK,11,10107196500,603000,6954.52,1000,2026-09-08T22:03:34+09:00
2026-09-08,004170,신세계,12,9618862250,404500,6954.52,407,2026-09-08T22:03:34+09:00
2026-09-08,010120,LS ELECTRIC,13,8556241250,200500,6954.52,16,2026-09-08T22:03:34+09:00
2026-09-08,042660,한화오션,14,8031748000,86100,6954.52,107,2026-09-08T22:03:34+09:00
2026-09-08,066970,엘앤에프,15,7839739700,113700,6954.52,21,2026-09-08T22:03:34+09:00
2026-09-08,017670,SK텔레콤,16,7805902000,92400,6954.52,198,2026-09-08T22:03:34+09:00
2026-09-08,003230,삼양식품,17,7597997000,1291000,6954.52,37,2026-09-08T22:03:34+09:00
2026-09-08,035420,NAVER,18,7532444750,214500,6954.52,187,2026-09-08T22:03:34+09:00
2026-09-08,006260,LS,19,6970620750,302500,6954.52,188,2026-09-08T22:03:34+09:00
2026-09-08,090430,아모레퍼시픽,20,6652702650,140000,6954.52,123,2026-09-08T22:03:34+09:00
2026-09-09,009150,삼성전기,1,136567201000,1404000,7051.64,273,2026-09-09T22:00:25+09:00
2026-09-09,000660,SK하이닉스,2,85704035500,1856000,7051.64,980,2026-09-09T22:00:25+09:00
2026-09-09,096770,SK이노베이션,3,80075381700,153500,7051.64,127,2026-09-09T22:00:25+09:00
2026-09-09,010120,LS ELECTRIC,4,46230882500,211500,7051.64,25,2026-09-09T22:00:25+09:00
2026-09-09,353200,대덕전자,5,41234261250,106100,7051.64,33,2026-09-09T22:00:25+09:00
2026-09-09,003490,대한항공,6,35545196850,29800,7051.64,328,2026-09-09T22:00:25+09:00
2026-09-09,000500,가온전선,7,31099053250,265500,7051.64,120,2026-09-09T22:00:25+09:00
2026-09-09,078930,GS,8,25516358700,122100,7051.64,543,2026-09-09T22:00:25+09:00
2026-09-09,267260,HD현대일렉트릭,9,19590674500,751000,7051.64,33,2026-09-09T22:00:25+09:00
2026-09-09,034020,두산에너빌리티,10,19559232800,91700,7051.64,171,2026-09-09T22:00:25+09:00
2026-09-09,006400,삼성SDI,11,19212039500,574000,7051.64,109,2026-09-09T22:00:25+09:00
2026-09-09,009830,한화솔루션,12,17979957800,30800,7051.64,61,2026-09-09T22:00:25+09:00
2026-09-09,373220,LG에너지솔루션,13,17580087000,371000,7051.64,216,2026-09-09T22:00:25+09:00
2026-09-09,000270,기아,14,16497362700,126800,7051.64,632,2026-09-09T22:00:25+09:00
2026-09-09,082740,한화엔진,15,15369622425,49150,7051.64,64,2026-09-09T22:00:25+09:00
2026-09-09,005380,현대차,16,14346777250,388000,7051.64,,2026-09-09T22:00:25+09:00
2026-09-09,012450,한화에어로스페이스,17,14026720000,1047000,7051.64,95,2026-09-09T22:00:25+09:00
2026-09-09,012330,현대모비스,18,13688319500,417500,7051.64,158,2026-09-09T22:00:25+09:00
2026-09-09,475150,SK이터닉스,19,13614836850,53200,7051.64,10,2026-09-09T22:00:25+09:00
2026-09-09,298040,효성중공업,20,13087666000,2931000,7051.64,59,2026-09-09T22:00:25+09:00
2026-09-10,005935,삼성전자우,1,143011986450,203000,7033.92,88,2026-09-10T18:38:41+09:00
2026-09-10,402340,SK스퀘어,2,126353509500,1135000,7033.92,248,2026-09-10T18:38:41+09:00
2026-09-10,012330,현대모비스,3,70157981000,415500,7033.92,143,2026-09-10T18:38:41+09:00
2026-09-10,012450,한화에어로스페이스,4,61731566000,1067000,7033.92,102,2026-09-10T18:38:41+09:00
2026-09-10,003490,대한항공,5,61226991575,29550,7033.92,227,2026-09-10T18:38:41+09:00
2026-09-10,096770,SK이노베이션,6,52609895350,153100,7033.92,285,2026-09-10T18:38:41+09:00
2026-09-10,005380,현대차,7,48871789000,389000,7033.92,489,2026-09-10T18:38:41+09:00
2026-09-10,267260,HD현대일렉트릭,8,43206259500,746000,7033.92,116,2026-09-10T18:38:41+09:00
2026-09-10,086790,하나금융지주,9,43112817100,135300,7033.92,18,2026-09-10T18:38:41+09:00
2026-09-10,105560,KB금융,10,42699924200,173400,7033.92,600,2026-09-10T18:38:41+09:00
2026-09-10,034730,SK,11,39102857000,612000,7033.92,1000,2026-09-10T18:38:41+09:00
2026-09-10,009540,HD한국조선해양,12,37581895000,351500,7033.92,40,2026-09-10T18:38:41+09:00
2026-09-10,316140,우리금융지주,13,36999044550,34000,7033.92,61,2026-09-10T18:38:41+09:00
2026-09-10,006400,삼성SDI,14,36434079500,561000,7033.92,92,2026-09-10T18:38:41+09:00
2026-09-10,032830,삼성생명,15,36102135250,309500,7033.92,229,2026-09-10T18:38:41+09:00
2026-09-10,068270,셀트리온,16,35114278550,180800,7033.92,123,2026-09-10T18:38:41+09:00
2026-09-10,078930,GS,17,34196444350,117900,7033.92,245,2026-09-10T18:38:41+09:00
2026-09-10,006800,미래에셋증권,18,30634468650,34750,7033.92,142,2026-09-10T18:38:41+09:00
2026-09-10,079550,LIG디펜스앤에어로스페이스,19,29404714500,680000,7033.92,14,2026-09-10T18:38:41+09:00
2026-09-10,207940,삼성바이오로직스,20,29383303000,1423000,7033.92,228,2026-09-10T18:38:41+09:00
